{
  "type": "FeatureCollection",
  "features": [
    {
      "type": "Feature",
      "geometry": {
        "type": "Point",
        "coordinates": [
          29.24856174599694,
          40.2628952761148
        ]
      },
      "properties": {
        "probability": 0.7535,
        "risk_level": "High",
        "color": "#e67e22",
        "ndvi": "Düşük (Kurak/Hasarlı)",
        "slope": "%29.4 - Yüksek Eğim",
        "distance_to_road": "Yakın (<150m) - Antropojenik Risk",
        "label": "Burned Point"
      }
    },
    {
      "type": "Feature",
      "geometry": {
        "type": "Point",
        "coordinates": [
          29.25287365936072,
          40.25445111244408
        ]
      },
      "properties": {
        "probability": 0.812,
        "risk_level": "High",
        "color": "#e67e22",
        "ndvi": "Düşük (Kurak/Hasarlı)",
        "slope": "%20.6 - Yüksek Eğim",
        "distance_to_road": "Yakın (<150m) - Antropojenik Risk",
        "label": "Burned Point"
      }
    },
    {
      "type": "Feature",
      "geometry": {
        "type": "Point",
        "coordinates": [
          29.240476908439867,
          40.25921218344992
        ]
      },
      "properties": {
        "probability": 0.868,
        "risk_level": "Very High",
        "color": "#c0392b",
        "ndvi": "Düşük (Kurak/Hasarlı)",
        "slope": "%22.7 - Yüksek Eğim",
        "distance_to_road": "Yakın (<150m) - Antropojenik Risk",
        "label": "Burned Point"
      }
    },
    {
      "type": "Feature",
      "geometry": {
        "type": "Point",
        "coordinates": [
          29.24757359918441,
          40.262446118472745
        ]
      },
      "properties": {
        "probability": 0.6871,
        "risk_level": "High",
        "color": "#e67e22",
        "ndvi": "Düşük (Kurak/Hasarlı)",
        "slope": "%19.4 - Yüksek Eğim",
        "distance_to_road": "Yakın (<150m) - Antropojenik Risk",
        "label": "Burned Point"
      }
    },
    {
      "type": "Feature",
      "geometry": {
        "type": "Point",
        "coordinates": [
          29.247393936127587,
          40.25993083567721
        ]
      },
      "properties": {
        "probability": 0.5276,
        "risk_level": "Medium",
        "color": "#f1c40f",
        "ndvi": "Düşük (Kurak/Hasarlı)",
        "slope": "%26.9 - Yüksek Eğim",
        "distance_to_road": "Yakın (<150m) - Antropojenik Risk",
        "label": "Burned Point"
      }
    },
    {
      "type": "Feature",
      "geometry": {
        "type": "Point",
        "coordinates": [
          29.243800674991107,
          40.25570875384185
        ]
      },
      "properties": {
        "probability": 0.8766,
        "risk_level": "Very High",
        "color": "#c0392b",
        "ndvi": "Düşük (Kurak/Hasarlı)",
        "slope": "%24.8 - Yüksek Eğim",
        "distance_to_road": "Yakın (<150m) - Antropojenik Risk",
        "label": "Burned Point"
      }
    },
    {
      "type": "Feature",
      "geometry": {
        "type": "Point",
        "coordinates": [
          29.252334670190244,
          40.25130700894967
        ]
      },
      "properties": {
        "probability": 0.8074,
        "risk_level": "High",
        "color": "#e67e22",
        "ndvi": "Düşük (Kurak/Hasarlı)",
        "slope": "%30.5 - Yüksek Eğim",
        "distance_to_road": "Yakın (<150m) - Antropojenik Risk",
        "label": "Burned Point"
      }
    },
    {
      "type": "Feature",
      "geometry": {
        "type": "Point",
        "coordinates": [
          29.242632865121752,
          40.25921218344992
        ]
      },
      "properties": {
        "probability": 0.8811,
        "risk_level": "Very High",
        "color": "#c0392b",
        "ndvi": "Düşük (Kurak/Hasarlı)",
        "slope": "%23.3 - Yüksek Eğim",
        "distance_to_road": "Yakın (<150m) - Antropojenik Risk",
        "label": "Burned Point"
      }
    },
    {
      "type": "Feature",
      "geometry": {
        "type": "Point",
        "coordinates": [
          29.241734549837638,
          40.258403699694206
        ]
      },
      "properties": {
        "probability": 0.8409,
        "risk_level": "High",
        "color": "#e67e22",
        "ndvi": "Düşük (Kurak/Hasarlı)",
        "slope": "%24.4 - Yüksek Eğim",
        "distance_to_road": "Yakın (<150m) - Antropojenik Risk",
        "label": "Burned Point"
      }
    },
    {
      "type": "Feature",
      "geometry": {
        "type": "Point",
        "coordinates": [
          29.25287365936072,
          40.25445111244408
        ]
      },
      "properties": {
        "probability": 0.812,
        "risk_level": "High",
        "color": "#e67e22",
        "ndvi": "Düşük (Kurak/Hasarlı)",
        "slope": "%20.6 - Yüksek Eğim",
        "distance_to_road": "Yakın (<150m) - Antropojenik Risk",
        "label": "Burned Point"
      }
    },
    {
      "type": "Feature",
      "geometry": {
        "type": "Point",
        "coordinates": [
          29.253861806173248,
          40.25427144938726
        ]
      },
      "properties": {
        "probability": 0.822,
        "risk_level": "High",
        "color": "#e67e22",
        "ndvi": "Düşük (Kurak/Hasarlı)",
        "slope": "%21.1 - Yüksek Eğim",
        "distance_to_road": "Yakın (<150m) - Antropojenik Risk",
        "label": "Burned Point"
      }
    },
    {
      "type": "Feature",
      "geometry": {
        "type": "Point",
        "coordinates": [
          29.25260416477548,
          40.25481043855773
        ]
      },
      "properties": {
        "probability": 0.7213,
        "risk_level": "High",
        "color": "#e67e22",
        "ndvi": "Düşük (Kurak/Hasarlı)",
        "slope": "%18.6 - Yüksek Eğim",
        "distance_to_road": "Yakın (<150m) - Antropojenik Risk",
        "label": "Burned Point"
      }
    },
    {
      "type": "Feature",
      "geometry": {
        "type": "Point",
        "coordinates": [
          29.240117582326217,
          40.25849353122262
        ]
      },
      "properties": {
        "probability": 0.7617,
        "risk_level": "High",
        "color": "#e67e22",
        "ndvi": "Düşük (Kurak/Hasarlı)",
        "slope": "%19.6 - Yüksek Eğim",
        "distance_to_road": "Yakın (<150m) - Antropojenik Risk",
        "label": "Burned Point"
      }
    },
    {
      "type": "Feature",
      "geometry": {
        "type": "Point",
        "coordinates": [
          29.244968484860465,
          40.255349427728206
        ]
      },
      "properties": {
        "probability": 0.8292,
        "risk_level": "High",
        "color": "#e67e22",
        "ndvi": "Düşük (Kurak/Hasarlı)",
        "slope": "%23.0 - Yüksek Eğim",
        "distance_to_road": "Yakın (<150m) - Antropojenik Risk",
        "label": "Burned Point"
      }
    },
    {
      "type": "Feature",
      "geometry": {
        "type": "Point",
        "coordinates": [
          29.244968484860465,
          40.258673194279446
        ]
      },
      "properties": {
        "probability": 0.8671,
        "risk_level": "Very High",
        "color": "#c0392b",
        "ndvi": "Düşük (Kurak/Hasarlı)",
        "slope": "%18.0 - Yüksek Eğim",
        "distance_to_road": "Yakın (<150m) - Antropojenik Risk",
        "label": "Burned Point"
      }
    },
    {
      "type": "Feature",
      "geometry": {
        "type": "Point",
        "coordinates": [
          29.23787179411592,
          40.2575952159385
        ]
      },
      "properties": {
        "probability": 0.8031,
        "risk_level": "High",
        "color": "#e67e22",
        "ndvi": "Düşük (Kurak/Hasarlı)",
        "slope": "%25.1 - Yüksek Eğim",
        "distance_to_road": "Yakın (<150m) - Antropojenik Risk",
        "label": "Burned Point"
      }
    },
    {
      "type": "Feature",
      "geometry": {
        "type": "Point",
        "coordinates": [
          29.24020741385463,
          40.2575952159385
        ]
      },
      "properties": {
        "probability": 0.847,
        "risk_level": "High",
        "color": "#e67e22",
        "ndvi": "Düşük (Kurak/Hasarlı)",
        "slope": "%24.5 - Yüksek Eğim",
        "distance_to_road": "Yakın (<150m) - Antropojenik Risk",
        "label": "Burned Point"
      }
    },
    {
      "type": "Feature",
      "geometry": {
        "type": "Point",
        "coordinates": [
          29.242812528178572,
          40.25795454205215
        ]
      },
      "properties": {
        "probability": 0.8791,
        "risk_level": "Very High",
        "color": "#c0392b",
        "ndvi": "Düşük (Kurak/Hasarlı)",
        "slope": "%20.7 - Yüksek Eğim",
        "distance_to_road": "Yakın (<150m) - Antropojenik Risk",
        "label": "Burned Point"
      }
    },
    {
      "type": "Feature",
      "geometry": {
        "type": "Point",
        "coordinates": [
          29.250538039622004,
          40.25454094397249
        ]
      },
      "properties": {
        "probability": 0.601,
        "risk_level": "Medium",
        "color": "#f1c40f",
        "ndvi": "Düşük (Kurak/Hasarlı)",
        "slope": "%32.5 - Yüksek Eğim",
        "distance_to_road": "Yakın (<150m) - Antropojenik Risk",
        "label": "Burned Point"
      }
    },
    {
      "type": "Feature",
      "geometry": {
        "type": "Point",
        "coordinates": [
          29.24020741385463,
          40.25939184650674
        ]
      },
      "properties": {
        "probability": 0.8391,
        "risk_level": "High",
        "color": "#e67e22",
        "ndvi": "Düşük (Kurak/Hasarlı)",
        "slope": "%21.1 - Yüksek Eğim",
        "distance_to_road": "Yakın (<150m) - Antropojenik Risk",
        "label": "Burned Point"
      }
    },
    {
      "type": "Feature",
      "geometry": {
        "type": "Point",
        "coordinates": [
          29.23939893009892,
          40.25993083567721
        ]
      },
      "properties": {
        "probability": 0.7238,
        "risk_level": "High",
        "color": "#e67e22",
        "ndvi": "Düşük (Kurak/Hasarlı)",
        "slope": "%25.8 - Yüksek Eğim",
        "distance_to_road": "Yakın (<150m) - Antropojenik Risk",
        "label": "Burned Point"
      }
    },
    {
      "type": "Feature",
      "geometry": {
        "type": "Point",
        "coordinates": [
          29.250448208093594,
          40.25391212327361
        ]
      },
      "properties": {
        "probability": 0.794,
        "risk_level": "High",
        "color": "#e67e22",
        "ndvi": "Düşük (Kurak/Hasarlı)",
        "slope": "%22.3 - Yüksek Eğim",
        "distance_to_road": "Yakın (<150m) - Antropojenik Risk",
        "label": "Burned Point"
      }
    },
    {
      "type": "Feature",
      "geometry": {
        "type": "Point",
        "coordinates": [
          29.24433966416158,
          40.25481043855773
        ]
      },
      "properties": {
        "probability": 0.8406,
        "risk_level": "High",
        "color": "#e67e22",
        "ndvi": "Düşük (Kurak/Hasarlı)",
        "slope": "%18.0 - Yüksek Eğim",
        "distance_to_road": "Yakın (<150m) - Antropojenik Risk",
        "label": "Burned Point"
      }
    },
    {
      "type": "Feature",
      "geometry": {
        "type": "Point",
        "coordinates": [
          29.24065657149669,
          40.25777487899533
        ]
      },
      "properties": {
        "probability": 0.8796,
        "risk_level": "Very High",
        "color": "#c0392b",
        "ndvi": "Düşük (Kurak/Hasarlı)",
        "slope": "%25.2 - Yüksek Eğim",
        "distance_to_road": "Yakın (<150m) - Antropojenik Risk",
        "label": "Burned Point"
      }
    },
    {
      "type": "Feature",
      "geometry": {
        "type": "Point",
        "coordinates": [
          29.254580458400543,
          40.2515765035349
        ]
      },
      "properties": {
        "probability": 0.8466,
        "risk_level": "High",
        "color": "#e67e22",
        "ndvi": "Düşük (Kurak/Hasarlı)",
        "slope": "%22.6 - Yüksek Eğim",
        "distance_to_road": "Yakın (<150m) - Antropojenik Risk",
        "label": "Burned Point"
      }
    },
    {
      "type": "Feature",
      "geometry": {
        "type": "Point",
        "coordinates": [
          29.25143635490613,
          40.25543925925661
        ]
      },
      "properties": {
        "probability": 0.5915,
        "risk_level": "Medium",
        "color": "#f1c40f",
        "ndvi": "Düşük (Kurak/Hasarlı)",
        "slope": "%32.0 - Yüksek Eğim",
        "distance_to_road": "Yakın (<150m) - Antropojenik Risk",
        "label": "Burned Point"
      }
    },
    {
      "type": "Feature",
      "geometry": {
        "type": "Point",
        "coordinates": [
          29.24451932721841,
          40.2598410041488
        ]
      },
      "properties": {
        "probability": 0.8691,
        "risk_level": "Very High",
        "color": "#c0392b",
        "ndvi": "Düşük (Kurak/Hasarlı)",
        "slope": "%23.0 - Yüksek Eğim",
        "distance_to_road": "Yakın (<150m) - Antropojenik Risk",
        "label": "Burned Point"
      }
    },
    {
      "type": "Feature",
      "geometry": {
        "type": "Point",
        "coordinates": [
          29.245956631673,
          40.26020033026245
        ]
      },
      "properties": {
        "probability": 0.8024,
        "risk_level": "High",
        "color": "#e67e22",
        "ndvi": "Düşük (Kurak/Hasarlı)",
        "slope": "%29.5 - Yüksek Eğim",
        "distance_to_road": "Yakın (<150m) - Antropojenik Risk",
        "label": "Burned Point"
      }
    },
    {
      "type": "Feature",
      "geometry": {
        "type": "Point",
        "coordinates": [
          29.245058316388874,
          40.26064948790451
        ]
      },
      "properties": {
        "probability": 0.7029,
        "risk_level": "High",
        "color": "#e67e22",
        "ndvi": "Düşük (Kurak/Hasarlı)",
        "slope": "%24.6 - Yüksek Eğim",
        "distance_to_road": "Yakın (<150m) - Antropojenik Risk",
        "label": "Burned Point"
      }
    },
    {
      "type": "Feature",
      "geometry": {
        "type": "Point",
        "coordinates": [
          29.25035837656518,
          40.25454094397249
        ]
      },
      "properties": {
        "probability": 0.611,
        "risk_level": "Medium",
        "color": "#f1c40f",
        "ndvi": "Düşük (Kurak/Hasarlı)",
        "slope": "%25.6 - Yüksek Eğim",
        "distance_to_road": "Yakın (<150m) - Antropojenik Risk",
        "label": "Burned Point"
      }
    },
    {
      "type": "Feature",
      "geometry": {
        "type": "Point",
        "coordinates": [
          29.23939893009892,
          40.25912235192151
        ]
      },
      "properties": {
        "probability": 0.822,
        "risk_level": "High",
        "color": "#e67e22",
        "ndvi": "Düşük (Kurak/Hasarlı)",
        "slope": "%20.0 - Yüksek Eğim",
        "distance_to_road": "Yakın (<150m) - Antropojenik Risk",
        "label": "Burned Point"
      }
    },
    {
      "type": "Feature",
      "geometry": {
        "type": "Point",
        "coordinates": [
          29.252334670190244,
          40.255349427728206
        ]
      },
      "properties": {
        "probability": 0.734,
        "risk_level": "High",
        "color": "#e67e22",
        "ndvi": "Düşük (Kurak/Hasarlı)",
        "slope": "%29.0 - Yüksek Eğim",
        "distance_to_road": "Yakın (<150m) - Antropojenik Risk",
        "label": "Burned Point"
      }
    },
    {
      "type": "Feature",
      "geometry": {
        "type": "Point",
        "coordinates": [
          29.24811258835488,
          40.2628054445864
        ]
      },
      "properties": {
        "probability": 0.8175,
        "risk_level": "High",
        "color": "#e67e22",
        "ndvi": "Düşük (Kurak/Hasarlı)",
        "slope": "%24.9 - Yüksek Eğim",
        "distance_to_road": "Yakın (<150m) - Antropojenik Risk",
        "label": "Burned Point"
      }
    },
    {
      "type": "Feature",
      "geometry": {
        "type": "Point",
        "coordinates": [
          29.25170584949136,
          40.25067818825078
        ]
      },
      "properties": {
        "probability": 0.7102,
        "risk_level": "High",
        "color": "#e67e22",
        "ndvi": "Düşük (Kurak/Hasarlı)",
        "slope": "%25.6 - Yüksek Eğim",
        "distance_to_road": "Yakın (<150m) - Antropojenik Risk",
        "label": "Burned Point"
      }
    },
    {
      "type": "Feature",
      "geometry": {
        "type": "Point",
        "coordinates": [
          29.251526186434536,
          40.25525959619979
        ]
      },
      "properties": {
        "probability": 0.5988,
        "risk_level": "Medium",
        "color": "#f1c40f",
        "ndvi": "Düşük (Kurak/Hasarlı)",
        "slope": "%27.9 - Yüksek Eğim",
        "distance_to_road": "Yakın (<150m) - Antropojenik Risk",
        "label": "Burned Point"
      }
    },
    {
      "type": "Feature",
      "geometry": {
        "type": "Point",
        "coordinates": [
          29.238141288701154,
          40.256966395239616
        ]
      },
      "properties": {
        "probability": 0.8426,
        "risk_level": "High",
        "color": "#e67e22",
        "ndvi": "Düşük (Kurak/Hasarlı)",
        "slope": "%15.8 - Yüksek Eğim",
        "distance_to_road": "Yakın (<150m) - Antropojenik Risk",
        "label": "Burned Point"
      }
    },
    {
      "type": "Feature",
      "geometry": {
        "type": "Point",
        "coordinates": [
          29.247663430712823,
          40.26100881401816
        ]
      },
      "properties": {
        "probability": 0.7993,
        "risk_level": "High",
        "color": "#e67e22",
        "ndvi": "Düşük (Kurak/Hasarlı)",
        "slope": "%22.4 - Yüksek Eğim",
        "distance_to_road": "Yakın (<150m) - Antropojenik Risk",
        "label": "Burned Point"
      }
    },
    {
      "type": "Feature",
      "geometry": {
        "type": "Point",
        "coordinates": [
          29.252334670190244,
          40.25669690065438
        ]
      },
      "properties": {
        "probability": 0.6837,
        "risk_level": "High",
        "color": "#e67e22",
        "ndvi": "Düşük (Kurak/Hasarlı)",
        "slope": "%27.4 - Yüksek Eğim",
        "distance_to_road": "Yakın (<150m) - Antropojenik Risk",
        "label": "Burned Point"
      }
    },
    {
      "type": "Feature",
      "geometry": {
        "type": "Point",
        "coordinates": [
          29.27182811185564,
          40.27286657576853
        ]
      },
      "properties": {
        "probability": 0.6572,
        "risk_level": "High",
        "color": "#e67e22",
        "ndvi": "Düşük (Kurak/Hasarlı)",
        "slope": "%23.6 - Yüksek Eğim",
        "distance_to_road": "Yakın (<150m) - Antropojenik Risk",
        "label": "Burned Point"
      }
    },
    {
      "type": "Feature",
      "geometry": {
        "type": "Point",
        "coordinates": [
          29.239309098570512,
          40.25651723759756
        ]
      },
      "properties": {
        "probability": 0.8723,
        "risk_level": "Very High",
        "color": "#c0392b",
        "ndvi": "Düşük (Kurak/Hasarlı)",
        "slope": "%22.5 - Yüksek Eğim",
        "distance_to_road": "Yakın (<150m) - Antropojenik Risk",
        "label": "Burned Point"
      }
    },
    {
      "type": "Feature",
      "geometry": {
        "type": "Point",
        "coordinates": [
          29.24110572913875,
          40.25786471052374
        ]
      },
      "properties": {
        "probability": 0.8871,
        "risk_level": "Very High",
        "color": "#c0392b",
        "ndvi": "Düşük (Kurak/Hasarlı)",
        "slope": "%23.1 - Yüksek Eğim",
        "distance_to_road": "Yakın (<150m) - Antropojenik Risk",
        "label": "Burned Point"
      }
    },
    {
      "type": "Feature",
      "geometry": {
        "type": "Point",
        "coordinates": [
          29.240476908439867,
          40.26064948790451
        ]
      },
      "properties": {
        "probability": 0.867,
        "risk_level": "Very High",
        "color": "#c0392b",
        "ndvi": "Düşük (Kurak/Hasarlı)",
        "slope": "%19.2 - Yüksek Eğim",
        "distance_to_road": "Yakın (<150m) - Antropojenik Risk",
        "label": "Burned Point"
      }
    },
    {
      "type": "Feature",
      "geometry": {
        "type": "Point",
        "coordinates": [
          29.24200404442287,
          40.25705622676803
        ]
      },
      "properties": {
        "probability": 0.5618,
        "risk_level": "Medium",
        "color": "#f1c40f",
        "ndvi": "Düşük (Kurak/Hasarlı)",
        "slope": "%18.6 - Yüksek Eğim",
        "distance_to_road": "Yakın (<150m) - Antropojenik Risk",
        "label": "Burned Point"
      }
    },
    {
      "type": "Feature",
      "geometry": {
        "type": "Point",
        "coordinates": [
          29.23832095175798,
          40.25804437358056
        ]
      },
      "properties": {
        "probability": 0.7001,
        "risk_level": "High",
        "color": "#e67e22",
        "ndvi": "Düşük (Kurak/Hasarlı)",
        "slope": "%20.9 - Yüksek Eğim",
        "distance_to_road": "Yakın (<150m) - Antropojenik Risk",
        "label": "Burned Point"
      }
    },
    {
      "type": "Feature",
      "geometry": {
        "type": "Point",
        "coordinates": [
          29.24308202276381,
          40.260559656376095
        ]
      },
      "properties": {
        "probability": 0.8503,
        "risk_level": "Very High",
        "color": "#c0392b",
        "ndvi": "Düşük (Kurak/Hasarlı)",
        "slope": "%23.1 - Yüksek Eğim",
        "distance_to_road": "Yakın (<150m) - Antropojenik Risk",
        "label": "Burned Point"
      }
    },
    {
      "type": "Feature",
      "geometry": {
        "type": "Point",
        "coordinates": [
          29.244968484860465,
          40.258403699694206
        ]
      },
      "properties": {
        "probability": 0.8227,
        "risk_level": "High",
        "color": "#e67e22",
        "ndvi": "Düşük (Kurak/Hasarlı)",
        "slope": "%14.4 - Düşük/Düzlük",
        "distance_to_road": "Yakın (<150m) - Antropojenik Risk",
        "label": "Burned Point"
      }
    },
    {
      "type": "Feature",
      "geometry": {
        "type": "Point",
        "coordinates": [
          29.2452379794457,
          40.26037999331927
        ]
      },
      "properties": {
        "probability": 0.6607,
        "risk_level": "High",
        "color": "#e67e22",
        "ndvi": "Düşük (Kurak/Hasarlı)",
        "slope": "%24.8 - Yüksek Eğim",
        "distance_to_road": "Yakın (<150m) - Antropojenik Risk",
        "label": "Burned Point"
      }
    },
    {
      "type": "Feature",
      "geometry": {
        "type": "Point",
        "coordinates": [
          29.252334670190244,
          40.25211549270537
        ]
      },
      "properties": {
        "probability": 0.8218,
        "risk_level": "High",
        "color": "#e67e22",
        "ndvi": "Düşük (Kurak/Hasarlı)",
        "slope": "%27.7 - Yüksek Eğim",
        "distance_to_road": "Yakın (<150m) - Antropojenik Risk",
        "label": "Burned Point"
      }
    },
    {
      "type": "Feature",
      "geometry": {
        "type": "Point",
        "coordinates": [
          29.23975825621257,
          40.25930201497833
        ]
      },
      "properties": {
        "probability": 0.83,
        "risk_level": "High",
        "color": "#e67e22",
        "ndvi": "Düşük (Kurak/Hasarlı)",
        "slope": "%18.1 - Yüksek Eğim",
        "distance_to_road": "Yakın (<150m) - Antropojenik Risk",
        "label": "Burned Point"
      }
    },
    {
      "type": "Feature",
      "geometry": {
        "type": "Point",
        "coordinates": [
          29.2715586172704,
          40.27367505952424
        ]
      },
      "properties": {
        "probability": 0.6705,
        "risk_level": "High",
        "color": "#e67e22",
        "ndvi": "Düşük (Kurak/Hasarlı)",
        "slope": "%27.5 - Yüksek Eğim",
        "distance_to_road": "Yakın (<150m) - Antropojenik Risk",
        "label": "Burned Point"
      }
    },
    {
      "type": "Feature",
      "geometry": {
        "type": "Point",
        "coordinates": [
          29.240027750797807,
          40.25858336275103
        ]
      },
      "properties": {
        "probability": 0.7656,
        "risk_level": "High",
        "color": "#e67e22",
        "ndvi": "Düşük (Kurak/Hasarlı)",
        "slope": "%19.6 - Yüksek Eğim",
        "distance_to_road": "Yakın (<150m) - Antropojenik Risk",
        "label": "Burned Point"
      }
    },
    {
      "type": "Feature",
      "geometry": {
        "type": "Point",
        "coordinates": [
          29.25170584949136,
          40.25570875384185
        ]
      },
      "properties": {
        "probability": 0.5875,
        "risk_level": "Medium",
        "color": "#f1c40f",
        "ndvi": "Düşük (Kurak/Hasarlı)",
        "slope": "%31.4 - Yüksek Eğim",
        "distance_to_road": "Yakın (<150m) - Antropojenik Risk",
        "label": "Burned Point"
      }
    },
    {
      "type": "Feature",
      "geometry": {
        "type": "Point",
        "coordinates": [
          29.251885512548185,
          40.25085785130761
        ]
      },
      "properties": {
        "probability": 0.6219,
        "risk_level": "Medium",
        "color": "#f1c40f",
        "ndvi": "Düşük (Kurak/Hasarlı)",
        "slope": "%32.9 - Yüksek Eğim",
        "distance_to_road": "Yakın (<150m) - Antropojenik Risk",
        "label": "Burned Point"
      }
    },
    {
      "type": "Feature",
      "geometry": {
        "type": "Point",
        "coordinates": [
          29.252065175605008,
          40.24951037838142
        ]
      },
      "properties": {
        "probability": 0.6802,
        "risk_level": "High",
        "color": "#e67e22",
        "ndvi": "Düşük (Kurak/Hasarlı)",
        "slope": "%23.9 - Yüksek Eğim",
        "distance_to_road": "Yakın (<150m) - Antropojenik Risk",
        "label": "Burned Point"
      }
    },
    {
      "type": "Feature",
      "geometry": {
        "type": "Point",
        "coordinates": [
          29.24200404442287,
          40.2575952159385
        ]
      },
      "properties": {
        "probability": 0.7938,
        "risk_level": "High",
        "color": "#e67e22",
        "ndvi": "Düşük (Kurak/Hasarlı)",
        "slope": "%17.2 - Yüksek Eğim",
        "distance_to_road": "Yakın (<150m) - Antropojenik Risk",
        "label": "Burned Point"
      }
    },
    {
      "type": "Feature",
      "geometry": {
        "type": "Point",
        "coordinates": [
          29.27048063892946,
          40.27349539646742
        ]
      },
      "properties": {
        "probability": 0.8006,
        "risk_level": "High",
        "color": "#e67e22",
        "ndvi": "Düşük (Kurak/Hasarlı)",
        "slope": "%22.2 - Yüksek Eğim",
        "distance_to_road": "Yakın (<150m) - Antropojenik Risk",
        "label": "Burned Point"
      }
    },
    {
      "type": "Feature",
      "geometry": {
        "type": "Point",
        "coordinates": [
          29.238590446343213,
          40.25597824842709
        ]
      },
      "properties": {
        "probability": 0.8381,
        "risk_level": "High",
        "color": "#e67e22",
        "ndvi": "Düşük (Kurak/Hasarlı)",
        "slope": "%21.1 - Yüksek Eğim",
        "distance_to_road": "Yakın (<150m) - Antropojenik Risk",
        "label": "Burned Point"
      }
    },
    {
      "type": "Feature",
      "geometry": {
        "type": "Point",
        "coordinates": [
          29.245058316388874,
          40.25885285733627
        ]
      },
      "properties": {
        "probability": 0.8812,
        "risk_level": "Very High",
        "color": "#c0392b",
        "ndvi": "Düşük (Kurak/Hasarlı)",
        "slope": "%19.6 - Yüksek Eğim",
        "distance_to_road": "Yakın (<150m) - Antropojenik Risk",
        "label": "Burned Point"
      }
    },
    {
      "type": "Feature",
      "geometry": {
        "type": "Point",
        "coordinates": [
          29.2452379794457,
          40.260829150961335
        ]
      },
      "properties": {
        "probability": 0.8106,
        "risk_level": "High",
        "color": "#e67e22",
        "ndvi": "Düşük (Kurak/Hasarlı)",
        "slope": "%22.7 - Yüksek Eğim",
        "distance_to_road": "Yakın (<150m) - Antropojenik Risk",
        "label": "Burned Point"
      }
    },
    {
      "type": "Feature",
      "geometry": {
        "type": "Point",
        "coordinates": [
          29.25341264853119,
          40.25337313410314
        ]
      },
      "properties": {
        "probability": 0.7024,
        "risk_level": "High",
        "color": "#e67e22",
        "ndvi": "Düşük (Kurak/Hasarlı)",
        "slope": "%19.0 - Yüksek Eğim",
        "distance_to_road": "Yakın (<150m) - Antropojenik Risk",
        "label": "Burned Point"
      }
    },
    {
      "type": "Feature",
      "geometry": {
        "type": "Point",
        "coordinates": [
          29.252424501718657,
          40.25454094397249
        ]
      },
      "properties": {
        "probability": 0.7696,
        "risk_level": "High",
        "color": "#e67e22",
        "ndvi": "Düşük (Kurak/Hasarlı)",
        "slope": "%16.4 - Yüksek Eğim",
        "distance_to_road": "Yakın (<150m) - Antropojenik Risk",
        "label": "Burned Point"
      }
    },
    {
      "type": "Feature",
      "geometry": {
        "type": "Point",
        "coordinates": [
          29.243800674991107,
          40.26064948790451
        ]
      },
      "properties": {
        "probability": 0.852,
        "risk_level": "Very High",
        "color": "#c0392b",
        "ndvi": "Düşük (Kurak/Hasarlı)",
        "slope": "%23.9 - Yüksek Eğim",
        "distance_to_road": "Yakın (<150m) - Antropojenik Risk",
        "label": "Burned Point"
      }
    },
    {
      "type": "Feature",
      "geometry": {
        "type": "Point",
        "coordinates": [
          29.251346523377716,
          40.25418161785885
        ]
      },
      "properties": {
        "probability": 0.841,
        "risk_level": "High",
        "color": "#e67e22",
        "ndvi": "Düşük (Kurak/Hasarlı)",
        "slope": "%18.4 - Yüksek Eğim",
        "distance_to_road": "Yakın (<150m) - Antropojenik Risk",
        "label": "Burned Point"
      }
    },
    {
      "type": "Feature",
      "geometry": {
        "type": "Point",
        "coordinates": [
          29.242812528178572,
          40.258673194279446
        ]
      },
      "properties": {
        "probability": 0.8751,
        "risk_level": "Very High",
        "color": "#c0392b",
        "ndvi": "Düşük (Kurak/Hasarlı)",
        "slope": "%26.7 - Yüksek Eğim",
        "distance_to_road": "Yakın (<150m) - Antropojenik Risk",
        "label": "Burned Point"
      }
    },
    {
      "type": "Feature",
      "geometry": {
        "type": "Point",
        "coordinates": [
          29.242273539008107,
          40.25660706912597
        ]
      },
      "properties": {
        "probability": 0.8646,
        "risk_level": "Very High",
        "color": "#c0392b",
        "ndvi": "Düşük (Kurak/Hasarlı)",
        "slope": "%20.5 - Yüksek Eğim",
        "distance_to_road": "Yakın (<150m) - Antropojenik Risk",
        "label": "Burned Point"
      }
    },
    {
      "type": "Feature",
      "geometry": {
        "type": "Point",
        "coordinates": [
          29.239937919269394,
          40.25948167803515
        ]
      },
      "properties": {
        "probability": 0.8437,
        "risk_level": "High",
        "color": "#e67e22",
        "ndvi": "Düşük (Kurak/Hasarlı)",
        "slope": "%22.0 - Yüksek Eğim",
        "distance_to_road": "Yakın (<150m) - Antropojenik Risk",
        "label": "Burned Point"
      }
    },
    {
      "type": "Feature",
      "geometry": {
        "type": "Point",
        "coordinates": [
          29.247753262241236,
          40.26271561305799
        ]
      },
      "properties": {
        "probability": 0.7453,
        "risk_level": "High",
        "color": "#e67e22",
        "ndvi": "Düşük (Kurak/Hasarlı)",
        "slope": "%18.5 - Yüksek Eğim",
        "distance_to_road": "Yakın (<150m) - Antropojenik Risk",
        "label": "Burned Point"
      }
    },
    {
      "type": "Feature",
      "geometry": {
        "type": "Point",
        "coordinates": [
          29.243351517349048,
          40.25687656371121
        ]
      },
      "properties": {
        "probability": 0.8663,
        "risk_level": "Very High",
        "color": "#c0392b",
        "ndvi": "Düşük (Kurak/Hasarlı)",
        "slope": "%15.9 - Yüksek Eğim",
        "distance_to_road": "Yakın (<150m) - Antropojenik Risk",
        "label": "Burned Point"
      }
    },
    {
      "type": "Feature",
      "geometry": {
        "type": "Point",
        "coordinates": [
          29.245866800144583,
          40.25822403663739
        ]
      },
      "properties": {
        "probability": 0.6267,
        "risk_level": "Medium",
        "color": "#f1c40f",
        "ndvi": "Düşük (Kurak/Hasarlı)",
        "slope": "%16.4 - Yüksek Eğim",
        "distance_to_road": "Yakın (<150m) - Antropojenik Risk",
        "label": "Burned Point"
      }
    },
    {
      "type": "Feature",
      "geometry": {
        "type": "Point",
        "coordinates": [
          29.23948876162733,
          40.25705622676803
        ]
      },
      "properties": {
        "probability": 0.8683,
        "risk_level": "Very High",
        "color": "#c0392b",
        "ndvi": "Düşük (Kurak/Hasarlı)",
        "slope": "%24.6 - Yüksek Eğim",
        "distance_to_road": "Yakın (<150m) - Antropojenik Risk",
        "label": "Burned Point"
      }
    },
    {
      "type": "Feature",
      "geometry": {
        "type": "Point",
        "coordinates": [
          29.244968484860465,
          40.25966134109198
        ]
      },
      "properties": {
        "probability": 0.8489,
        "risk_level": "High",
        "color": "#e67e22",
        "ndvi": "Düşük (Kurak/Hasarlı)",
        "slope": "%23.8 - Yüksek Eğim",
        "distance_to_road": "Yakın (<150m) - Antropojenik Risk",
        "label": "Burned Point"
      }
    },
    {
      "type": "Feature",
      "geometry": {
        "type": "Point",
        "coordinates": [
          29.239309098570512,
          40.25705622676803
        ]
      },
      "properties": {
        "probability": 0.8638,
        "risk_level": "Very High",
        "color": "#c0392b",
        "ndvi": "Düşük (Kurak/Hasarlı)",
        "slope": "%24.6 - Yüksek Eğim",
        "distance_to_road": "Yakın (<150m) - Antropojenik Risk",
        "label": "Burned Point"
      }
    },
    {
      "type": "Feature",
      "geometry": {
        "type": "Point",
        "coordinates": [
          29.250717702678827,
          40.253642628688375
        ]
      },
      "properties": {
        "probability": 0.8509,
        "risk_level": "Very High",
        "color": "#c0392b",
        "ndvi": "Düşük (Kurak/Hasarlı)",
        "slope": "%19.6 - Yüksek Eğim",
        "distance_to_road": "Yakın (<150m) - Antropojenik Risk",
        "label": "Burned Point"
      }
    },
    {
      "type": "Feature",
      "geometry": {
        "type": "Point",
        "coordinates": [
          29.245148147917288,
          40.25597824842709
        ]
      },
      "properties": {
        "probability": 0.8058,
        "risk_level": "High",
        "color": "#e67e22",
        "ndvi": "Düşük (Kurak/Hasarlı)",
        "slope": "%20.5 - Yüksek Eğim",
        "distance_to_road": "Yakın (<150m) - Antropojenik Risk",
        "label": "Burned Point"
      }
    },
    {
      "type": "Feature",
      "geometry": {
        "type": "Point",
        "coordinates": [
          29.251885512548185,
          40.2560680799555
        ]
      },
      "properties": {
        "probability": 0.5473,
        "risk_level": "Medium",
        "color": "#f1c40f",
        "ndvi": "Düşük (Kurak/Hasarlı)",
        "slope": "%29.7 - Yüksek Eğim",
        "distance_to_road": "Yakın (<150m) - Antropojenik Risk",
        "label": "Burned Point"
      }
    },
    {
      "type": "Feature",
      "geometry": {
        "type": "Point",
        "coordinates": [
          29.24820241988329,
          40.2628054445864
        ]
      },
      "properties": {
        "probability": 0.7469,
        "risk_level": "High",
        "color": "#e67e22",
        "ndvi": "Düşük (Kurak/Hasarlı)",
        "slope": "%28.4 - Yüksek Eğim",
        "distance_to_road": "Yakın (<150m) - Antropojenik Risk",
        "label": "Burned Point"
      }
    },
    {
      "type": "Feature",
      "geometry": {
        "type": "Point",
        "coordinates": [
          29.25161601796295,
          40.25391212327361
        ]
      },
      "properties": {
        "probability": 0.8777,
        "risk_level": "Very High",
        "color": "#c0392b",
        "ndvi": "Düşük (Kurak/Hasarlı)",
        "slope": "%23.5 - Yüksek Eğim",
        "distance_to_road": "Yakın (<150m) - Antropojenik Risk",
        "label": "Burned Point"
      }
    },
    {
      "type": "Feature",
      "geometry": {
        "type": "Point",
        "coordinates": [
          29.23733280494545,
          40.255798585370265
        ]
      },
      "properties": {
        "probability": 0.7556,
        "risk_level": "High",
        "color": "#e67e22",
        "ndvi": "Düşük (Kurak/Hasarlı)",
        "slope": "%12.5 - Düşük/Düzlük",
        "distance_to_road": "Yakın (<150m) - Antropojenik Risk",
        "label": "Burned Point"
      }
    },
    {
      "type": "Feature",
      "geometry": {
        "type": "Point",
        "coordinates": [
          29.25224483866183,
          40.2567867321828
        ]
      },
      "properties": {
        "probability": 0.6617,
        "risk_level": "High",
        "color": "#e67e22",
        "ndvi": "Düşük (Kurak/Hasarlı)",
        "slope": "%27.4 - Yüksek Eğim",
        "distance_to_road": "Yakın (<150m) - Antropojenik Risk",
        "label": "Burned Point"
      }
    },
    {
      "type": "Feature",
      "geometry": {
        "type": "Point",
        "coordinates": [
          29.238231120229567,
          40.25777487899533
        ]
      },
      "properties": {
        "probability": 0.7477,
        "risk_level": "High",
        "color": "#e67e22",
        "ndvi": "Düşük (Kurak/Hasarlı)",
        "slope": "%17.6 - Yüksek Eğim",
        "distance_to_road": "Yakın (<150m) - Antropojenik Risk",
        "label": "Burned Point"
      }
    },
    {
      "type": "Feature",
      "geometry": {
        "type": "Point",
        "coordinates": [
          29.249100735167413,
          40.26307493917163
        ]
      },
      "properties": {
        "probability": 0.5563,
        "risk_level": "Medium",
        "color": "#f1c40f",
        "ndvi": "Düşük (Kurak/Hasarlı)",
        "slope": "%28.3 - Yüksek Eğim",
        "distance_to_road": "Yakın (<150m) - Antropojenik Risk",
        "label": "Burned Point"
      }
    },
    {
      "type": "Feature",
      "geometry": {
        "type": "Point",
        "coordinates": [
          29.239578593155745,
          40.25651723759756
        ]
      },
      "properties": {
        "probability": 0.8491,
        "risk_level": "High",
        "color": "#e67e22",
        "ndvi": "Düşük (Kurak/Hasarlı)",
        "slope": "%22.5 - Yüksek Eğim",
        "distance_to_road": "Yakın (<150m) - Antropojenik Risk",
        "label": "Burned Point"
      }
    },
    {
      "type": "Feature",
      "geometry": {
        "type": "Point",
        "coordinates": [
          29.24478882180364,
          40.25570875384185
        ]
      },
      "properties": {
        "probability": 0.8211,
        "risk_level": "High",
        "color": "#e67e22",
        "ndvi": "Düşük (Kurak/Hasarlı)",
        "slope": "%17.2 - Yüksek Eğim",
        "distance_to_road": "Yakın (<150m) - Antropojenik Risk",
        "label": "Burned Point"
      }
    },
    {
      "type": "Feature",
      "geometry": {
        "type": "Point",
        "coordinates": [
          29.246944778485528,
          40.258403699694206
        ]
      },
      "properties": {
        "probability": 0.5071,
        "risk_level": "Medium",
        "color": "#f1c40f",
        "ndvi": "Düşük (Kurak/Hasarlı)",
        "slope": "%17.4 - Yüksek Eğim",
        "distance_to_road": "Yakın (<150m) - Antropojenik Risk",
        "label": "Burned Point"
      }
    },
    {
      "type": "Feature",
      "geometry": {
        "type": "Point",
        "coordinates": [
          29.241375223723985,
          40.25705622676803
        ]
      },
      "properties": {
        "probability": 0.8859,
        "risk_level": "Very High",
        "color": "#c0392b",
        "ndvi": "Düşük (Kurak/Hasarlı)",
        "slope": "%20.4 - Yüksek Eğim",
        "distance_to_road": "Yakın (<150m) - Antropojenik Risk",
        "label": "Burned Point"
      }
    },
    {
      "type": "Feature",
      "geometry": {
        "type": "Point",
        "coordinates": [
          29.23912943551369,
          40.25966134109198
        ]
      },
      "properties": {
        "probability": 0.7927,
        "risk_level": "High",
        "color": "#e67e22",
        "ndvi": "Düşük (Kurak/Hasarlı)",
        "slope": "%31.2 - Yüksek Eğim",
        "distance_to_road": "Yakın (<150m) - Antropojenik Risk",
        "label": "Burned Point"
      }
    },
    {
      "type": "Feature",
      "geometry": {
        "type": "Point",
        "coordinates": [
          29.241824381366044,
          40.25714605829644
        ]
      },
      "properties": {
        "probability": 0.5141,
        "risk_level": "Medium",
        "color": "#f1c40f",
        "ndvi": "Düşük (Kurak/Hasarlı)",
        "slope": "%18.9 - Yüksek Eğim",
        "distance_to_road": "Yakın (<150m) - Antropojenik Risk",
        "label": "Burned Point"
      }
    },
    {
      "type": "Feature",
      "geometry": {
        "type": "Point",
        "coordinates": [
          29.24937022975265,
          40.262446118472745
        ]
      },
      "properties": {
        "probability": 0.6584,
        "risk_level": "High",
        "color": "#e67e22",
        "ndvi": "Düşük (Kurak/Hasarlı)",
        "slope": "%19.3 - Yüksek Eğim",
        "distance_to_road": "Yakın (<150m) - Antropojenik Risk",
        "label": "Burned Point"
      }
    },
    {
      "type": "Feature",
      "geometry": {
        "type": "Point",
        "coordinates": [
          29.243710843462697,
          40.2575952159385
        ]
      },
      "properties": {
        "probability": 0.803,
        "risk_level": "High",
        "color": "#e67e22",
        "ndvi": "Düşük (Kurak/Hasarlı)",
        "slope": "%14.5 - Düşük/Düzlük",
        "distance_to_road": "Yakın (<150m) - Antropojenik Risk",
        "label": "Burned Point"
      }
    },
    {
      "type": "Feature",
      "geometry": {
        "type": "Point",
        "coordinates": [
          29.250088881979945,
          40.25337313410314
        ]
      },
      "properties": {
        "probability": 0.7243,
        "risk_level": "High",
        "color": "#e67e22",
        "ndvi": "Düşük (Kurak/Hasarlı)",
        "slope": "%18.0 - Yüksek Eğim",
        "distance_to_road": "Yakın (<150m) - Antropojenik Risk",
        "label": "Burned Point"
      }
    },
    {
      "type": "Feature",
      "geometry": {
        "type": "Point",
        "coordinates": [
          29.238231120229567,
          40.25750538441009
        ]
      },
      "properties": {
        "probability": 0.8452,
        "risk_level": "High",
        "color": "#e67e22",
        "ndvi": "Düşük (Kurak/Hasarlı)",
        "slope": "%15.4 - Yüksek Eğim",
        "distance_to_road": "Yakın (<150m) - Antropojenik Risk",
        "label": "Burned Point"
      }
    },
    {
      "type": "Feature",
      "geometry": {
        "type": "Point",
        "coordinates": [
          29.25323298547436,
          40.25624774301232
        ]
      },
      "properties": {
        "probability": 0.6782,
        "risk_level": "High",
        "color": "#e67e22",
        "ndvi": "Düşük (Kurak/Hasarlı)",
        "slope": "%26.8 - Yüksek Eğim",
        "distance_to_road": "Yakın (<150m) - Antropojenik Risk",
        "label": "Burned Point"
      }
    },
    {
      "type": "Feature",
      "geometry": {
        "type": "Point",
        "coordinates": [
          29.243800674991107,
          40.25543925925661
        ]
      },
      "properties": {
        "probability": 0.8687,
        "risk_level": "Very High",
        "color": "#c0392b",
        "ndvi": "Düşük (Kurak/Hasarlı)",
        "slope": "%26.0 - Yüksek Eğim",
        "distance_to_road": "Yakın (<150m) - Antropojenik Risk",
        "label": "Burned Point"
      }
    },
    {
      "type": "Feature",
      "geometry": {
        "type": "Point",
        "coordinates": [
          29.25179568101977,
          40.25633757454074
        ]
      },
      "properties": {
        "probability": 0.51,
        "risk_level": "Medium",
        "color": "#f1c40f",
        "ndvi": "Düşük (Kurak/Hasarlı)",
        "slope": "%27.4 - Yüksek Eğim",
        "distance_to_road": "Yakın (<150m) - Antropojenik Risk",
        "label": "Burned Point"
      }
    },
    {
      "type": "Feature",
      "geometry": {
        "type": "Point",
        "coordinates": [
          29.23787179411592,
          40.25624774301232
        ]
      },
      "properties": {
        "probability": 0.8635,
        "risk_level": "Very High",
        "color": "#c0392b",
        "ndvi": "Düşük (Kurak/Hasarlı)",
        "slope": "%18.5 - Yüksek Eğim",
        "distance_to_road": "Yakın (<150m) - Antropojenik Risk",
        "label": "Burned Point"
      }
    },
    {
      "type": "Feature",
      "geometry": {
        "type": "Point",
        "coordinates": [
          29.24487865333205,
          40.25642740606914
        ]
      },
      "properties": {
        "probability": 0.278,
        "risk_level": "Low",
        "color": "#27ae60",
        "ndvi": "Düşük (Kurak/Hasarlı)",
        "slope": "%12.8 - Düşük/Düzlük",
        "distance_to_road": "Yakın (<150m) - Antropojenik Risk",
        "label": "Burned Point"
      }
    },
    {
      "type": "Feature",
      "geometry": {
        "type": "Point",
        "coordinates": [
          29.254221132286894,
          40.252205324233785
        ]
      },
      "properties": {
        "probability": 0.8401,
        "risk_level": "High",
        "color": "#e67e22",
        "ndvi": "Düşük (Kurak/Hasarlı)",
        "slope": "%15.6 - Yüksek Eğim",
        "distance_to_road": "Yakın (<150m) - Antropojenik Risk",
        "label": "Burned Point"
      }
    },
    {
      "type": "Feature",
      "geometry": {
        "type": "Point",
        "coordinates": [
          29.250897365735653,
          40.25139684047808
        ]
      },
      "properties": {
        "probability": 0.7152,
        "risk_level": "High",
        "color": "#e67e22",
        "ndvi": "Düşük (Kurak/Hasarlı)",
        "slope": "%27.3 - Yüksek Eğim",
        "distance_to_road": "Yakın (<150m) - Antropojenik Risk",
        "label": "Burned Point"
      }
    },
    {
      "type": "Feature",
      "geometry": {
        "type": "Point",
        "coordinates": [
          29.24487865333205,
          40.257235889824855
        ]
      },
      "properties": {
        "probability": 0.7713,
        "risk_level": "High",
        "color": "#e67e22",
        "ndvi": "Düşük (Kurak/Hasarlı)",
        "slope": "%11.6 - Düşük/Düzlük",
        "distance_to_road": "Yakın (<150m) - Antropojenik Risk",
        "label": "Burned Point"
      }
    },
    {
      "type": "Feature",
      "geometry": {
        "type": "Point",
        "coordinates": [
          29.245956631673,
          40.25876302580786
        ]
      },
      "properties": {
        "probability": 0.8287,
        "risk_level": "High",
        "color": "#e67e22",
        "ndvi": "Düşük (Kurak/Hasarlı)",
        "slope": "%19.9 - Yüksek Eğim",
        "distance_to_road": "Yakın (<150m) - Antropojenik Risk",
        "label": "Burned Point"
      }
    },
    {
      "type": "Feature",
      "geometry": {
        "type": "Point",
        "coordinates": [
          29.252065175605008,
          40.255079933142966
        ]
      },
      "properties": {
        "probability": 0.6967,
        "risk_level": "High",
        "color": "#e67e22",
        "ndvi": "Düşük (Kurak/Hasarlı)",
        "slope": "%26.1 - Yüksek Eğim",
        "distance_to_road": "Yakın (<150m) - Antropojenik Risk",
        "label": "Burned Point"
      }
    },
    {
      "type": "Feature",
      "geometry": {
        "type": "Point",
        "coordinates": [
          29.25269399630389,
          40.25525959619979
        ]
      },
      "properties": {
        "probability": 0.8715,
        "risk_level": "Very High",
        "color": "#c0392b",
        "ndvi": "Düşük (Kurak/Hasarlı)",
        "slope": "%20.5 - Yüksek Eğim",
        "distance_to_road": "Yakın (<150m) - Antropojenik Risk",
        "label": "Burned Point"
      }
    },
    {
      "type": "Feature",
      "geometry": {
        "type": "Point",
        "coordinates": [
          29.25287365936072,
          40.25292397646108
        ]
      },
      "properties": {
        "probability": 0.8651,
        "risk_level": "Very High",
        "color": "#c0392b",
        "ndvi": "Düşük (Kurak/Hasarlı)",
        "slope": "%19.3 - Yüksek Eğim",
        "distance_to_road": "Yakın (<150m) - Antropojenik Risk",
        "label": "Burned Point"
      }
    },
    {
      "type": "Feature",
      "geometry": {
        "type": "Point",
        "coordinates": [
          29.24487865333205,
          40.26029016179086
        ]
      },
      "properties": {
        "probability": 0.806,
        "risk_level": "High",
        "color": "#e67e22",
        "ndvi": "Düşük (Kurak/Hasarlı)",
        "slope": "%24.2 - Yüksek Eğim",
        "distance_to_road": "Yakın (<150m) - Antropojenik Risk",
        "label": "Burned Point"
      }
    },
    {
      "type": "Feature",
      "geometry": {
        "type": "Point",
        "coordinates": [
          29.243710843462697,
          40.258673194279446
        ]
      },
      "properties": {
        "probability": 0.8072,
        "risk_level": "High",
        "color": "#e67e22",
        "ndvi": "Düşük (Kurak/Hasarlı)",
        "slope": "%17.1 - Yüksek Eğim",
        "distance_to_road": "Yakın (<150m) - Antropojenik Risk",
        "label": "Burned Point"
      }
    },
    {
      "type": "Feature",
      "geometry": {
        "type": "Point",
        "coordinates": [
          29.238231120229567,
          40.25705622676803
        ]
      },
      "properties": {
        "probability": 0.8415,
        "risk_level": "High",
        "color": "#e67e22",
        "ndvi": "Düşük (Kurak/Hasarlı)",
        "slope": "%16.4 - Yüksek Eğim",
        "distance_to_road": "Yakın (<150m) - Antropojenik Risk",
        "label": "Burned Point"
      }
    },
    {
      "type": "Feature",
      "geometry": {
        "type": "Point",
        "coordinates": [
          29.24245320206493,
          40.25966134109198
        ]
      },
      "properties": {
        "probability": 0.8803,
        "risk_level": "Very High",
        "color": "#c0392b",
        "ndvi": "Düşük (Kurak/Hasarlı)",
        "slope": "%23.0 - Yüksek Eğim",
        "distance_to_road": "Yakın (<150m) - Antropojenik Risk",
        "label": "Burned Point"
      }
    },
    {
      "type": "Feature",
      "geometry": {
        "type": "Point",
        "coordinates": [
          29.2452379794457,
          40.26091898248974
        ]
      },
      "properties": {
        "probability": 0.8042,
        "risk_level": "High",
        "color": "#e67e22",
        "ndvi": "Düşük (Kurak/Hasarlı)",
        "slope": "%22.7 - Yüksek Eğim",
        "distance_to_road": "Yakın (<150m) - Antropojenik Risk",
        "label": "Burned Point"
      }
    },
    {
      "type": "Feature",
      "geometry": {
        "type": "Point",
        "coordinates": [
          29.23948876162733,
          40.25795454205215
        ]
      },
      "properties": {
        "probability": 0.854,
        "risk_level": "Very High",
        "color": "#c0392b",
        "ndvi": "Düşük (Kurak/Hasarlı)",
        "slope": "%21.5 - Yüksek Eğim",
        "distance_to_road": "Yakın (<150m) - Antropojenik Risk",
        "label": "Burned Point"
      }
    },
    {
      "type": "Feature",
      "geometry": {
        "type": "Point",
        "coordinates": [
          29.23984808774098,
          40.25705622676803
        ]
      },
      "properties": {
        "probability": 0.8704,
        "risk_level": "Very High",
        "color": "#c0392b",
        "ndvi": "Düşük (Kurak/Hasarlı)",
        "slope": "%23.7 - Yüksek Eğim",
        "distance_to_road": "Yakın (<150m) - Antropojenik Risk",
        "label": "Burned Point"
      }
    },
    {
      "type": "Feature",
      "geometry": {
        "type": "Point",
        "coordinates": [
          29.244968484860465,
          40.26091898248974
        ]
      },
      "properties": {
        "probability": 0.7913,
        "risk_level": "High",
        "color": "#e67e22",
        "ndvi": "Düşük (Kurak/Hasarlı)",
        "slope": "%21.9 - Yüksek Eğim",
        "distance_to_road": "Yakın (<150m) - Antropojenik Risk",
        "label": "Burned Point"
      }
    },
    {
      "type": "Feature",
      "geometry": {
        "type": "Point",
        "coordinates": [
          29.24478882180364,
          40.25669690065438
        ]
      },
      "properties": {
        "probability": 0.7622,
        "risk_level": "High",
        "color": "#e67e22",
        "ndvi": "Düşük (Kurak/Hasarlı)",
        "slope": "%11.1 - Düşük/Düzlük",
        "distance_to_road": "Yakın (<150m) - Antropojenik Risk",
        "label": "Burned Point"
      }
    },
    {
      "type": "Feature",
      "geometry": {
        "type": "Point",
        "coordinates": [
          29.23966842468416,
          40.25615791148391
        ]
      },
      "properties": {
        "probability": 0.8749,
        "risk_level": "Very High",
        "color": "#c0392b",
        "ndvi": "Düşük (Kurak/Hasarlı)",
        "slope": "%23.5 - Yüksek Eğim",
        "distance_to_road": "Yakın (<150m) - Antropojenik Risk",
        "label": "Burned Point"
      }
    },
    {
      "type": "Feature",
      "geometry": {
        "type": "Point",
        "coordinates": [
          29.251885512548185,
          40.25445111244408
        ]
      },
      "properties": {
        "probability": 0.828,
        "risk_level": "High",
        "color": "#e67e22",
        "ndvi": "Düşük (Kurak/Hasarlı)",
        "slope": "%21.1 - Yüksek Eğim",
        "distance_to_road": "Yakın (<150m) - Antropojenik Risk",
        "label": "Burned Point"
      }
    },
    {
      "type": "Feature",
      "geometry": {
        "type": "Point",
        "coordinates": [
          29.24604646320141,
          40.25660706912597
        ]
      },
      "properties": {
        "probability": 0.4491,
        "risk_level": "Medium",
        "color": "#f1c40f",
        "ndvi": "Düşük (Kurak/Hasarlı)",
        "slope": "%31.6 - Yüksek Eğim",
        "distance_to_road": "Yakın (<150m) - Antropojenik Risk",
        "label": "Burned Point"
      }
    },
    {
      "type": "Feature",
      "geometry": {
        "type": "Point",
        "coordinates": [
          29.24092606608193,
          40.258403699694206
        ]
      },
      "properties": {
        "probability": 0.8719,
        "risk_level": "Very High",
        "color": "#c0392b",
        "ndvi": "Düşük (Kurak/Hasarlı)",
        "slope": "%23.8 - Yüksek Eğim",
        "distance_to_road": "Yakın (<150m) - Antropojenik Risk",
        "label": "Burned Point"
      }
    },
    {
      "type": "Feature",
      "geometry": {
        "type": "Point",
        "coordinates": [
          29.24793292529806,
          40.26298510764322
        ]
      },
      "properties": {
        "probability": 0.5773,
        "risk_level": "Medium",
        "color": "#f1c40f",
        "ndvi": "Düşük (Kurak/Hasarlı)",
        "slope": "%16.5 - Yüksek Eğim",
        "distance_to_road": "Yakın (<150m) - Antropojenik Risk",
        "label": "Burned Point"
      }
    },
    {
      "type": "Feature",
      "geometry": {
        "type": "Point",
        "coordinates": [
          29.24065657149669,
          40.25615791148391
        ]
      },
      "properties": {
        "probability": 0.8759,
        "risk_level": "Very High",
        "color": "#c0392b",
        "ndvi": "Düşük (Kurak/Hasarlı)",
        "slope": "%21.5 - Yüksek Eğim",
        "distance_to_road": "Yakın (<150m) - Antropojenik Risk",
        "label": "Burned Point"
      }
    },
    {
      "type": "Feature",
      "geometry": {
        "type": "Point",
        "coordinates": [
          29.239578593155745,
          40.26046982484768
        ]
      },
      "properties": {
        "probability": 0.6446,
        "risk_level": "Medium",
        "color": "#f1c40f",
        "ndvi": "Düşük (Kurak/Hasarlı)",
        "slope": "%26.5 - Yüksek Eğim",
        "distance_to_road": "Yakın (<150m) - Antropojenik Risk",
        "label": "Burned Point"
      }
    },
    {
      "type": "Feature",
      "geometry": {
        "type": "Point",
        "coordinates": [
          29.240387076911453,
          40.25669690065438
        ]
      },
      "properties": {
        "probability": 0.8878,
        "risk_level": "Very High",
        "color": "#c0392b",
        "ndvi": "Düşük (Kurak/Hasarlı)",
        "slope": "%22.9 - Yüksek Eğim",
        "distance_to_road": "Yakın (<150m) - Antropojenik Risk",
        "label": "Burned Point"
      }
    },
    {
      "type": "Feature",
      "geometry": {
        "type": "Point",
        "coordinates": [
          29.254131300758484,
          40.25265448187584
        ]
      },
      "properties": {
        "probability": 0.6027,
        "risk_level": "Medium",
        "color": "#f1c40f",
        "ndvi": "Düşük (Kurak/Hasarlı)",
        "slope": "%27.3 - Yüksek Eğim",
        "distance_to_road": "Yakın (<150m) - Antropojenik Risk",
        "label": "Burned Point"
      }
    },
    {
      "type": "Feature",
      "geometry": {
        "type": "Point",
        "coordinates": [
          29.24344134887746,
          40.25957150956357
        ]
      },
      "properties": {
        "probability": 0.8632,
        "risk_level": "Very High",
        "color": "#c0392b",
        "ndvi": "Düşük (Kurak/Hasarlı)",
        "slope": "%23.6 - Yüksek Eğim",
        "distance_to_road": "Yakın (<150m) - Antropojenik Risk",
        "label": "Burned Point"
      }
    },
    {
      "type": "Feature",
      "geometry": {
        "type": "Point",
        "coordinates": [
          29.250987197264063,
          40.25337313410314
        ]
      },
      "properties": {
        "probability": 0.8311,
        "risk_level": "High",
        "color": "#e67e22",
        "ndvi": "Düşük (Kurak/Hasarlı)",
        "slope": "%20.0 - Yüksek Eğim",
        "distance_to_road": "Yakın (<150m) - Antropojenik Risk",
        "label": "Burned Point"
      }
    },
    {
      "type": "Feature",
      "geometry": {
        "type": "Point",
        "coordinates": [
          29.252334670190244,
          40.25481043855773
        ]
      },
      "properties": {
        "probability": 0.8465,
        "risk_level": "High",
        "color": "#e67e22",
        "ndvi": "Düşük (Kurak/Hasarlı)",
        "slope": "%22.5 - Yüksek Eğim",
        "distance_to_road": "Yakın (<150m) - Antropojenik Risk",
        "label": "Burned Point"
      }
    },
    {
      "type": "Feature",
      "geometry": {
        "type": "Point",
        "coordinates": [
          29.23877010940004,
          40.25741555288168
        ]
      },
      "properties": {
        "probability": 0.8602,
        "risk_level": "Very High",
        "color": "#c0392b",
        "ndvi": "Düşük (Kurak/Hasarlı)",
        "slope": "%17.7 - Yüksek Eğim",
        "distance_to_road": "Yakın (<150m) - Antropojenik Risk",
        "label": "Burned Point"
      }
    },
    {
      "type": "Feature",
      "geometry": {
        "type": "Point",
        "coordinates": [
          29.246226126258232,
          40.26029016179086
        ]
      },
      "properties": {
        "probability": 0.7588,
        "risk_level": "High",
        "color": "#e67e22",
        "ndvi": "Düşük (Kurak/Hasarlı)",
        "slope": "%31.5 - Yüksek Eğim",
        "distance_to_road": "Yakın (<150m) - Antropojenik Risk",
        "label": "Burned Point"
      }
    },
    {
      "type": "Feature",
      "geometry": {
        "type": "Point",
        "coordinates": [
          29.252424501718657,
          40.252205324233785
        ]
      },
      "properties": {
        "probability": 0.8553,
        "risk_level": "Very High",
        "color": "#c0392b",
        "ndvi": "Düşük (Kurak/Hasarlı)",
        "slope": "%26.3 - Yüksek Eğim",
        "distance_to_road": "Yakın (<150m) - Antropojenik Risk",
        "label": "Burned Point"
      }
    },
    {
      "type": "Feature",
      "geometry": {
        "type": "Point",
        "coordinates": [
          29.24101589761034,
          40.25651723759756
        ]
      },
      "properties": {
        "probability": 0.7471,
        "risk_level": "High",
        "color": "#e67e22",
        "ndvi": "Düşük (Kurak/Hasarlı)",
        "slope": "%19.2 - Yüksek Eğim",
        "distance_to_road": "Yakın (<150m) - Antropojenik Risk",
        "label": "Burned Point"
      }
    },
    {
      "type": "Feature",
      "geometry": {
        "type": "Point",
        "coordinates": [
          29.25224483866183,
          40.25687656371121
        ]
      },
      "properties": {
        "probability": 0.698,
        "risk_level": "High",
        "color": "#e67e22",
        "ndvi": "Düşük (Kurak/Hasarlı)",
        "slope": "%21.7 - Yüksek Eğim",
        "distance_to_road": "Yakın (<150m) - Antropojenik Risk",
        "label": "Burned Point"
      }
    },
    {
      "type": "Feature",
      "geometry": {
        "type": "Point",
        "coordinates": [
          29.250538039622004,
          40.25346296563155
        ]
      },
      "properties": {
        "probability": 0.7289,
        "risk_level": "High",
        "color": "#e67e22",
        "ndvi": "Düşük (Kurak/Hasarlı)",
        "slope": "%15.4 - Yüksek Eğim",
        "distance_to_road": "Yakın (<150m) - Antropojenik Risk",
        "label": "Burned Point"
      }
    },
    {
      "type": "Feature",
      "geometry": {
        "type": "Point",
        "coordinates": [
          29.24667528390029,
          40.26064948790451
        ]
      },
      "properties": {
        "probability": 0.7465,
        "risk_level": "High",
        "color": "#e67e22",
        "ndvi": "Düşük (Kurak/Hasarlı)",
        "slope": "%32.2 - Yüksek Eğim",
        "distance_to_road": "Yakın (<150m) - Antropojenik Risk",
        "label": "Burned Point"
      }
    },
    {
      "type": "Feature",
      "geometry": {
        "type": "Point",
        "coordinates": [
          29.25107702879248,
          40.25139684047808
        ]
      },
      "properties": {
        "probability": 0.7233,
        "risk_level": "High",
        "color": "#e67e22",
        "ndvi": "Düşük (Kurak/Hasarlı)",
        "slope": "%25.5 - Yüksek Eğim",
        "distance_to_road": "Yakın (<150m) - Antropojenik Risk",
        "label": "Burned Point"
      }
    },
    {
      "type": "Feature",
      "geometry": {
        "type": "Point",
        "coordinates": [
          29.24460915874681,
          40.260829150961335
        ]
      },
      "properties": {
        "probability": 0.5659,
        "risk_level": "Medium",
        "color": "#f1c40f",
        "ndvi": "Düşük (Kurak/Hasarlı)",
        "slope": "%16.6 - Yüksek Eğim",
        "distance_to_road": "Yakın (<150m) - Antropojenik Risk",
        "label": "Burned Point"
      }
    },
    {
      "type": "Feature",
      "geometry": {
        "type": "Point",
        "coordinates": [
          29.245507474030937,
          40.25777487899533
        ]
      },
      "properties": {
        "probability": 0.4719,
        "risk_level": "Medium",
        "color": "#f1c40f",
        "ndvi": "Düşük (Kurak/Hasarlı)",
        "slope": "%9.5 - Düşük/Düzlük",
        "distance_to_road": "Yakın (<150m) - Antropojenik Risk",
        "label": "Burned Point"
      }
    },
    {
      "type": "Feature",
      "geometry": {
        "type": "Point",
        "coordinates": [
          29.25296349088913,
          40.25543925925661
        ]
      },
      "properties": {
        "probability": 0.8233,
        "risk_level": "High",
        "color": "#e67e22",
        "ndvi": "Düşük (Kurak/Hasarlı)",
        "slope": "%20.0 - Yüksek Eğim",
        "distance_to_road": "Yakın (<150m) - Antropojenik Risk",
        "label": "Burned Point"
      }
    },
    {
      "type": "Feature",
      "geometry": {
        "type": "Point",
        "coordinates": [
          29.25296349088913,
          40.25543925925661
        ]
      },
      "properties": {
        "probability": 0.8233,
        "risk_level": "High",
        "color": "#e67e22",
        "ndvi": "Düşük (Kurak/Hasarlı)",
        "slope": "%20.0 - Yüksek Eğim",
        "distance_to_road": "Yakın (<150m) - Antropojenik Risk",
        "label": "Burned Point"
      }
    },
    {
      "type": "Feature",
      "geometry": {
        "type": "Point",
        "coordinates": [
          29.245956631673,
          40.25750538441009
        ]
      },
      "properties": {
        "probability": 0.7213,
        "risk_level": "High",
        "color": "#e67e22",
        "ndvi": "Düşük (Kurak/Hasarlı)",
        "slope": "%21.3 - Yüksek Eğim",
        "distance_to_road": "Yakın (<150m) - Antropojenik Risk",
        "label": "Burned Point"
      }
    },
    {
      "type": "Feature",
      "geometry": {
        "type": "Point",
        "coordinates": [
          29.23984808774098,
          40.26002066720562
        ]
      },
      "properties": {
        "probability": 0.8079,
        "risk_level": "High",
        "color": "#e67e22",
        "ndvi": "Düşük (Kurak/Hasarlı)",
        "slope": "%22.8 - Yüksek Eğim",
        "distance_to_road": "Yakın (<150m) - Antropojenik Risk",
        "label": "Burned Point"
      }
    },
    {
      "type": "Feature",
      "geometry": {
        "type": "Point",
        "coordinates": [
          29.25296349088913,
          40.25373246021679
        ]
      },
      "properties": {
        "probability": 0.8065,
        "risk_level": "High",
        "color": "#e67e22",
        "ndvi": "Düşük (Kurak/Hasarlı)",
        "slope": "%12.0 - Düşük/Düzlük",
        "distance_to_road": "Yakın (<150m) - Antropojenik Risk",
        "label": "Burned Point"
      }
    },
    {
      "type": "Feature",
      "geometry": {
        "type": "Point",
        "coordinates": [
          29.28539267264584,
          40.27825646747325
        ]
      },
      "properties": {
        "probability": 0.3639,
        "risk_level": "Medium",
        "color": "#f1c40f",
        "ndvi": "Düşük (Kurak/Hasarlı)",
        "slope": "%11.5 - Düşük/Düzlük",
        "distance_to_road": "Yakın (<150m) - Antropojenik Risk",
        "label": "Burned Point"
      }
    },
    {
      "type": "Feature",
      "geometry": {
        "type": "Point",
        "coordinates": [
          29.23742263647386,
          40.25633757454074
        ]
      },
      "properties": {
        "probability": 0.7914,
        "risk_level": "High",
        "color": "#e67e22",
        "ndvi": "Düşük (Kurak/Hasarlı)",
        "slope": "%13.8 - Düşük/Düzlük",
        "distance_to_road": "Yakın (<150m) - Antropojenik Risk",
        "label": "Burned Point"
      }
    },
    {
      "type": "Feature",
      "geometry": {
        "type": "Point",
        "coordinates": [
          29.24478882180364,
          40.258673194279446
        ]
      },
      "properties": {
        "probability": 0.8459,
        "risk_level": "High",
        "color": "#e67e22",
        "ndvi": "Düşük (Kurak/Hasarlı)",
        "slope": "%19.2 - Yüksek Eğim",
        "distance_to_road": "Yakın (<150m) - Antropojenik Risk",
        "label": "Burned Point"
      }
    },
    {
      "type": "Feature",
      "geometry": {
        "type": "Point",
        "coordinates": [
          29.24451932721841,
          40.25642740606914
        ]
      },
      "properties": {
        "probability": 0.826,
        "risk_level": "High",
        "color": "#e67e22",
        "ndvi": "Düşük (Kurak/Hasarlı)",
        "slope": "%18.3 - Yüksek Eğim",
        "distance_to_road": "Yakın (<150m) - Antropojenik Risk",
        "label": "Burned Point"
      }
    },
    {
      "type": "Feature",
      "geometry": {
        "type": "Point",
        "coordinates": [
          29.245866800144583,
          40.25876302580786
        ]
      },
      "properties": {
        "probability": 0.8134,
        "risk_level": "High",
        "color": "#e67e22",
        "ndvi": "Düşük (Kurak/Hasarlı)",
        "slope": "%19.9 - Yüksek Eğim",
        "distance_to_road": "Yakın (<150m) - Antropojenik Risk",
        "label": "Burned Point"
      }
    },
    {
      "type": "Feature",
      "geometry": {
        "type": "Point",
        "coordinates": [
          29.271378954213574,
          40.27403438563789
        ]
      },
      "properties": {
        "probability": 0.6757,
        "risk_level": "High",
        "color": "#e67e22",
        "ndvi": "Düşük (Kurak/Hasarlı)",
        "slope": "%32.9 - Yüksek Eğim",
        "distance_to_road": "Yakın (<150m) - Antropojenik Risk",
        "label": "Burned Point"
      }
    },
    {
      "type": "Feature",
      "geometry": {
        "type": "Point",
        "coordinates": [
          29.23975825621257,
          40.25921218344992
        ]
      },
      "properties": {
        "probability": 0.8258,
        "risk_level": "High",
        "color": "#e67e22",
        "ndvi": "Düşük (Kurak/Hasarlı)",
        "slope": "%18.1 - Yüksek Eğim",
        "distance_to_road": "Yakın (<150m) - Antropojenik Risk",
        "label": "Burned Point"
      }
    },
    {
      "type": "Feature",
      "geometry": {
        "type": "Point",
        "coordinates": [
          29.249190566695827,
          40.26217662388751
        ]
      },
      "properties": {
        "probability": 0.6409,
        "risk_level": "Medium",
        "color": "#f1c40f",
        "ndvi": "Düşük (Kurak/Hasarlı)",
        "slope": "%18.8 - Yüksek Eğim",
        "distance_to_road": "Yakın (<150m) - Antropojenik Risk",
        "label": "Burned Point"
      }
    },
    {
      "type": "Feature",
      "geometry": {
        "type": "Point",
        "coordinates": [
          29.2429921912354,
          40.2567867321828
        ]
      },
      "properties": {
        "probability": 0.8567,
        "risk_level": "Very High",
        "color": "#c0392b",
        "ndvi": "Düşük (Kurak/Hasarlı)",
        "slope": "%17.4 - Yüksek Eğim",
        "distance_to_road": "Yakın (<150m) - Antropojenik Risk",
        "label": "Burned Point"
      }
    },
    {
      "type": "Feature",
      "geometry": {
        "type": "Point",
        "coordinates": [
          29.24110572913875,
          40.25903252039309
        ]
      },
      "properties": {
        "probability": 0.8687,
        "risk_level": "Very High",
        "color": "#c0392b",
        "ndvi": "Düşük (Kurak/Hasarlı)",
        "slope": "%22.9 - Yüksek Eğim",
        "distance_to_road": "Yakın (<150m) - Antropojenik Risk",
        "label": "Burned Point"
      }
    },
    {
      "type": "Feature",
      "geometry": {
        "type": "Point",
        "coordinates": [
          29.24793292529806,
          40.26064948790451
        ]
      },
      "properties": {
        "probability": 0.8454,
        "risk_level": "High",
        "color": "#e67e22",
        "ndvi": "Düşük (Kurak/Hasarlı)",
        "slope": "%29.0 - Yüksek Eğim",
        "distance_to_road": "Yakın (<150m) - Antropojenik Risk",
        "label": "Burned Point"
      }
    },
    {
      "type": "Feature",
      "geometry": {
        "type": "Point",
        "coordinates": [
          29.23912943551369,
          40.2598410041488
        ]
      },
      "properties": {
        "probability": 0.7733,
        "risk_level": "High",
        "color": "#e67e22",
        "ndvi": "Düşük (Kurak/Hasarlı)",
        "slope": "%31.2 - Yüksek Eğim",
        "distance_to_road": "Yakın (<150m) - Antropojenik Risk",
        "label": "Burned Point"
      }
    },
    {
      "type": "Feature",
      "geometry": {
        "type": "Point",
        "coordinates": [
          29.25080753420724,
          40.2531036395179
        ]
      },
      "properties": {
        "probability": 0.8246,
        "risk_level": "High",
        "color": "#e67e22",
        "ndvi": "Düşük (Kurak/Hasarlı)",
        "slope": "%17.4 - Yüksek Eğim",
        "distance_to_road": "Yakın (<150m) - Antropojenik Risk",
        "label": "Burned Point"
      }
    },
    {
      "type": "Feature",
      "geometry": {
        "type": "Point",
        "coordinates": [
          29.23984808774098,
          40.25993083567721
        ]
      },
      "properties": {
        "probability": 0.8383,
        "risk_level": "High",
        "color": "#e67e22",
        "ndvi": "Düşük (Kurak/Hasarlı)",
        "slope": "%22.8 - Yüksek Eğim",
        "distance_to_road": "Yakın (<150m) - Antropojenik Risk",
        "label": "Burned Point"
      }
    },
    {
      "type": "Feature",
      "geometry": {
        "type": "Point",
        "coordinates": [
          29.24272269665017,
          40.25822403663739
        ]
      },
      "properties": {
        "probability": 0.8713,
        "risk_level": "Very High",
        "color": "#c0392b",
        "ndvi": "Düşük (Kurak/Hasarlı)",
        "slope": "%26.2 - Yüksek Eğim",
        "distance_to_road": "Yakın (<150m) - Antropojenik Risk",
        "label": "Burned Point"
      }
    },
    {
      "type": "Feature",
      "geometry": {
        "type": "Point",
        "coordinates": [
          29.25260416477548,
          40.25624774301232
        ]
      },
      "properties": {
        "probability": 0.645,
        "risk_level": "Medium",
        "color": "#f1c40f",
        "ndvi": "Düşük (Kurak/Hasarlı)",
        "slope": "%26.0 - Yüksek Eğim",
        "distance_to_road": "Yakın (<150m) - Antropojenik Risk",
        "label": "Burned Point"
      }
    },
    {
      "type": "Feature",
      "geometry": {
        "type": "Point",
        "coordinates": [
          29.24856174599694,
          40.26109864554657
        ]
      },
      "properties": {
        "probability": 0.7006,
        "risk_level": "High",
        "color": "#e67e22",
        "ndvi": "Düşük (Kurak/Hasarlı)",
        "slope": "%28.8 - Yüksek Eğim",
        "distance_to_road": "Yakın (<150m) - Antropojenik Risk",
        "label": "Burned Point"
      }
    },
    {
      "type": "Feature",
      "geometry": {
        "type": "Point",
        "coordinates": [
          29.247393936127587,
          40.26172746624545
        ]
      },
      "properties": {
        "probability": 0.5428,
        "risk_level": "Medium",
        "color": "#f1c40f",
        "ndvi": "Düşük (Kurak/Hasarlı)",
        "slope": "%17.9 - Yüksek Eğim",
        "distance_to_road": "Yakın (<150m) - Antropojenik Risk",
        "label": "Burned Point"
      }
    },
    {
      "type": "Feature",
      "geometry": {
        "type": "Point",
        "coordinates": [
          29.24416000110476,
          40.26029016179086
        ]
      },
      "properties": {
        "probability": 0.82,
        "risk_level": "High",
        "color": "#e67e22",
        "ndvi": "Düşük (Kurak/Hasarlı)",
        "slope": "%32.5 - Yüksek Eğim",
        "distance_to_road": "Yakın (<150m) - Antropojenik Risk",
        "label": "Burned Point"
      }
    },
    {
      "type": "Feature",
      "geometry": {
        "type": "Point",
        "coordinates": [
          29.252514333247067,
          40.25103751436443
        ]
      },
      "properties": {
        "probability": 0.7731,
        "risk_level": "High",
        "color": "#e67e22",
        "ndvi": "Düşük (Kurak/Hasarlı)",
        "slope": "%30.4 - Yüksek Eğim",
        "distance_to_road": "Yakın (<150m) - Antropojenik Risk",
        "label": "Burned Point"
      }
    },
    {
      "type": "Feature",
      "geometry": {
        "type": "Point",
        "coordinates": [
          29.245507474030937,
          40.25687656371121
        ]
      },
      "properties": {
        "probability": 0.5458,
        "risk_level": "Medium",
        "color": "#f1c40f",
        "ndvi": "Düşük (Kurak/Hasarlı)",
        "slope": "%19.1 - Yüksek Eğim",
        "distance_to_road": "Yakın (<150m) - Antropojenik Risk",
        "label": "Burned Point"
      }
    },
    {
      "type": "Feature",
      "geometry": {
        "type": "Point",
        "coordinates": [
          29.24658545237188,
          40.25885285733627
        ]
      },
      "properties": {
        "probability": 0.7337,
        "risk_level": "High",
        "color": "#e67e22",
        "ndvi": "Düşük (Kurak/Hasarlı)",
        "slope": "%21.5 - Yüksek Eğim",
        "distance_to_road": "Yakın (<150m) - Antropojenik Risk",
        "label": "Burned Point"
      }
    },
    {
      "type": "Feature",
      "geometry": {
        "type": "Point",
        "coordinates": [
          29.247393936127587,
          40.26073931943292
        ]
      },
      "properties": {
        "probability": 0.75,
        "risk_level": "High",
        "color": "#e67e22",
        "ndvi": "Düşük (Kurak/Hasarlı)",
        "slope": "%25.6 - Yüksek Eğim",
        "distance_to_road": "Yakın (<150m) - Antropojenik Risk",
        "label": "Burned Point"
      }
    },
    {
      "type": "Feature",
      "geometry": {
        "type": "Point",
        "coordinates": [
          29.243800674991107,
          40.25948167803515
        ]
      },
      "properties": {
        "probability": 0.8683,
        "risk_level": "Very High",
        "color": "#c0392b",
        "ndvi": "Düşük (Kurak/Hasarlı)",
        "slope": "%23.7 - Yüksek Eğim",
        "distance_to_road": "Yakın (<150m) - Antropojenik Risk",
        "label": "Burned Point"
      }
    },
    {
      "type": "Feature",
      "geometry": {
        "type": "Point",
        "coordinates": [
          29.25170584949136,
          40.25651723759756
        ]
      },
      "properties": {
        "probability": 0.4249,
        "risk_level": "Medium",
        "color": "#f1c40f",
        "ndvi": "Düşük (Kurak/Hasarlı)",
        "slope": "%27.4 - Yüksek Eğim",
        "distance_to_road": "Yakın (<150m) - Antropojenik Risk",
        "label": "Burned Point"
      }
    },
    {
      "type": "Feature",
      "geometry": {
        "type": "Point",
        "coordinates": [
          29.2512566918493,
          40.25130700894967
        ]
      },
      "properties": {
        "probability": 0.612,
        "risk_level": "Medium",
        "color": "#f1c40f",
        "ndvi": "Düşük (Kurak/Hasarlı)",
        "slope": "%27.4 - Yüksek Eğim",
        "distance_to_road": "Yakın (<150m) - Antropojenik Risk",
        "label": "Burned Point"
      }
    },
    {
      "type": "Feature",
      "geometry": {
        "type": "Point",
        "coordinates": [
          29.23903960398528,
          40.257235889824855
        ]
      },
      "properties": {
        "probability": 0.8628,
        "risk_level": "Very High",
        "color": "#c0392b",
        "ndvi": "Düşük (Kurak/Hasarlı)",
        "slope": "%24.5 - Yüksek Eğim",
        "distance_to_road": "Yakın (<150m) - Antropojenik Risk",
        "label": "Burned Point"
      }
    },
    {
      "type": "Feature",
      "geometry": {
        "type": "Point",
        "coordinates": [
          29.254670289928956,
          40.25265448187584
        ]
      },
      "properties": {
        "probability": 0.4835,
        "risk_level": "Medium",
        "color": "#f1c40f",
        "ndvi": "Düşük (Kurak/Hasarlı)",
        "slope": "%29.7 - Yüksek Eğim",
        "distance_to_road": "Yakın (<150m) - Antropojenik Risk",
        "label": "Burned Point"
      }
    },
    {
      "type": "Feature",
      "geometry": {
        "type": "Point",
        "coordinates": [
          29.24658545237188,
          40.262266455415926
        ]
      },
      "properties": {
        "probability": 0.413,
        "risk_level": "Medium",
        "color": "#f1c40f",
        "ndvi": "Düşük (Kurak/Hasarlı)",
        "slope": "%19.6 - Yüksek Eğim",
        "distance_to_road": "Yakın (<150m) - Antropojenik Risk",
        "label": "Burned Point"
      }
    },
    {
      "type": "Feature",
      "geometry": {
        "type": "Point",
        "coordinates": [
          29.24460915874681,
          40.26002066720562
        ]
      },
      "properties": {
        "probability": 0.8503,
        "risk_level": "Very High",
        "color": "#c0392b",
        "ndvi": "Düşük (Kurak/Hasarlı)",
        "slope": "%27.0 - Yüksek Eğim",
        "distance_to_road": "Yakın (<150m) - Antropojenik Risk",
        "label": "Burned Point"
      }
    },
    {
      "type": "Feature",
      "geometry": {
        "type": "Point",
        "coordinates": [
          29.250897365735653,
          40.25499010161455
        ]
      },
      "properties": {
        "probability": 0.4831,
        "risk_level": "Medium",
        "color": "#f1c40f",
        "ndvi": "Düşük (Kurak/Hasarlı)",
        "slope": "%35.3 - Yüksek Eğim",
        "distance_to_road": "Yakın (<150m) - Antropojenik Risk",
        "label": "Burned Point"
      }
    },
    {
      "type": "Feature",
      "geometry": {
        "type": "Point",
        "coordinates": [
          29.241824381366044,
          40.25957150956357
        ]
      },
      "properties": {
        "probability": 0.8588,
        "risk_level": "Very High",
        "color": "#c0392b",
        "ndvi": "Düşük (Kurak/Hasarlı)",
        "slope": "%22.9 - Yüksek Eğim",
        "distance_to_road": "Yakın (<150m) - Antropojenik Risk",
        "label": "Burned Point"
      }
    },
    {
      "type": "Feature",
      "geometry": {
        "type": "Point",
        "coordinates": [
          29.253771974644835,
          40.25067818825078
        ]
      },
      "properties": {
        "probability": 0.8315,
        "risk_level": "High",
        "color": "#e67e22",
        "ndvi": "Düşük (Kurak/Hasarlı)",
        "slope": "%30.4 - Yüksek Eğim",
        "distance_to_road": "Yakın (<150m) - Antropojenik Risk",
        "label": "Burned Point"
      }
    },
    {
      "type": "Feature",
      "geometry": {
        "type": "Point",
        "coordinates": [
          29.250538039622004,
          40.25373246021679
        ]
      },
      "properties": {
        "probability": 0.8122,
        "risk_level": "High",
        "color": "#e67e22",
        "ndvi": "Düşük (Kurak/Hasarlı)",
        "slope": "%18.4 - Yüksek Eğim",
        "distance_to_road": "Yakın (<150m) - Antropojenik Risk",
        "label": "Burned Point"
      }
    },
    {
      "type": "Feature",
      "geometry": {
        "type": "Point",
        "coordinates": [
          29.251526186434536,
          40.25597824842709
        ]
      },
      "properties": {
        "probability": 0.6847,
        "risk_level": "High",
        "color": "#e67e22",
        "ndvi": "Düşük (Kurak/Hasarlı)",
        "slope": "%28.1 - Yüksek Eğim",
        "distance_to_road": "Yakın (<150m) - Antropojenik Risk",
        "label": "Burned Point"
      }
    },
    {
      "type": "Feature",
      "geometry": {
        "type": "Point",
        "coordinates": [
          29.244429495689992,
          40.25975117262039
        ]
      },
      "properties": {
        "probability": 0.8773,
        "risk_level": "Very High",
        "color": "#c0392b",
        "ndvi": "Düşük (Kurak/Hasarlı)",
        "slope": "%23.0 - Yüksek Eğim",
        "distance_to_road": "Yakın (<150m) - Antropojenik Risk",
        "label": "Burned Point"
      }
    },
    {
      "type": "Feature",
      "geometry": {
        "type": "Point",
        "coordinates": [
          29.252783827832303,
          40.2522951557622
        ]
      },
      "properties": {
        "probability": 0.8647,
        "risk_level": "Very High",
        "color": "#c0392b",
        "ndvi": "Düşük (Kurak/Hasarlı)",
        "slope": "%25.4 - Yüksek Eğim",
        "distance_to_road": "Yakın (<150m) - Antropojenik Risk",
        "label": "Burned Point"
      }
    },
    {
      "type": "Feature",
      "geometry": {
        "type": "Point",
        "coordinates": [
          29.24784309376965,
          40.26235628694433
        ]
      },
      "properties": {
        "probability": 0.8314,
        "risk_level": "High",
        "color": "#e67e22",
        "ndvi": "Düşük (Kurak/Hasarlı)",
        "slope": "%23.9 - Yüksek Eğim",
        "distance_to_road": "Yakın (<150m) - Antropojenik Risk",
        "label": "Burned Point"
      }
    },
    {
      "type": "Feature",
      "geometry": {
        "type": "Point",
        "coordinates": [
          29.24209387595128,
          40.258403699694206
        ]
      },
      "properties": {
        "probability": 0.8818,
        "risk_level": "Very High",
        "color": "#c0392b",
        "ndvi": "Düşük (Kurak/Hasarlı)",
        "slope": "%25.0 - Yüksek Eğim",
        "distance_to_road": "Yakın (<150m) - Antropojenik Risk",
        "label": "Burned Point"
      }
    },
    {
      "type": "Feature",
      "geometry": {
        "type": "Point",
        "coordinates": [
          29.24290235970699,
          40.25777487899533
        ]
      },
      "properties": {
        "probability": 0.8288,
        "risk_level": "High",
        "color": "#e67e22",
        "ndvi": "Düşük (Kurak/Hasarlı)",
        "slope": "%18.6 - Yüksek Eğim",
        "distance_to_road": "Yakın (<150m) - Antropojenik Risk",
        "label": "Burned Point"
      }
    },
    {
      "type": "Feature",
      "geometry": {
        "type": "Point",
        "coordinates": [
          29.23912943551369,
          40.25930201497833
        ]
      },
      "properties": {
        "probability": 0.8425,
        "risk_level": "High",
        "color": "#e67e22",
        "ndvi": "Düşük (Kurak/Hasarlı)",
        "slope": "%26.2 - Yüksek Eğim",
        "distance_to_road": "Yakın (<150m) - Antropojenik Risk",
        "label": "Burned Point"
      }
    },
    {
      "type": "Feature",
      "geometry": {
        "type": "Point",
        "coordinates": [
          29.24451932721841,
          40.260829150961335
        ]
      },
      "properties": {
        "probability": 0.6606,
        "risk_level": "High",
        "color": "#e67e22",
        "ndvi": "Düşük (Kurak/Hasarlı)",
        "slope": "%15.6 - Yüksek Eğim",
        "distance_to_road": "Yakın (<150m) - Antropojenik Risk",
        "label": "Burned Point"
      }
    },
    {
      "type": "Feature",
      "geometry": {
        "type": "Point",
        "coordinates": [
          29.23966842468416,
          40.2560680799555
        ]
      },
      "properties": {
        "probability": 0.8703,
        "risk_level": "Very High",
        "color": "#c0392b",
        "ndvi": "Düşük (Kurak/Hasarlı)",
        "slope": "%23.5 - Yüksek Eğim",
        "distance_to_road": "Yakın (<150m) - Antropojenik Risk",
        "label": "Burned Point"
      }
    },
    {
      "type": "Feature",
      "geometry": {
        "type": "Point",
        "coordinates": [
          29.24631595778664,
          40.25795454205215
        ]
      },
      "properties": {
        "probability": 0.5515,
        "risk_level": "Medium",
        "color": "#f1c40f",
        "ndvi": "Düşük (Kurak/Hasarlı)",
        "slope": "%16.3 - Yüksek Eğim",
        "distance_to_road": "Yakın (<150m) - Antropojenik Risk",
        "label": "Burned Point"
      }
    },
    {
      "type": "Feature",
      "geometry": {
        "type": "Point",
        "coordinates": [
          29.25215500713342,
          40.25400195480202
        ]
      },
      "properties": {
        "probability": 0.8874,
        "risk_level": "Very High",
        "color": "#c0392b",
        "ndvi": "Düşük (Kurak/Hasarlı)",
        "slope": "%20.2 - Yüksek Eğim",
        "distance_to_road": "Yakın (<150m) - Antropojenik Risk",
        "label": "Burned Point"
      }
    },
    {
      "type": "Feature",
      "geometry": {
        "type": "Point",
        "coordinates": [
          29.254131300758484,
          40.25184599812014
        ]
      },
      "properties": {
        "probability": 0.8736,
        "risk_level": "Very High",
        "color": "#c0392b",
        "ndvi": "Düşük (Kurak/Hasarlı)",
        "slope": "%18.3 - Yüksek Eğim",
        "distance_to_road": "Yakın (<150m) - Antropojenik Risk",
        "label": "Burned Point"
      }
    },
    {
      "type": "Feature",
      "geometry": {
        "type": "Point",
        "coordinates": [
          29.253322817002772,
          40.25516976467138
        ]
      },
      "properties": {
        "probability": 0.8771,
        "risk_level": "Very High",
        "color": "#c0392b",
        "ndvi": "Düşük (Kurak/Hasarlı)",
        "slope": "%20.4 - Yüksek Eğim",
        "distance_to_road": "Yakın (<150m) - Antropojenik Risk",
        "label": "Burned Point"
      }
    },
    {
      "type": "Feature",
      "geometry": {
        "type": "Point",
        "coordinates": [
          29.238141288701154,
          40.256966395239616
        ]
      },
      "properties": {
        "probability": 0.8426,
        "risk_level": "High",
        "color": "#e67e22",
        "ndvi": "Düşük (Kurak/Hasarlı)",
        "slope": "%15.8 - Yüksek Eğim",
        "distance_to_road": "Yakın (<150m) - Antropojenik Risk",
        "label": "Burned Point"
      }
    },
    {
      "type": "Feature",
      "geometry": {
        "type": "Point",
        "coordinates": [
          29.25143635490613,
          40.25238498729061
        ]
      },
      "properties": {
        "probability": 0.8379,
        "risk_level": "High",
        "color": "#e67e22",
        "ndvi": "Düşük (Kurak/Hasarlı)",
        "slope": "%17.9 - Yüksek Eğim",
        "distance_to_road": "Yakın (<150m) - Antropojenik Risk",
        "label": "Burned Point"
      }
    },
    {
      "type": "Feature",
      "geometry": {
        "type": "Point",
        "coordinates": [
          29.24640578931505,
          40.261278308603394
        ]
      },
      "properties": {
        "probability": 0.7378,
        "risk_level": "High",
        "color": "#e67e22",
        "ndvi": "Düşük (Kurak/Hasarlı)",
        "slope": "%20.5 - Yüksek Eğim",
        "distance_to_road": "Yakın (<150m) - Antropojenik Risk",
        "label": "Burned Point"
      }
    },
    {
      "type": "Feature",
      "geometry": {
        "type": "Point",
        "coordinates": [
          29.24092606608193,
          40.25948167803515
        ]
      },
      "properties": {
        "probability": 0.8646,
        "risk_level": "Very High",
        "color": "#c0392b",
        "ndvi": "Düşük (Kurak/Hasarlı)",
        "slope": "%23.2 - Yüksek Eğim",
        "distance_to_road": "Yakın (<150m) - Antropojenik Risk",
        "label": "Burned Point"
      }
    },
    {
      "type": "Feature",
      "geometry": {
        "type": "Point",
        "coordinates": [
          29.248741409053764,
          40.26334443375686
        ]
      },
      "properties": {
        "probability": 0.566,
        "risk_level": "Medium",
        "color": "#f1c40f",
        "ndvi": "Düşük (Kurak/Hasarlı)",
        "slope": "%27.7 - Yüksek Eğim",
        "distance_to_road": "Yakın (<150m) - Antropojenik Risk",
        "label": "Burned Point"
      }
    },
    {
      "type": "Feature",
      "geometry": {
        "type": "Point",
        "coordinates": [
          29.24981938739471,
          40.2531036395179
        ]
      },
      "properties": {
        "probability": 0.623,
        "risk_level": "Medium",
        "color": "#f1c40f",
        "ndvi": "Düşük (Kurak/Hasarlı)",
        "slope": "%19.6 - Yüksek Eğim",
        "distance_to_road": "Yakın (<150m) - Antropojenik Risk",
        "label": "Burned Point"
      }
    },
    {
      "type": "Feature",
      "geometry": {
        "type": "Point",
        "coordinates": [
          29.24416000110476,
          40.2567867321828
        ]
      },
      "properties": {
        "probability": 0.8611,
        "risk_level": "Very High",
        "color": "#c0392b",
        "ndvi": "Düşük (Kurak/Hasarlı)",
        "slope": "%15.6 - Yüksek Eğim",
        "distance_to_road": "Yakın (<150m) - Antropojenik Risk",
        "label": "Burned Point"
      }
    },
    {
      "type": "Feature",
      "geometry": {
        "type": "Point",
        "coordinates": [
          29.24802275682647,
          40.26181729777387
        ]
      },
      "properties": {
        "probability": 0.7331,
        "risk_level": "High",
        "color": "#e67e22",
        "ndvi": "Düşük (Kurak/Hasarlı)",
        "slope": "%18.6 - Yüksek Eğim",
        "distance_to_road": "Yakın (<150m) - Antropojenik Risk",
        "label": "Burned Point"
      }
    },
    {
      "type": "Feature",
      "geometry": {
        "type": "Point",
        "coordinates": [
          29.253771974644835,
          40.25103751436443
        ]
      },
      "properties": {
        "probability": 0.7918,
        "risk_level": "High",
        "color": "#e67e22",
        "ndvi": "Düşük (Kurak/Hasarlı)",
        "slope": "%23.6 - Yüksek Eğim",
        "distance_to_road": "Yakın (<150m) - Antropojenik Risk",
        "label": "Burned Point"
      }
    },
    {
      "type": "Feature",
      "geometry": {
        "type": "Point",
        "coordinates": [
          29.246854946957114,
          40.258673194279446
        ]
      },
      "properties": {
        "probability": 0.3735,
        "risk_level": "Medium",
        "color": "#f1c40f",
        "ndvi": "Düşük (Kurak/Hasarlı)",
        "slope": "%16.4 - Yüksek Eğim",
        "distance_to_road": "Yakın (<150m) - Antropojenik Risk",
        "label": "Burned Point"
      }
    },
    {
      "type": "Feature",
      "geometry": {
        "type": "Point",
        "coordinates": [
          29.241914212894457,
          40.25624774301232
        ]
      },
      "properties": {
        "probability": 0.8711,
        "risk_level": "Very High",
        "color": "#c0392b",
        "ndvi": "Düşük (Kurak/Hasarlı)",
        "slope": "%20.9 - Yüksek Eğim",
        "distance_to_road": "Yakın (<150m) - Antropojenik Risk",
        "label": "Burned Point"
      }
    },
    {
      "type": "Feature",
      "geometry": {
        "type": "Point",
        "coordinates": [
          29.239309098570512,
          40.257235889824855
        ]
      },
      "properties": {
        "probability": 0.8477,
        "risk_level": "High",
        "color": "#e67e22",
        "ndvi": "Düşük (Kurak/Hasarlı)",
        "slope": "%25.0 - Yüksek Eğim",
        "distance_to_road": "Yakın (<150m) - Antropojenik Risk",
        "label": "Burned Point"
      }
    },
    {
      "type": "Feature",
      "geometry": {
        "type": "Point",
        "coordinates": [
          29.2535024800596,
          40.25454094397249
        ]
      },
      "properties": {
        "probability": 0.7808,
        "risk_level": "High",
        "color": "#e67e22",
        "ndvi": "Düşük (Kurak/Hasarlı)",
        "slope": "%15.4 - Yüksek Eğim",
        "distance_to_road": "Yakın (<150m) - Antropojenik Risk",
        "label": "Burned Point"
      }
    },
    {
      "type": "Feature",
      "geometry": {
        "type": "Point",
        "coordinates": [
          29.240027750797807,
          40.25714605829644
        ]
      },
      "properties": {
        "probability": 0.875,
        "risk_level": "Very High",
        "color": "#c0392b",
        "ndvi": "Düşük (Kurak/Hasarlı)",
        "slope": "%21.9 - Yüksek Eğim",
        "distance_to_road": "Yakın (<150m) - Antropojenik Risk",
        "label": "Burned Point"
      }
    },
    {
      "type": "Feature",
      "geometry": {
        "type": "Point",
        "coordinates": [
          29.246226126258232,
          40.25894268886468
        ]
      },
      "properties": {
        "probability": 0.6698,
        "risk_level": "High",
        "color": "#e67e22",
        "ndvi": "Düşük (Kurak/Hasarlı)",
        "slope": "%22.3 - Yüksek Eğim",
        "distance_to_road": "Yakın (<150m) - Antropojenik Risk",
        "label": "Burned Point"
      }
    },
    {
      "type": "Feature",
      "geometry": {
        "type": "Point",
        "coordinates": [
          29.23841078328639,
          40.25786471052374
        ]
      },
      "properties": {
        "probability": 0.7151,
        "risk_level": "High",
        "color": "#e67e22",
        "ndvi": "Düşük (Kurak/Hasarlı)",
        "slope": "%17.6 - Yüksek Eğim",
        "distance_to_road": "Yakın (<150m) - Antropojenik Risk",
        "label": "Burned Point"
      }
    },
    {
      "type": "Feature",
      "geometry": {
        "type": "Point",
        "coordinates": [
          29.2467651154287,
          40.26181729777387
        ]
      },
      "properties": {
        "probability": 0.6474,
        "risk_level": "Medium",
        "color": "#f1c40f",
        "ndvi": "Düşük (Kurak/Hasarlı)",
        "slope": "%20.7 - Yüksek Eğim",
        "distance_to_road": "Yakın (<150m) - Antropojenik Risk",
        "label": "Burned Point"
      }
    },
    {
      "type": "Feature",
      "geometry": {
        "type": "Point",
        "coordinates": [
          29.238680277871627,
          40.25822403663739
        ]
      },
      "properties": {
        "probability": 0.8283,
        "risk_level": "High",
        "color": "#e67e22",
        "ndvi": "Düşük (Kurak/Hasarlı)",
        "slope": "%29.0 - Yüksek Eğim",
        "distance_to_road": "Yakın (<150m) - Antropojenik Risk",
        "label": "Burned Point"
      }
    },
    {
      "type": "Feature",
      "geometry": {
        "type": "Point",
        "coordinates": [
          29.25107702879248,
          40.25274431340426
        ]
      },
      "properties": {
        "probability": 0.8013,
        "risk_level": "High",
        "color": "#e67e22",
        "ndvi": "Düşük (Kurak/Hasarlı)",
        "slope": "%17.7 - Yüksek Eğim",
        "distance_to_road": "Yakın (<150m) - Antropojenik Risk",
        "label": "Burned Point"
      }
    },
    {
      "type": "Feature",
      "geometry": {
        "type": "Point",
        "coordinates": [
          29.24416000110476,
          40.25633757454074
        ]
      },
      "properties": {
        "probability": 0.8808,
        "risk_level": "Very High",
        "color": "#c0392b",
        "ndvi": "Düşük (Kurak/Hasarlı)",
        "slope": "%18.3 - Yüksek Eğim",
        "distance_to_road": "Yakın (<150m) - Antropojenik Risk",
        "label": "Burned Point"
      }
    },
    {
      "type": "Feature",
      "geometry": {
        "type": "Point",
        "coordinates": [
          29.244070169576343,
          40.26037999331927
        ]
      },
      "properties": {
        "probability": 0.7786,
        "risk_level": "High",
        "color": "#e67e22",
        "ndvi": "Düşük (Kurak/Hasarlı)",
        "slope": "%32.5 - Yüksek Eğim",
        "distance_to_road": "Yakın (<150m) - Antropojenik Risk",
        "label": "Burned Point"
      }
    },
    {
      "type": "Feature",
      "geometry": {
        "type": "Point",
        "coordinates": [
          29.24092606608193,
          40.257235889824855
        ]
      },
      "properties": {
        "probability": 0.8865,
        "risk_level": "Very High",
        "color": "#c0392b",
        "ndvi": "Düşük (Kurak/Hasarlı)",
        "slope": "%20.7 - Yüksek Eğim",
        "distance_to_road": "Yakın (<150m) - Antropojenik Risk",
        "label": "Burned Point"
      }
    },
    {
      "type": "Feature",
      "geometry": {
        "type": "Point",
        "coordinates": [
          29.25143635490613,
          40.25085785130761
        ]
      },
      "properties": {
        "probability": 0.7105,
        "risk_level": "High",
        "color": "#e67e22",
        "ndvi": "Düşük (Kurak/Hasarlı)",
        "slope": "%26.0 - Yüksek Eğim",
        "distance_to_road": "Yakın (<150m) - Antropojenik Risk",
        "label": "Burned Point"
      }
    },
    {
      "type": "Feature",
      "geometry": {
        "type": "Point",
        "coordinates": [
          29.27182811185564,
          40.27394455410948
        ]
      },
      "properties": {
        "probability": 0.815,
        "risk_level": "High",
        "color": "#e67e22",
        "ndvi": "Düşük (Kurak/Hasarlı)",
        "slope": "%22.5 - Yüksek Eğim",
        "distance_to_road": "Yakın (<150m) - Antropojenik Risk",
        "label": "Burned Point"
      }
    },
    {
      "type": "Feature",
      "geometry": {
        "type": "Point",
        "coordinates": [
          29.240746403025103,
          40.257235889824855
        ]
      },
      "properties": {
        "probability": 0.88,
        "risk_level": "Very High",
        "color": "#c0392b",
        "ndvi": "Düşük (Kurak/Hasarlı)",
        "slope": "%20.7 - Yüksek Eğim",
        "distance_to_road": "Yakın (<150m) - Antropojenik Risk",
        "label": "Burned Point"
      }
    },
    {
      "type": "Feature",
      "geometry": {
        "type": "Point",
        "coordinates": [
          29.25368214311642,
          40.25337313410314
        ]
      },
      "properties": {
        "probability": 0.648,
        "risk_level": "Medium",
        "color": "#f1c40f",
        "ndvi": "Düşük (Kurak/Hasarlı)",
        "slope": "%25.8 - Yüksek Eğim",
        "distance_to_road": "Yakın (<150m) - Antropojenik Risk",
        "label": "Burned Point"
      }
    },
    {
      "type": "Feature",
      "geometry": {
        "type": "Point",
        "coordinates": [
          29.25161601796295,
          40.25436128091568
        ]
      },
      "properties": {
        "probability": 0.8063,
        "risk_level": "High",
        "color": "#e67e22",
        "ndvi": "Düşük (Kurak/Hasarlı)",
        "slope": "%19.8 - Yüksek Eğim",
        "distance_to_road": "Yakın (<150m) - Antropojenik Risk",
        "label": "Burned Point"
      }
    },
    {
      "type": "Feature",
      "geometry": {
        "type": "Point",
        "coordinates": [
          29.23948876162733,
          40.25921218344992
        ]
      },
      "properties": {
        "probability": 0.8199,
        "risk_level": "High",
        "color": "#e67e22",
        "ndvi": "Düşük (Kurak/Hasarlı)",
        "slope": "%20.0 - Yüksek Eğim",
        "distance_to_road": "Yakın (<150m) - Antropojenik Risk",
        "label": "Burned Point"
      }
    },
    {
      "type": "Feature",
      "geometry": {
        "type": "Point",
        "coordinates": [
          29.27092979657152,
          40.27376489105265
        ]
      },
      "properties": {
        "probability": 0.816,
        "risk_level": "High",
        "color": "#e67e22",
        "ndvi": "Düşük (Kurak/Hasarlı)",
        "slope": "%27.8 - Yüksek Eğim",
        "distance_to_road": "Yakın (<150m) - Antropojenik Risk",
        "label": "Burned Point"
      }
    },
    {
      "type": "Feature",
      "geometry": {
        "type": "Point",
        "coordinates": [
          29.2392192670421,
          40.25597824842709
        ]
      },
      "properties": {
        "probability": 0.8772,
        "risk_level": "Very High",
        "color": "#c0392b",
        "ndvi": "Düşük (Kurak/Hasarlı)",
        "slope": "%21.3 - Yüksek Eğim",
        "distance_to_road": "Yakın (<150m) - Antropojenik Risk",
        "label": "Burned Point"
      }
    },
    {
      "type": "Feature",
      "geometry": {
        "type": "Point",
        "coordinates": [
          29.24487865333205,
          40.25472060702932
        ]
      },
      "properties": {
        "probability": 0.7956,
        "risk_level": "High",
        "color": "#e67e22",
        "ndvi": "Düşük (Kurak/Hasarlı)",
        "slope": "%24.3 - Yüksek Eğim",
        "distance_to_road": "Yakın (<150m) - Antropojenik Risk",
        "label": "Burned Point"
      }
    },
    {
      "type": "Feature",
      "geometry": {
        "type": "Point",
        "coordinates": [
          29.23841078328639,
          40.2567867321828
        ]
      },
      "properties": {
        "probability": 0.8622,
        "risk_level": "Very High",
        "color": "#c0392b",
        "ndvi": "Düşük (Kurak/Hasarlı)",
        "slope": "%20.5 - Yüksek Eğim",
        "distance_to_road": "Yakın (<150m) - Antropojenik Risk",
        "label": "Burned Point"
      }
    },
    {
      "type": "Feature",
      "geometry": {
        "type": "Point",
        "coordinates": [
          29.23742263647386,
          40.2560680799555
        ]
      },
      "properties": {
        "probability": 0.784,
        "risk_level": "High",
        "color": "#e67e22",
        "ndvi": "Düşük (Kurak/Hasarlı)",
        "slope": "%12.8 - Düşük/Düzlük",
        "distance_to_road": "Yakın (<150m) - Antropojenik Risk",
        "label": "Burned Point"
      }
    },
    {
      "type": "Feature",
      "geometry": {
        "type": "Point",
        "coordinates": [
          29.23984808774098,
          40.2583138681658
        ]
      },
      "properties": {
        "probability": 0.8478,
        "risk_level": "High",
        "color": "#e67e22",
        "ndvi": "Düşük (Kurak/Hasarlı)",
        "slope": "%22.9 - Yüksek Eğim",
        "distance_to_road": "Yakın (<150m) - Antropojenik Risk",
        "label": "Burned Point"
      }
    },
    {
      "type": "Feature",
      "geometry": {
        "type": "Point",
        "coordinates": [
          29.251526186434536,
          40.25022903060872
        ]
      },
      "properties": {
        "probability": 0.71,
        "risk_level": "High",
        "color": "#e67e22",
        "ndvi": "Düşük (Kurak/Hasarlı)",
        "slope": "%24.4 - Yüksek Eğim",
        "distance_to_road": "Yakın (<150m) - Antropojenik Risk",
        "label": "Burned Point"
      }
    },
    {
      "type": "Feature",
      "geometry": {
        "type": "Point",
        "coordinates": [
          29.25179568101977,
          40.253642628688375
        ]
      },
      "properties": {
        "probability": 0.8706,
        "risk_level": "Very High",
        "color": "#c0392b",
        "ndvi": "Düşük (Kurak/Hasarlı)",
        "slope": "%19.1 - Yüksek Eğim",
        "distance_to_road": "Yakın (<150m) - Antropojenik Risk",
        "label": "Burned Point"
      }
    },
    {
      "type": "Feature",
      "geometry": {
        "type": "Point",
        "coordinates": [
          29.24416000110476,
          40.25543925925661
        ]
      },
      "properties": {
        "probability": 0.8658,
        "risk_level": "Very High",
        "color": "#c0392b",
        "ndvi": "Düşük (Kurak/Hasarlı)",
        "slope": "%20.5 - Yüksek Eğim",
        "distance_to_road": "Yakın (<150m) - Antropojenik Risk",
        "label": "Burned Point"
      }
    },
    {
      "type": "Feature",
      "geometry": {
        "type": "Point",
        "coordinates": [
          29.254310963815307,
          40.2522951557622
        ]
      },
      "properties": {
        "probability": 0.661,
        "risk_level": "High",
        "color": "#e67e22",
        "ndvi": "Düşük (Kurak/Hasarlı)",
        "slope": "%17.3 - Yüksek Eğim",
        "distance_to_road": "Yakın (<150m) - Antropojenik Risk",
        "label": "Burned Point"
      }
    },
    {
      "type": "Feature",
      "geometry": {
        "type": "Point",
        "coordinates": [
          29.25260416477548,
          40.252205324233785
        ]
      },
      "properties": {
        "probability": 0.8543,
        "risk_level": "Very High",
        "color": "#c0392b",
        "ndvi": "Düşük (Kurak/Hasarlı)",
        "slope": "%26.3 - Yüksek Eğim",
        "distance_to_road": "Yakın (<150m) - Antropojenik Risk",
        "label": "Burned Point"
      }
    },
    {
      "type": "Feature",
      "geometry": {
        "type": "Point",
        "coordinates": [
          29.24640578931505,
          40.26011049873404
        ]
      },
      "properties": {
        "probability": 0.84,
        "risk_level": "High",
        "color": "#e67e22",
        "ndvi": "Düşük (Kurak/Hasarlı)",
        "slope": "%24.1 - Yüksek Eğim",
        "distance_to_road": "Yakın (<150m) - Antropojenik Risk",
        "label": "Burned Point"
      }
    },
    {
      "type": "Feature",
      "geometry": {
        "type": "Point",
        "coordinates": [
          29.25161601796295,
          40.25490027008614
        ]
      },
      "properties": {
        "probability": 0.7102,
        "risk_level": "High",
        "color": "#e67e22",
        "ndvi": "Düşük (Kurak/Hasarlı)",
        "slope": "%24.1 - Yüksek Eğim",
        "distance_to_road": "Yakın (<150m) - Antropojenik Risk",
        "label": "Burned Point"
      }
    },
    {
      "type": "Feature",
      "geometry": {
        "type": "Point",
        "coordinates": [
          29.246854946957114,
          40.25993083567721
        ]
      },
      "properties": {
        "probability": 0.8116,
        "risk_level": "High",
        "color": "#e67e22",
        "ndvi": "Düşük (Kurak/Hasarlı)",
        "slope": "%19.2 - Yüksek Eğim",
        "distance_to_road": "Yakın (<150m) - Antropojenik Risk",
        "label": "Burned Point"
      }
    },
    {
      "type": "Feature",
      "geometry": {
        "type": "Point",
        "coordinates": [
          29.23787179411592,
          40.25660706912597
        ]
      },
      "properties": {
        "probability": 0.8622,
        "risk_level": "Very High",
        "color": "#c0392b",
        "ndvi": "Düşük (Kurak/Hasarlı)",
        "slope": "%16.5 - Yüksek Eğim",
        "distance_to_road": "Yakın (<150m) - Antropojenik Risk",
        "label": "Burned Point"
      }
    },
    {
      "type": "Feature",
      "geometry": {
        "type": "Point",
        "coordinates": [
          29.24469899027523,
          40.25588841689868
        ]
      },
      "properties": {
        "probability": 0.8819,
        "risk_level": "Very High",
        "color": "#c0392b",
        "ndvi": "Düşük (Kurak/Hasarlı)",
        "slope": "%17.2 - Yüksek Eğim",
        "distance_to_road": "Yakın (<150m) - Antropojenik Risk",
        "label": "Burned Point"
      }
    },
    {
      "type": "Feature",
      "geometry": {
        "type": "Point",
        "coordinates": [
          29.25323298547436,
          40.250049367551895
        ]
      },
      "properties": {
        "probability": 0.7472,
        "risk_level": "High",
        "color": "#e67e22",
        "ndvi": "Düşük (Kurak/Hasarlı)",
        "slope": "%26.8 - Yüksek Eğim",
        "distance_to_road": "Yakın (<150m) - Antropojenik Risk",
        "label": "Burned Point"
      }
    },
    {
      "type": "Feature",
      "geometry": {
        "type": "Point",
        "coordinates": [
          29.251346523377716,
          40.25184599812014
        ]
      },
      "properties": {
        "probability": 0.7696,
        "risk_level": "High",
        "color": "#e67e22",
        "ndvi": "Düşük (Kurak/Hasarlı)",
        "slope": "%26.2 - Yüksek Eğim",
        "distance_to_road": "Yakın (<150m) - Antropojenik Risk",
        "label": "Burned Point"
      }
    },
    {
      "type": "Feature",
      "geometry": {
        "type": "Point",
        "coordinates": [
          29.242632865121752,
          40.258673194279446
        ]
      },
      "properties": {
        "probability": 0.8784,
        "risk_level": "Very High",
        "color": "#c0392b",
        "ndvi": "Düşük (Kurak/Hasarlı)",
        "slope": "%24.8 - Yüksek Eğim",
        "distance_to_road": "Yakın (<150m) - Antropojenik Risk",
        "label": "Burned Point"
      }
    },
    {
      "type": "Feature",
      "geometry": {
        "type": "Point",
        "coordinates": [
          29.2467651154287,
          40.26073931943292
        ]
      },
      "properties": {
        "probability": 0.8365,
        "risk_level": "High",
        "color": "#e67e22",
        "ndvi": "Düşük (Kurak/Hasarlı)",
        "slope": "%30.9 - Yüksek Eğim",
        "distance_to_road": "Yakın (<150m) - Antropojenik Risk",
        "label": "Burned Point"
      }
    },
    {
      "type": "Feature",
      "geometry": {
        "type": "Point",
        "coordinates": [
          29.24110572913875,
          40.25786471052374
        ]
      },
      "properties": {
        "probability": 0.8871,
        "risk_level": "Very High",
        "color": "#c0392b",
        "ndvi": "Düşük (Kurak/Hasarlı)",
        "slope": "%23.1 - Yüksek Eğim",
        "distance_to_road": "Yakın (<150m) - Antropojenik Risk",
        "label": "Burned Point"
      }
    },
    {
      "type": "Feature",
      "geometry": {
        "type": "Point",
        "coordinates": [
          29.25269399630389,
          40.252205324233785
        ]
      },
      "properties": {
        "probability": 0.855,
        "risk_level": "Very High",
        "color": "#c0392b",
        "ndvi": "Düşük (Kurak/Hasarlı)",
        "slope": "%25.4 - Yüksek Eğim",
        "distance_to_road": "Yakın (<150m) - Antropojenik Risk",
        "label": "Burned Point"
      }
    },
    {
      "type": "Feature",
      "geometry": {
        "type": "Point",
        "coordinates": [
          29.252065175605008,
          40.250049367551895
        ]
      },
      "properties": {
        "probability": 0.479,
        "risk_level": "Medium",
        "color": "#f1c40f",
        "ndvi": "Düşük (Kurak/Hasarlı)",
        "slope": "%23.1 - Yüksek Eğim",
        "distance_to_road": "Yakın (<150m) - Antropojenik Risk",
        "label": "Burned Point"
      }
    },
    {
      "type": "Feature",
      "geometry": {
        "type": "Point",
        "coordinates": [
          29.24245320206493,
          40.25750538441009
        ]
      },
      "properties": {
        "probability": 0.7847,
        "risk_level": "High",
        "color": "#e67e22",
        "ndvi": "Düşük (Kurak/Hasarlı)",
        "slope": "%14.4 - Düşük/Düzlük",
        "distance_to_road": "Yakın (<150m) - Antropojenik Risk",
        "label": "Burned Point"
      }
    },
    {
      "type": "Feature",
      "geometry": {
        "type": "Point",
        "coordinates": [
          29.243800674991107,
          40.256966395239616
        ]
      },
      "properties": {
        "probability": 0.7409,
        "risk_level": "High",
        "color": "#e67e22",
        "ndvi": "Düşük (Kurak/Hasarlı)",
        "slope": "%16.4 - Yüksek Eğim",
        "distance_to_road": "Yakın (<150m) - Antropojenik Risk",
        "label": "Burned Point"
      }
    },
    {
      "type": "Feature",
      "geometry": {
        "type": "Point",
        "coordinates": [
          29.25296349088913,
          40.25319347104632
        ]
      },
      "properties": {
        "probability": 0.8269,
        "risk_level": "High",
        "color": "#e67e22",
        "ndvi": "Düşük (Kurak/Hasarlı)",
        "slope": "%15.9 - Yüksek Eğim",
        "distance_to_road": "Yakın (<150m) - Antropojenik Risk",
        "label": "Burned Point"
      }
    },
    {
      "type": "Feature",
      "geometry": {
        "type": "Point",
        "coordinates": [
          29.25359231158801,
          40.25463077550091
        ]
      },
      "properties": {
        "probability": 0.7958,
        "risk_level": "High",
        "color": "#e67e22",
        "ndvi": "Düşük (Kurak/Hasarlı)",
        "slope": "%17.3 - Yüksek Eğim",
        "distance_to_road": "Yakın (<150m) - Antropojenik Risk",
        "label": "Burned Point"
      }
    },
    {
      "type": "Feature",
      "geometry": {
        "type": "Point",
        "coordinates": [
          29.243621011934284,
          40.25777487899533
        ]
      },
      "properties": {
        "probability": 0.7809,
        "risk_level": "High",
        "color": "#e67e22",
        "ndvi": "Düşük (Kurak/Hasarlı)",
        "slope": "%11.4 - Düşük/Düzlük",
        "distance_to_road": "Yakın (<150m) - Antropojenik Risk",
        "label": "Burned Point"
      }
    },
    {
      "type": "Feature",
      "geometry": {
        "type": "Point",
        "coordinates": [
          29.248741409053764,
          40.26190712930227
        ]
      },
      "properties": {
        "probability": 0.6757,
        "risk_level": "High",
        "color": "#e67e22",
        "ndvi": "Düşük (Kurak/Hasarlı)",
        "slope": "%17.3 - Yüksek Eğim",
        "distance_to_road": "Yakın (<150m) - Antropojenik Risk",
        "label": "Burned Point"
      }
    },
    {
      "type": "Feature",
      "geometry": {
        "type": "Point",
        "coordinates": [
          29.23760229953068,
          40.25597824842709
        ]
      },
      "properties": {
        "probability": 0.7113,
        "risk_level": "High",
        "color": "#e67e22",
        "ndvi": "Düşük (Kurak/Hasarlı)",
        "slope": "%12.8 - Düşük/Düzlük",
        "distance_to_road": "Yakın (<150m) - Antropojenik Risk",
        "label": "Burned Point"
      }
    },
    {
      "type": "Feature",
      "geometry": {
        "type": "Point",
        "coordinates": [
          29.247393936127587,
          40.26307493917163
        ]
      },
      "properties": {
        "probability": 0.6328,
        "risk_level": "Medium",
        "color": "#f1c40f",
        "ndvi": "Düşük (Kurak/Hasarlı)",
        "slope": "%21.2 - Yüksek Eğim",
        "distance_to_road": "Yakın (<150m) - Antropojenik Risk",
        "label": "Burned Point"
      }
    },
    {
      "type": "Feature",
      "geometry": {
        "type": "Point",
        "coordinates": [
          29.249010903639,
          40.26307493917163
        ]
      },
      "properties": {
        "probability": 0.519,
        "risk_level": "Medium",
        "color": "#f1c40f",
        "ndvi": "Düşük (Kurak/Hasarlı)",
        "slope": "%30.1 - Yüksek Eğim",
        "distance_to_road": "Yakın (<150m) - Antropojenik Risk",
        "label": "Burned Point"
      }
    },
    {
      "type": "Feature",
      "geometry": {
        "type": "Point",
        "coordinates": [
          29.25161601796295,
          40.25481043855773
        ]
      },
      "properties": {
        "probability": 0.783,
        "risk_level": "High",
        "color": "#e67e22",
        "ndvi": "Düşük (Kurak/Hasarlı)",
        "slope": "%22.0 - Yüksek Eğim",
        "distance_to_road": "Yakın (<150m) - Antropojenik Risk",
        "label": "Burned Point"
      }
    },
    {
      "type": "Feature",
      "geometry": {
        "type": "Point",
        "coordinates": [
          29.245148147917288,
          40.25957150956357
        ]
      },
      "properties": {
        "probability": 0.8057,
        "risk_level": "High",
        "color": "#e67e22",
        "ndvi": "Düşük (Kurak/Hasarlı)",
        "slope": "%19.1 - Yüksek Eğim",
        "distance_to_road": "Yakın (<150m) - Antropojenik Risk",
        "label": "Burned Point"
      }
    },
    {
      "type": "Feature",
      "geometry": {
        "type": "Point",
        "coordinates": [
          29.252424501718657,
          40.25750538441009
        ]
      },
      "properties": {
        "probability": 0.5126,
        "risk_level": "Medium",
        "color": "#f1c40f",
        "ndvi": "Düşük (Kurak/Hasarlı)",
        "slope": "%13.2 - Düşük/Düzlük",
        "distance_to_road": "Yakın (<150m) - Antropojenik Risk",
        "label": "Burned Point"
      }
    },
    {
      "type": "Feature",
      "geometry": {
        "type": "Point",
        "coordinates": [
          29.24793292529806,
          40.26271561305799
        ]
      },
      "properties": {
        "probability": 0.8117,
        "risk_level": "High",
        "color": "#e67e22",
        "ndvi": "Düşük (Kurak/Hasarlı)",
        "slope": "%24.9 - Yüksek Eğim",
        "distance_to_road": "Yakın (<150m) - Antropojenik Risk",
        "label": "Burned Point"
      }
    },
    {
      "type": "Feature",
      "geometry": {
        "type": "Point",
        "coordinates": [
          29.241375223723985,
          40.2583138681658
        ]
      },
      "properties": {
        "probability": 0.8549,
        "risk_level": "Very High",
        "color": "#c0392b",
        "ndvi": "Düşük (Kurak/Hasarlı)",
        "slope": "%26.0 - Yüksek Eğim",
        "distance_to_road": "Yakın (<150m) - Antropojenik Risk",
        "label": "Burned Point"
      }
    },
    {
      "type": "Feature",
      "geometry": {
        "type": "Point",
        "coordinates": [
          29.238141288701154,
          40.257235889824855
        ]
      },
      "properties": {
        "probability": 0.8519,
        "risk_level": "Very High",
        "color": "#c0392b",
        "ndvi": "Düşük (Kurak/Hasarlı)",
        "slope": "%18.2 - Yüksek Eğim",
        "distance_to_road": "Yakın (<150m) - Antropojenik Risk",
        "label": "Burned Point"
      }
    },
    {
      "type": "Feature",
      "geometry": {
        "type": "Point",
        "coordinates": [
          29.249100735167413,
          40.26325460222846
        ]
      },
      "properties": {
        "probability": 0.4443,
        "risk_level": "Medium",
        "color": "#f1c40f",
        "ndvi": "Düşük (Kurak/Hasarlı)",
        "slope": "%28.0 - Yüksek Eğim",
        "distance_to_road": "Yakın (<150m) - Antropojenik Risk",
        "label": "Burned Point"
      }
    },
    {
      "type": "Feature",
      "geometry": {
        "type": "Point",
        "coordinates": [
          29.25179568101977,
          40.25337313410314
        ]
      },
      "properties": {
        "probability": 0.8701,
        "risk_level": "Very High",
        "color": "#c0392b",
        "ndvi": "Düşük (Kurak/Hasarlı)",
        "slope": "%16.8 - Yüksek Eğim",
        "distance_to_road": "Yakın (<150m) - Antropojenik Risk",
        "label": "Burned Point"
      }
    },
    {
      "type": "Feature",
      "geometry": {
        "type": "Point",
        "coordinates": [
          29.25260416477548,
          40.25337313410314
        ]
      },
      "properties": {
        "probability": 0.8491,
        "risk_level": "High",
        "color": "#e67e22",
        "ndvi": "Düşük (Kurak/Hasarlı)",
        "slope": "%27.4 - Yüksek Eğim",
        "distance_to_road": "Yakın (<150m) - Antropojenik Risk",
        "label": "Burned Point"
      }
    },
    {
      "type": "Feature",
      "geometry": {
        "type": "Point",
        "coordinates": [
          29.25484995298578,
          40.25193582964855
        ]
      },
      "properties": {
        "probability": 0.8731,
        "risk_level": "Very High",
        "color": "#c0392b",
        "ndvi": "Düşük (Kurak/Hasarlı)",
        "slope": "%21.4 - Yüksek Eğim",
        "distance_to_road": "Yakın (<150m) - Antropojenik Risk",
        "label": "Burned Point"
      }
    },
    {
      "type": "Feature",
      "geometry": {
        "type": "Point",
        "coordinates": [
          29.2535024800596,
          40.25463077550091
        ]
      },
      "properties": {
        "probability": 0.7958,
        "risk_level": "High",
        "color": "#e67e22",
        "ndvi": "Düşük (Kurak/Hasarlı)",
        "slope": "%17.3 - Yüksek Eğim",
        "distance_to_road": "Yakın (<150m) - Antropojenik Risk",
        "label": "Burned Point"
      }
    },
    {
      "type": "Feature",
      "geometry": {
        "type": "Point",
        "coordinates": [
          29.250717702678827,
          40.25274431340426
        ]
      },
      "properties": {
        "probability": 0.6977,
        "risk_level": "High",
        "color": "#e67e22",
        "ndvi": "Düşük (Kurak/Hasarlı)",
        "slope": "%14.9 - Düşük/Düzlük",
        "distance_to_road": "Yakın (<150m) - Antropojenik Risk",
        "label": "Burned Point"
      }
    },
    {
      "type": "Feature",
      "geometry": {
        "type": "Point",
        "coordinates": [
          29.2392192670421,
          40.2598410041488
        ]
      },
      "properties": {
        "probability": 0.8023,
        "risk_level": "High",
        "color": "#e67e22",
        "ndvi": "Düşük (Kurak/Hasarlı)",
        "slope": "%31.2 - Yüksek Eğim",
        "distance_to_road": "Yakın (<150m) - Antropojenik Risk",
        "label": "Burned Point"
      }
    },
    {
      "type": "Feature",
      "geometry": {
        "type": "Point",
        "coordinates": [
          29.245058316388874,
          40.25939184650674
        ]
      },
      "properties": {
        "probability": 0.8622,
        "risk_level": "Very High",
        "color": "#c0392b",
        "ndvi": "Düşük (Kurak/Hasarlı)",
        "slope": "%22.1 - Yüksek Eğim",
        "distance_to_road": "Yakın (<150m) - Antropojenik Risk",
        "label": "Burned Point"
      }
    },
    {
      "type": "Feature",
      "geometry": {
        "type": "Point",
        "coordinates": [
          29.24658545237188,
          40.25912235192151
        ]
      },
      "properties": {
        "probability": 0.5126,
        "risk_level": "Medium",
        "color": "#f1c40f",
        "ndvi": "Düşük (Kurak/Hasarlı)",
        "slope": "%23.2 - Yüksek Eğim",
        "distance_to_road": "Yakın (<150m) - Antropojenik Risk",
        "label": "Burned Point"
      }
    },
    {
      "type": "Feature",
      "geometry": {
        "type": "Point",
        "coordinates": [
          29.240117582326217,
          40.25804437358056
        ]
      },
      "properties": {
        "probability": 0.7946,
        "risk_level": "High",
        "color": "#e67e22",
        "ndvi": "Düşük (Kurak/Hasarlı)",
        "slope": "%24.4 - Yüksek Eğim",
        "distance_to_road": "Yakın (<150m) - Antropojenik Risk",
        "label": "Burned Point"
      }
    },
    {
      "type": "Feature",
      "geometry": {
        "type": "Point",
        "coordinates": [
          29.271199291156755,
          40.27394455410948
        ]
      },
      "properties": {
        "probability": 0.7598,
        "risk_level": "High",
        "color": "#e67e22",
        "ndvi": "Düşük (Kurak/Hasarlı)",
        "slope": "%32.0 - Yüksek Eğim",
        "distance_to_road": "Yakın (<150m) - Antropojenik Risk",
        "label": "Burned Point"
      }
    },
    {
      "type": "Feature",
      "geometry": {
        "type": "Point",
        "coordinates": [
          29.250627871150417,
          40.25499010161455
        ]
      },
      "properties": {
        "probability": 0.4807,
        "risk_level": "Medium",
        "color": "#f1c40f",
        "ndvi": "Düşük (Kurak/Hasarlı)",
        "slope": "%28.2 - Yüksek Eğim",
        "distance_to_road": "Yakın (<150m) - Antropojenik Risk",
        "label": "Burned Point"
      }
    },
    {
      "type": "Feature",
      "geometry": {
        "type": "Point",
        "coordinates": [
          29.243980338047933,
          40.25660706912597
        ]
      },
      "properties": {
        "probability": 0.8816,
        "risk_level": "Very High",
        "color": "#c0392b",
        "ndvi": "Düşük (Kurak/Hasarlı)",
        "slope": "%17.7 - Yüksek Eğim",
        "distance_to_road": "Yakın (<150m) - Antropojenik Risk",
        "label": "Burned Point"
      }
    },
    {
      "type": "Feature",
      "geometry": {
        "type": "Point",
        "coordinates": [
          29.27182811185564,
          40.27313607035377
        ]
      },
      "properties": {
        "probability": 0.6347,
        "risk_level": "Medium",
        "color": "#f1c40f",
        "ndvi": "Düşük (Kurak/Hasarlı)",
        "slope": "%21.4 - Yüksek Eğim",
        "distance_to_road": "Yakın (<150m) - Antropojenik Risk",
        "label": "Burned Point"
      }
    },
    {
      "type": "Feature",
      "geometry": {
        "type": "Point",
        "coordinates": [
          29.24604646320141,
          40.25930201497833
        ]
      },
      "properties": {
        "probability": 0.8463,
        "risk_level": "High",
        "color": "#e67e22",
        "ndvi": "Düşük (Kurak/Hasarlı)",
        "slope": "%24.9 - Yüksek Eğim",
        "distance_to_road": "Yakın (<150m) - Antropojenik Risk",
        "label": "Burned Point"
      }
    },
    {
      "type": "Feature",
      "geometry": {
        "type": "Point",
        "coordinates": [
          29.24344134887746,
          40.26037999331927
        ]
      },
      "properties": {
        "probability": 0.8442,
        "risk_level": "High",
        "color": "#e67e22",
        "ndvi": "Düşük (Kurak/Hasarlı)",
        "slope": "%23.7 - Yüksek Eğim",
        "distance_to_road": "Yakın (<150m) - Antropojenik Risk",
        "label": "Burned Point"
      }
    },
    {
      "type": "Feature",
      "geometry": {
        "type": "Point",
        "coordinates": [
          29.254310963815307,
          40.25094768283601
        ]
      },
      "properties": {
        "probability": 0.7733,
        "risk_level": "High",
        "color": "#e67e22",
        "ndvi": "Düşük (Kurak/Hasarlı)",
        "slope": "%28.1 - Yüksek Eğim",
        "distance_to_road": "Yakın (<150m) - Antropojenik Risk",
        "label": "Burned Point"
      }
    },
    {
      "type": "Feature",
      "geometry": {
        "type": "Point",
        "coordinates": [
          29.285213009589015,
          40.27816663594484
        ]
      },
      "properties": {
        "probability": 0.302,
        "risk_level": "Low",
        "color": "#27ae60",
        "ndvi": "Düşük (Kurak/Hasarlı)",
        "slope": "%14.4 - Düşük/Düzlük",
        "distance_to_road": "Yakın (<150m) - Antropojenik Risk",
        "label": "Burned Point"
      }
    },
    {
      "type": "Feature",
      "geometry": {
        "type": "Point",
        "coordinates": [
          29.27191794338405,
          40.27376489105265
        ]
      },
      "properties": {
        "probability": 0.62,
        "risk_level": "Medium",
        "color": "#f1c40f",
        "ndvi": "Düşük (Kurak/Hasarlı)",
        "slope": "%22.5 - Yüksek Eğim",
        "distance_to_road": "Yakın (<150m) - Antropojenik Risk",
        "label": "Burned Point"
      }
    },
    {
      "type": "Feature",
      "geometry": {
        "type": "Point",
        "coordinates": [
          29.243710843462697,
          40.258403699694206
        ]
      },
      "properties": {
        "probability": 0.8144,
        "risk_level": "High",
        "color": "#e67e22",
        "ndvi": "Düşük (Kurak/Hasarlı)",
        "slope": "%18.9 - Yüksek Eğim",
        "distance_to_road": "Yakın (<150m) - Antropojenik Risk",
        "label": "Burned Point"
      }
    },
    {
      "type": "Feature",
      "geometry": {
        "type": "Point",
        "coordinates": [
          29.24469899027523,
          40.25876302580786
        ]
      },
      "properties": {
        "probability": 0.812,
        "risk_level": "High",
        "color": "#e67e22",
        "ndvi": "Düşük (Kurak/Hasarlı)",
        "slope": "%24.6 - Yüksek Eğim",
        "distance_to_road": "Yakın (<150m) - Antropojenik Risk",
        "label": "Burned Point"
      }
    },
    {
      "type": "Feature",
      "geometry": {
        "type": "Point",
        "coordinates": [
          29.251885512548185,
          40.25552909078503
        ]
      },
      "properties": {
        "probability": 0.7501,
        "risk_level": "High",
        "color": "#e67e22",
        "ndvi": "Düşük (Kurak/Hasarlı)",
        "slope": "%26.0 - Yüksek Eğim",
        "distance_to_road": "Yakın (<150m) - Antropojenik Risk",
        "label": "Burned Point"
      }
    },
    {
      "type": "Feature",
      "geometry": {
        "type": "Point",
        "coordinates": [
          29.24128539219557,
          40.25669690065438
        ]
      },
      "properties": {
        "probability": 0.8824,
        "risk_level": "Very High",
        "color": "#c0392b",
        "ndvi": "Düşük (Kurak/Hasarlı)",
        "slope": "%23.6 - Yüksek Eğim",
        "distance_to_road": "Yakın (<150m) - Antropojenik Risk",
        "label": "Burned Point"
      }
    },
    {
      "type": "Feature",
      "geometry": {
        "type": "Point",
        "coordinates": [
          29.250538039622004,
          40.25418161785885
        ]
      },
      "properties": {
        "probability": 0.6737,
        "risk_level": "High",
        "color": "#e67e22",
        "ndvi": "Düşük (Kurak/Hasarlı)",
        "slope": "%26.0 - Yüksek Eğim",
        "distance_to_road": "Yakın (<150m) - Antropojenik Risk",
        "label": "Burned Point"
      }
    },
    {
      "type": "Feature",
      "geometry": {
        "type": "Point",
        "coordinates": [
          29.24478882180364,
          40.25615791148391
        ]
      },
      "properties": {
        "probability": 0.8365,
        "risk_level": "High",
        "color": "#e67e22",
        "ndvi": "Düşük (Kurak/Hasarlı)",
        "slope": "%15.6 - Yüksek Eğim",
        "distance_to_road": "Yakın (<150m) - Antropojenik Risk",
        "label": "Burned Point"
      }
    },
    {
      "type": "Feature",
      "geometry": {
        "type": "Point",
        "coordinates": [
          29.240297245383044,
          40.2567867321828
        ]
      },
      "properties": {
        "probability": 0.8833,
        "risk_level": "Very High",
        "color": "#c0392b",
        "ndvi": "Düşük (Kurak/Hasarlı)",
        "slope": "%22.9 - Yüksek Eğim",
        "distance_to_road": "Yakın (<150m) - Antropojenik Risk",
        "label": "Burned Point"
      }
    },
    {
      "type": "Feature",
      "geometry": {
        "type": "Point",
        "coordinates": [
          29.25179568101977,
          40.25463077550091
        ]
      },
      "properties": {
        "probability": 0.7981,
        "risk_level": "High",
        "color": "#e67e22",
        "ndvi": "Düşük (Kurak/Hasarlı)",
        "slope": "%22.0 - Yüksek Eğim",
        "distance_to_road": "Yakın (<150m) - Antropojenik Risk",
        "label": "Burned Point"
      }
    },
    {
      "type": "Feature",
      "geometry": {
        "type": "Point",
        "coordinates": [
          29.28548250417425,
          40.27897511970055
        ]
      },
      "properties": {
        "probability": 0.2284,
        "risk_level": "Low",
        "color": "#27ae60",
        "ndvi": "Düşük (Kurak/Hasarlı)",
        "slope": "%15.6 - Yüksek Eğim",
        "distance_to_road": "Yakın (<150m) - Antropojenik Risk",
        "label": "Burned Point"
      }
    },
    {
      "type": "Feature",
      "geometry": {
        "type": "Point",
        "coordinates": [
          29.252065175605008,
          40.25166633506331
        ]
      },
      "properties": {
        "probability": 0.7675,
        "risk_level": "High",
        "color": "#e67e22",
        "ndvi": "Düşük (Kurak/Hasarlı)",
        "slope": "%29.3 - Yüksek Eğim",
        "distance_to_road": "Yakın (<150m) - Antropojenik Risk",
        "label": "Burned Point"
      }
    },
    {
      "type": "Feature",
      "geometry": {
        "type": "Point",
        "coordinates": [
          29.24110572913875,
          40.25813420510897
        ]
      },
      "properties": {
        "probability": 0.8615,
        "risk_level": "Very High",
        "color": "#c0392b",
        "ndvi": "Düşük (Kurak/Hasarlı)",
        "slope": "%27.4 - Yüksek Eğim",
        "distance_to_road": "Yakın (<150m) - Antropojenik Risk",
        "label": "Burned Point"
      }
    },
    {
      "type": "Feature",
      "geometry": {
        "type": "Point",
        "coordinates": [
          29.245956631673,
          40.26181729777387
        ]
      },
      "properties": {
        "probability": 0.7608,
        "risk_level": "High",
        "color": "#e67e22",
        "ndvi": "Düşük (Kurak/Hasarlı)",
        "slope": "%20.0 - Yüksek Eğim",
        "distance_to_road": "Yakın (<150m) - Antropojenik Risk",
        "label": "Burned Point"
      }
    },
    {
      "type": "Feature",
      "geometry": {
        "type": "Point",
        "coordinates": [
          29.25323298547436,
          40.25597824842709
        ]
      },
      "properties": {
        "probability": 0.643,
        "risk_level": "Medium",
        "color": "#f1c40f",
        "ndvi": "Düşük (Kurak/Hasarlı)",
        "slope": "%26.8 - Yüksek Eğim",
        "distance_to_road": "Yakın (<150m) - Antropojenik Risk",
        "label": "Burned Point"
      }
    },
    {
      "type": "Feature",
      "geometry": {
        "type": "Point",
        "coordinates": [
          29.243621011934284,
          40.25894268886468
        ]
      },
      "properties": {
        "probability": 0.8684,
        "risk_level": "Very High",
        "color": "#c0392b",
        "ndvi": "Düşük (Kurak/Hasarlı)",
        "slope": "%22.1 - Yüksek Eğim",
        "distance_to_road": "Yakın (<150m) - Antropojenik Risk",
        "label": "Burned Point"
      }
    },
    {
      "type": "Feature",
      "geometry": {
        "type": "Point",
        "coordinates": [
          29.245148147917288,
          40.257685047466914
        ]
      },
      "properties": {
        "probability": 0.4898,
        "risk_level": "Medium",
        "color": "#f1c40f",
        "ndvi": "Düşük (Kurak/Hasarlı)",
        "slope": "%9.6 - Düşük/Düzlük",
        "distance_to_road": "Yakın (<150m) - Antropojenik Risk",
        "label": "Burned Point"
      }
    },
    {
      "type": "Feature",
      "geometry": {
        "type": "Point",
        "coordinates": [
          29.240387076911453,
          40.25966134109198
        ]
      },
      "properties": {
        "probability": 0.8252,
        "risk_level": "High",
        "color": "#e67e22",
        "ndvi": "Düşük (Kurak/Hasarlı)",
        "slope": "%17.2 - Yüksek Eğim",
        "distance_to_road": "Yakın (<150m) - Antropojenik Risk",
        "label": "Burned Point"
      }
    },
    {
      "type": "Feature",
      "geometry": {
        "type": "Point",
        "coordinates": [
          29.24640578931505,
          40.26109864554657
        ]
      },
      "properties": {
        "probability": 0.7905,
        "risk_level": "High",
        "color": "#e67e22",
        "ndvi": "Düşük (Kurak/Hasarlı)",
        "slope": "%18.0 - Yüksek Eğim",
        "distance_to_road": "Yakın (<150m) - Antropojenik Risk",
        "label": "Burned Point"
      }
    },
    {
      "type": "Feature",
      "geometry": {
        "type": "Point",
        "coordinates": [
          29.25287365936072,
          40.25705622676803
        ]
      },
      "properties": {
        "probability": 0.7204,
        "risk_level": "High",
        "color": "#e67e22",
        "ndvi": "Düşük (Kurak/Hasarlı)",
        "slope": "%26.9 - Yüksek Eğim",
        "distance_to_road": "Yakın (<150m) - Antropojenik Risk",
        "label": "Burned Point"
      }
    },
    {
      "type": "Feature",
      "geometry": {
        "type": "Point",
        "coordinates": [
          29.240117582326217,
          40.25795454205215
        ]
      },
      "properties": {
        "probability": 0.8397,
        "risk_level": "High",
        "color": "#e67e22",
        "ndvi": "Düşük (Kurak/Hasarlı)",
        "slope": "%24.4 - Yüksek Eğim",
        "distance_to_road": "Yakın (<150m) - Antropojenik Risk",
        "label": "Burned Point"
      }
    },
    {
      "type": "Feature",
      "geometry": {
        "type": "Point",
        "coordinates": [
          29.238949772456863,
          40.25975117262039
        ]
      },
      "properties": {
        "probability": 0.7783,
        "risk_level": "High",
        "color": "#e67e22",
        "ndvi": "Düşük (Kurak/Hasarlı)",
        "slope": "%31.9 - Yüksek Eğim",
        "distance_to_road": "Yakın (<150m) - Antropojenik Risk",
        "label": "Burned Point"
      }
    },
    {
      "type": "Feature",
      "geometry": {
        "type": "Point",
        "coordinates": [
          29.24577696861617,
          40.2613681401318
        ]
      },
      "properties": {
        "probability": 0.6567,
        "risk_level": "High",
        "color": "#e67e22",
        "ndvi": "Düşük (Kurak/Hasarlı)",
        "slope": "%24.4 - Yüksek Eğim",
        "distance_to_road": "Yakın (<150m) - Antropojenik Risk",
        "label": "Burned Point"
      }
    },
    {
      "type": "Feature",
      "geometry": {
        "type": "Point",
        "coordinates": [
          29.253322817002772,
          40.25121717742125
        ]
      },
      "properties": {
        "probability": 0.8199,
        "risk_level": "High",
        "color": "#e67e22",
        "ndvi": "Düşük (Kurak/Hasarlı)",
        "slope": "%23.1 - Yüksek Eğim",
        "distance_to_road": "Yakın (<150m) - Antropojenik Risk",
        "label": "Burned Point"
      }
    },
    {
      "type": "Feature",
      "geometry": {
        "type": "Point",
        "coordinates": [
          29.245417642502524,
          40.2567867321828
        ]
      },
      "properties": {
        "probability": 0.5127,
        "risk_level": "Medium",
        "color": "#f1c40f",
        "ndvi": "Düşük (Kurak/Hasarlı)",
        "slope": "%15.5 - Yüksek Eğim",
        "distance_to_road": "Yakın (<150m) - Antropojenik Risk",
        "label": "Burned Point"
      }
    },
    {
      "type": "Feature",
      "geometry": {
        "type": "Point",
        "coordinates": [
          29.245417642502524,
          40.25624774301232
        ]
      },
      "properties": {
        "probability": 0.8144,
        "risk_level": "High",
        "color": "#e67e22",
        "ndvi": "Düşük (Kurak/Hasarlı)",
        "slope": "%22.4 - Yüksek Eğim",
        "distance_to_road": "Yakın (<150m) - Antropojenik Risk",
        "label": "Burned Point"
      }
    },
    {
      "type": "Feature",
      "geometry": {
        "type": "Point",
        "coordinates": [
          29.242812528178572,
          40.2567867321828
        ]
      },
      "properties": {
        "probability": 0.845,
        "risk_level": "High",
        "color": "#e67e22",
        "ndvi": "Düşük (Kurak/Hasarlı)",
        "slope": "%15.1 - Yüksek Eğim",
        "distance_to_road": "Yakın (<150m) - Antropojenik Risk",
        "label": "Burned Point"
      }
    },
    {
      "type": "Feature",
      "geometry": {
        "type": "Point",
        "coordinates": [
          29.24568713708776,
          40.25975117262039
        ]
      },
      "properties": {
        "probability": 0.8462,
        "risk_level": "High",
        "color": "#e67e22",
        "ndvi": "Düşük (Kurak/Hasarlı)",
        "slope": "%21.8 - Yüksek Eğim",
        "distance_to_road": "Yakın (<150m) - Antropojenik Risk",
        "label": "Burned Point"
      }
    },
    {
      "type": "Feature",
      "geometry": {
        "type": "Point",
        "coordinates": [
          29.23787179411592,
          40.25660706912597
        ]
      },
      "properties": {
        "probability": 0.8622,
        "risk_level": "Very High",
        "color": "#c0392b",
        "ndvi": "Düşük (Kurak/Hasarlı)",
        "slope": "%16.5 - Yüksek Eğim",
        "distance_to_road": "Yakın (<150m) - Antropojenik Risk",
        "label": "Burned Point"
      }
    },
    {
      "type": "Feature",
      "geometry": {
        "type": "Point",
        "coordinates": [
          29.245417642502524,
          40.26011049873404
        ]
      },
      "properties": {
        "probability": 0.8269,
        "risk_level": "High",
        "color": "#e67e22",
        "ndvi": "Düşük (Kurak/Hasarlı)",
        "slope": "%27.6 - Yüksek Eğim",
        "distance_to_road": "Yakın (<150m) - Antropojenik Risk",
        "label": "Burned Point"
      }
    },
    {
      "type": "Feature",
      "geometry": {
        "type": "Point",
        "coordinates": [
          29.24200404442287,
          40.25687656371121
        ]
      },
      "properties": {
        "probability": 0.8785,
        "risk_level": "Very High",
        "color": "#c0392b",
        "ndvi": "Düşük (Kurak/Hasarlı)",
        "slope": "%18.6 - Yüksek Eğim",
        "distance_to_road": "Yakın (<150m) - Antropojenik Risk",
        "label": "Burned Point"
      }
    },
    {
      "type": "Feature",
      "geometry": {
        "type": "Point",
        "coordinates": [
          29.240297245383044,
          40.25804437358056
        ]
      },
      "properties": {
        "probability": 0.8115,
        "risk_level": "High",
        "color": "#e67e22",
        "ndvi": "Düşük (Kurak/Hasarlı)",
        "slope": "%24.6 - Yüksek Eğim",
        "distance_to_road": "Yakın (<150m) - Antropojenik Risk",
        "label": "Burned Point"
      }
    },
    {
      "type": "Feature",
      "geometry": {
        "type": "Point",
        "coordinates": [
          29.239309098570512,
          40.25957150956357
        ]
      },
      "properties": {
        "probability": 0.8568,
        "risk_level": "Very High",
        "color": "#c0392b",
        "ndvi": "Düşük (Kurak/Hasarlı)",
        "slope": "%23.5 - Yüksek Eğim",
        "distance_to_road": "Yakın (<150m) - Antropojenik Risk",
        "label": "Burned Point"
      }
    },
    {
      "type": "Feature",
      "geometry": {
        "type": "Point",
        "coordinates": [
          29.24119556066716,
          40.25705622676803
        ]
      },
      "properties": {
        "probability": 0.8868,
        "risk_level": "Very High",
        "color": "#c0392b",
        "ndvi": "Düşük (Kurak/Hasarlı)",
        "slope": "%22.2 - Yüksek Eğim",
        "distance_to_road": "Yakın (<150m) - Antropojenik Risk",
        "label": "Burned Point"
      }
    },
    {
      "type": "Feature",
      "geometry": {
        "type": "Point",
        "coordinates": [
          29.244429495689992,
          40.25903252039309
        ]
      },
      "properties": {
        "probability": 0.8646,
        "risk_level": "Very High",
        "color": "#c0392b",
        "ndvi": "Düşük (Kurak/Hasarlı)",
        "slope": "%27.2 - Yüksek Eğim",
        "distance_to_road": "Yakın (<150m) - Antropojenik Risk",
        "label": "Burned Point"
      }
    },
    {
      "type": "Feature",
      "geometry": {
        "type": "Point",
        "coordinates": [
          29.24460915874681,
          40.258673194279446
        ]
      },
      "properties": {
        "probability": 0.8042,
        "risk_level": "High",
        "color": "#e67e22",
        "ndvi": "Düşük (Kurak/Hasarlı)",
        "slope": "%19.2 - Yüksek Eğim",
        "distance_to_road": "Yakın (<150m) - Antropojenik Risk",
        "label": "Burned Point"
      }
    },
    {
      "type": "Feature",
      "geometry": {
        "type": "Point",
        "coordinates": [
          29.25215500713342,
          40.255349427728206
        ]
      },
      "properties": {
        "probability": 0.725,
        "risk_level": "High",
        "color": "#e67e22",
        "ndvi": "Düşük (Kurak/Hasarlı)",
        "slope": "%29.0 - Yüksek Eğim",
        "distance_to_road": "Yakın (<150m) - Antropojenik Risk",
        "label": "Burned Point"
      }
    },
    {
      "type": "Feature",
      "geometry": {
        "type": "Point",
        "coordinates": [
          29.2414650552524,
          40.256966395239616
        ]
      },
      "properties": {
        "probability": 0.8877,
        "risk_level": "Very High",
        "color": "#c0392b",
        "ndvi": "Düşük (Kurak/Hasarlı)",
        "slope": "%20.4 - Yüksek Eğim",
        "distance_to_road": "Yakın (<150m) - Antropojenik Risk",
        "label": "Burned Point"
      }
    },
    {
      "type": "Feature",
      "geometry": {
        "type": "Point",
        "coordinates": [
          29.24928039822424,
          40.26343426528528
        ]
      },
      "properties": {
        "probability": 0.648,
        "risk_level": "Medium",
        "color": "#f1c40f",
        "ndvi": "Düşük (Kurak/Hasarlı)",
        "slope": "%28.0 - Yüksek Eğim",
        "distance_to_road": "Yakın (<150m) - Antropojenik Risk",
        "label": "Burned Point"
      }
    },
    {
      "type": "Feature",
      "geometry": {
        "type": "Point",
        "coordinates": [
          29.27048063892946,
          40.27349539646742
        ]
      },
      "properties": {
        "probability": 0.8006,
        "risk_level": "High",
        "color": "#e67e22",
        "ndvi": "Düşük (Kurak/Hasarlı)",
        "slope": "%22.2 - Yüksek Eğim",
        "distance_to_road": "Yakın (<150m) - Antropojenik Risk",
        "label": "Burned Point"
      }
    },
    {
      "type": "Feature",
      "geometry": {
        "type": "Point",
        "coordinates": [
          29.244429495689992,
          40.25516976467138
        ]
      },
      "properties": {
        "probability": 0.8495,
        "risk_level": "High",
        "color": "#e67e22",
        "ndvi": "Düşük (Kurak/Hasarlı)",
        "slope": "%20.4 - Yüksek Eğim",
        "distance_to_road": "Yakın (<150m) - Antropojenik Risk",
        "label": "Burned Point"
      }
    },
    {
      "type": "Feature",
      "geometry": {
        "type": "Point",
        "coordinates": [
          29.25143635490613,
          40.25552909078503
        ]
      },
      "properties": {
        "probability": 0.6035,
        "risk_level": "Medium",
        "color": "#f1c40f",
        "ndvi": "Düşük (Kurak/Hasarlı)",
        "slope": "%32.0 - Yüksek Eğim",
        "distance_to_road": "Yakın (<150m) - Antropojenik Risk",
        "label": "Burned Point"
      }
    },
    {
      "type": "Feature",
      "geometry": {
        "type": "Point",
        "coordinates": [
          29.238949772456863,
          40.25588841689868
        ]
      },
      "properties": {
        "probability": 0.7124,
        "risk_level": "High",
        "color": "#e67e22",
        "ndvi": "Düşük (Kurak/Hasarlı)",
        "slope": "%16.1 - Yüksek Eğim",
        "distance_to_road": "Yakın (<150m) - Antropojenik Risk",
        "label": "Burned Point"
      }
    },
    {
      "type": "Feature",
      "geometry": {
        "type": "Point",
        "coordinates": [
          29.246226126258232,
          40.2583138681658
        ]
      },
      "properties": {
        "probability": 0.5577,
        "risk_level": "Medium",
        "color": "#f1c40f",
        "ndvi": "Düşük (Kurak/Hasarlı)",
        "slope": "%22.3 - Yüksek Eğim",
        "distance_to_road": "Yakın (<150m) - Antropojenik Risk",
        "label": "Burned Point"
      }
    },
    {
      "type": "Feature",
      "geometry": {
        "type": "Point",
        "coordinates": [
          29.2452379794457,
          40.25957150956357
        ]
      },
      "properties": {
        "probability": 0.8507,
        "risk_level": "Very High",
        "color": "#c0392b",
        "ndvi": "Düşük (Kurak/Hasarlı)",
        "slope": "%19.1 - Yüksek Eğim",
        "distance_to_road": "Yakın (<150m) - Antropojenik Risk",
        "label": "Burned Point"
      }
    },
    {
      "type": "Feature",
      "geometry": {
        "type": "Point",
        "coordinates": [
          29.25305332241754,
          40.251756166591726
        ]
      },
      "properties": {
        "probability": 0.8495,
        "risk_level": "High",
        "color": "#e67e22",
        "ndvi": "Düşük (Kurak/Hasarlı)",
        "slope": "%27.4 - Yüksek Eğim",
        "distance_to_road": "Yakın (<150m) - Antropojenik Risk",
        "label": "Burned Point"
      }
    },
    {
      "type": "Feature",
      "geometry": {
        "type": "Point",
        "coordinates": [
          29.244429495689992,
          40.26020033026245
        ]
      },
      "properties": {
        "probability": 0.8255,
        "risk_level": "High",
        "color": "#e67e22",
        "ndvi": "Düşük (Kurak/Hasarlı)",
        "slope": "%32.1 - Yüksek Eğim",
        "distance_to_road": "Yakın (<150m) - Antropojenik Risk",
        "label": "Burned Point"
      }
    },
    {
      "type": "Feature",
      "geometry": {
        "type": "Point",
        "coordinates": [
          29.252424501718657,
          40.24969004143825
        ]
      },
      "properties": {
        "probability": 0.7215,
        "risk_level": "High",
        "color": "#e67e22",
        "ndvi": "Düşük (Kurak/Hasarlı)",
        "slope": "%26.1 - Yüksek Eğim",
        "distance_to_road": "Yakın (<150m) - Antropojenik Risk",
        "label": "Burned Point"
      }
    },
    {
      "type": "Feature",
      "geometry": {
        "type": "Point",
        "coordinates": [
          29.27092979657152,
          40.27331573341059
        ]
      },
      "properties": {
        "probability": 0.5795,
        "risk_level": "Medium",
        "color": "#f1c40f",
        "ndvi": "Düşük (Kurak/Hasarlı)",
        "slope": "%30.7 - Yüksek Eğim",
        "distance_to_road": "Yakın (<150m) - Antropojenik Risk",
        "label": "Burned Point"
      }
    },
    {
      "type": "Feature",
      "geometry": {
        "type": "Point",
        "coordinates": [
          29.243621011934284,
          40.25552909078503
        ]
      },
      "properties": {
        "probability": 0.8389,
        "risk_level": "High",
        "color": "#e67e22",
        "ndvi": "Düşük (Kurak/Hasarlı)",
        "slope": "%28.8 - Yüksek Eğim",
        "distance_to_road": "Yakın (<150m) - Antropojenik Risk",
        "label": "Burned Point"
      }
    },
    {
      "type": "Feature",
      "geometry": {
        "type": "Point",
        "coordinates": [
          29.24209387595128,
          40.257235889824855
        ]
      },
      "properties": {
        "probability": 0.5766,
        "risk_level": "Medium",
        "color": "#f1c40f",
        "ndvi": "Düşük (Kurak/Hasarlı)",
        "slope": "%16.6 - Yüksek Eğim",
        "distance_to_road": "Yakın (<150m) - Antropojenik Risk",
        "label": "Burned Point"
      }
    },
    {
      "type": "Feature",
      "geometry": {
        "type": "Point",
        "coordinates": [
          29.25260416477548,
          40.25687656371121
        ]
      },
      "properties": {
        "probability": 0.7313,
        "risk_level": "High",
        "color": "#e67e22",
        "ndvi": "Düşük (Kurak/Hasarlı)",
        "slope": "%24.4 - Yüksek Eğim",
        "distance_to_road": "Yakın (<150m) - Antropojenik Risk",
        "label": "Burned Point"
      }
    },
    {
      "type": "Feature",
      "geometry": {
        "type": "Point",
        "coordinates": [
          29.244070169576343,
          40.2575952159385
        ]
      },
      "properties": {
        "probability": 0.8326,
        "risk_level": "High",
        "color": "#e67e22",
        "ndvi": "Düşük (Kurak/Hasarlı)",
        "slope": "%14.4 - Düşük/Düzlük",
        "distance_to_road": "Yakın (<150m) - Antropojenik Risk",
        "label": "Burned Point"
      }
    },
    {
      "type": "Feature",
      "geometry": {
        "type": "Point",
        "coordinates": [
          29.242543033593343,
          40.25966134109198
        ]
      },
      "properties": {
        "probability": 0.8753,
        "risk_level": "Very High",
        "color": "#c0392b",
        "ndvi": "Düşük (Kurak/Hasarlı)",
        "slope": "%23.0 - Yüksek Eğim",
        "distance_to_road": "Yakın (<150m) - Antropojenik Risk",
        "label": "Burned Point"
      }
    },
    {
      "type": "Feature",
      "geometry": {
        "type": "Point",
        "coordinates": [
          29.25287365936072,
          40.25418161785885
        ]
      },
      "properties": {
        "probability": 0.8545,
        "risk_level": "Very High",
        "color": "#c0392b",
        "ndvi": "Düşük (Kurak/Hasarlı)",
        "slope": "%16.0 - Yüksek Eğim",
        "distance_to_road": "Yakın (<150m) - Antropojenik Risk",
        "label": "Burned Point"
      }
    },
    {
      "type": "Feature",
      "geometry": {
        "type": "Point",
        "coordinates": [
          29.24667528390029,
          40.26073931943292
        ]
      },
      "properties": {
        "probability": 0.8365,
        "risk_level": "High",
        "color": "#e67e22",
        "ndvi": "Düşük (Kurak/Hasarlı)",
        "slope": "%30.9 - Yüksek Eğim",
        "distance_to_road": "Yakın (<150m) - Antropojenik Risk",
        "label": "Burned Point"
      }
    },
    {
      "type": "Feature",
      "geometry": {
        "type": "Point",
        "coordinates": [
          29.24101589761034,
          40.257685047466914
        ]
      },
      "properties": {
        "probability": 0.8864,
        "risk_level": "Very High",
        "color": "#c0392b",
        "ndvi": "Düşük (Kurak/Hasarlı)",
        "slope": "%23.1 - Yüksek Eğim",
        "distance_to_road": "Yakın (<150m) - Antropojenik Risk",
        "label": "Burned Point"
      }
    },
    {
      "type": "Feature",
      "geometry": {
        "type": "Point",
        "coordinates": [
          29.245866800144583,
          40.25714605829644
        ]
      },
      "properties": {
        "probability": 0.695,
        "risk_level": "High",
        "color": "#e67e22",
        "ndvi": "Düşük (Kurak/Hasarlı)",
        "slope": "%24.8 - Yüksek Eğim",
        "distance_to_road": "Yakın (<150m) - Antropojenik Risk",
        "label": "Burned Point"
      }
    },
    {
      "type": "Feature",
      "geometry": {
        "type": "Point",
        "coordinates": [
          29.25143635490613,
          40.25121717742125
        ]
      },
      "properties": {
        "probability": 0.6317,
        "risk_level": "Medium",
        "color": "#f1c40f",
        "ndvi": "Düşük (Kurak/Hasarlı)",
        "slope": "%26.4 - Yüksek Eğim",
        "distance_to_road": "Yakın (<150m) - Antropojenik Risk",
        "label": "Burned Point"
      }
    },
    {
      "type": "Feature",
      "geometry": {
        "type": "Point",
        "coordinates": [
          29.238500614814804,
          40.25588841689868
        ]
      },
      "properties": {
        "probability": 0.6483,
        "risk_level": "Medium",
        "color": "#f1c40f",
        "ndvi": "Düşük (Kurak/Hasarlı)",
        "slope": "%14.8 - Düşük/Düzlük",
        "distance_to_road": "Yakın (<150m) - Antropojenik Risk",
        "label": "Burned Point"
      }
    },
    {
      "type": "Feature",
      "geometry": {
        "type": "Point",
        "coordinates": [
          29.24460915874681,
          40.25804437358056
        ]
      },
      "properties": {
        "probability": 0.7606,
        "risk_level": "High",
        "color": "#e67e22",
        "ndvi": "Düşük (Kurak/Hasarlı)",
        "slope": "%8.9 - Düşük/Düzlük",
        "distance_to_road": "Yakın (<150m) - Antropojenik Risk",
        "label": "Burned Point"
      }
    },
    {
      "type": "Feature",
      "geometry": {
        "type": "Point",
        "coordinates": [
          29.238500614814804,
          40.25795454205215
        ]
      },
      "properties": {
        "probability": 0.8512,
        "risk_level": "Very High",
        "color": "#c0392b",
        "ndvi": "Düşük (Kurak/Hasarlı)",
        "slope": "%22.3 - Yüksek Eğim",
        "distance_to_road": "Yakın (<150m) - Antropojenik Risk",
        "label": "Burned Point"
      }
    },
    {
      "type": "Feature",
      "geometry": {
        "type": "Point",
        "coordinates": [
          29.24424983263317,
          40.25966134109198
        ]
      },
      "properties": {
        "probability": 0.8657,
        "risk_level": "Very High",
        "color": "#c0392b",
        "ndvi": "Düşük (Kurak/Hasarlı)",
        "slope": "%23.7 - Yüksek Eğim",
        "distance_to_road": "Yakın (<150m) - Antropojenik Risk",
        "label": "Burned Point"
      }
    },
    {
      "type": "Feature",
      "geometry": {
        "type": "Point",
        "coordinates": [
          29.23885994092845,
          40.25786471052374
        ]
      },
      "properties": {
        "probability": 0.8295,
        "risk_level": "High",
        "color": "#e67e22",
        "ndvi": "Düşük (Kurak/Hasarlı)",
        "slope": "%16.5 - Yüksek Eğim",
        "distance_to_road": "Yakın (<150m) - Antropojenik Risk",
        "label": "Burned Point"
      }
    },
    {
      "type": "Feature",
      "geometry": {
        "type": "Point",
        "coordinates": [
          29.24236337053652,
          40.25597824842709
        ]
      },
      "properties": {
        "probability": 0.8772,
        "risk_level": "Very High",
        "color": "#c0392b",
        "ndvi": "Düşük (Kurak/Hasarlı)",
        "slope": "%23.0 - Yüksek Eğim",
        "distance_to_road": "Yakın (<150m) - Antropojenik Risk",
        "label": "Burned Point"
      }
    },
    {
      "type": "Feature",
      "geometry": {
        "type": "Point",
        "coordinates": [
          29.25170584949136,
          40.25373246021679
        ]
      },
      "properties": {
        "probability": 0.8788,
        "risk_level": "Very High",
        "color": "#c0392b",
        "ndvi": "Düşük (Kurak/Hasarlı)",
        "slope": "%19.1 - Yüksek Eğim",
        "distance_to_road": "Yakın (<150m) - Antropojenik Risk",
        "label": "Burned Point"
      }
    },
    {
      "type": "Feature",
      "geometry": {
        "type": "Point",
        "coordinates": [
          29.25224483866183,
          40.25292397646108
        ]
      },
      "properties": {
        "probability": 0.8264,
        "risk_level": "High",
        "color": "#e67e22",
        "ndvi": "Düşük (Kurak/Hasarlı)",
        "slope": "%17.8 - Yüksek Eğim",
        "distance_to_road": "Yakın (<150m) - Antropojenik Risk",
        "label": "Burned Point"
      }
    },
    {
      "type": "Feature",
      "geometry": {
        "type": "Point",
        "coordinates": [
          29.240387076911453,
          40.25597824842709
        ]
      },
      "properties": {
        "probability": 0.8787,
        "risk_level": "Very High",
        "color": "#c0392b",
        "ndvi": "Düşük (Kurak/Hasarlı)",
        "slope": "%20.4 - Yüksek Eğim",
        "distance_to_road": "Yakın (<150m) - Antropojenik Risk",
        "label": "Burned Point"
      }
    },
    {
      "type": "Feature",
      "geometry": {
        "type": "Point",
        "coordinates": [
          29.247483767656,
          40.261278308603394
        ]
      },
      "properties": {
        "probability": 0.84,
        "risk_level": "High",
        "color": "#e67e22",
        "ndvi": "Düşük (Kurak/Hasarlı)",
        "slope": "%22.6 - Yüksek Eğim",
        "distance_to_road": "Yakın (<150m) - Antropojenik Risk",
        "label": "Burned Point"
      }
    },
    {
      "type": "Feature",
      "geometry": {
        "type": "Point",
        "coordinates": [
          29.23724297341704,
          40.25624774301232
        ]
      },
      "properties": {
        "probability": 0.8,
        "risk_level": "High",
        "color": "#e67e22",
        "ndvi": "Düşük (Kurak/Hasarlı)",
        "slope": "%12.5 - Düşük/Düzlük",
        "distance_to_road": "Yakın (<150m) - Antropojenik Risk",
        "label": "Burned Point"
      }
    },
    {
      "type": "Feature",
      "geometry": {
        "type": "Point",
        "coordinates": [
          29.270390807401046,
          40.27313607035377
        ]
      },
      "properties": {
        "probability": 0.7571,
        "risk_level": "High",
        "color": "#e67e22",
        "ndvi": "Düşük (Kurak/Hasarlı)",
        "slope": "%23.4 - Yüksek Eğim",
        "distance_to_road": "Yakın (<150m) - Antropojenik Risk",
        "label": "Burned Point"
      }
    },
    {
      "type": "Feature",
      "geometry": {
        "type": "Point",
        "coordinates": [
          29.24056673996828,
          40.2575952159385
        ]
      },
      "properties": {
        "probability": 0.8863,
        "risk_level": "Very High",
        "color": "#c0392b",
        "ndvi": "Düşük (Kurak/Hasarlı)",
        "slope": "%22.0 - Yüksek Eğim",
        "distance_to_road": "Yakın (<150m) - Antropojenik Risk",
        "label": "Burned Point"
      }
    },
    {
      "type": "Feature",
      "geometry": {
        "type": "Point",
        "coordinates": [
          29.24469899027523,
          40.26020033026245
        ]
      },
      "properties": {
        "probability": 0.8044,
        "risk_level": "High",
        "color": "#e67e22",
        "ndvi": "Düşük (Kurak/Hasarlı)",
        "slope": "%28.6 - Yüksek Eğim",
        "distance_to_road": "Yakın (<150m) - Antropojenik Risk",
        "label": "Burned Point"
      }
    },
    {
      "type": "Feature",
      "geometry": {
        "type": "Point",
        "coordinates": [
          29.238051457172745,
          40.25822403663739
        ]
      },
      "properties": {
        "probability": 0.6198,
        "risk_level": "Medium",
        "color": "#f1c40f",
        "ndvi": "Düşük (Kurak/Hasarlı)",
        "slope": "%24.2 - Yüksek Eğim",
        "distance_to_road": "Yakın (<150m) - Antropojenik Risk",
        "label": "Burned Point"
      }
    },
    {
      "type": "Feature",
      "geometry": {
        "type": "Point",
        "coordinates": [
          29.243980338047933,
          40.25597824842709
        ]
      },
      "properties": {
        "probability": 0.883,
        "risk_level": "Very High",
        "color": "#c0392b",
        "ndvi": "Düşük (Kurak/Hasarlı)",
        "slope": "%22.8 - Yüksek Eğim",
        "distance_to_road": "Yakın (<150m) - Antropojenik Risk",
        "label": "Burned Point"
      }
    },
    {
      "type": "Feature",
      "geometry": {
        "type": "Point",
        "coordinates": [
          29.24164471830922,
          40.2598410041488
        ]
      },
      "properties": {
        "probability": 0.874,
        "risk_level": "Very High",
        "color": "#c0392b",
        "ndvi": "Düşük (Kurak/Hasarlı)",
        "slope": "%21.2 - Yüksek Eğim",
        "distance_to_road": "Yakın (<150m) - Antropojenik Risk",
        "label": "Burned Point"
      }
    },
    {
      "type": "Feature",
      "geometry": {
        "type": "Point",
        "coordinates": [
          29.246944778485528,
          40.25894268886468
        ]
      },
      "properties": {
        "probability": 0.8155,
        "risk_level": "High",
        "color": "#e67e22",
        "ndvi": "Düşük (Kurak/Hasarlı)",
        "slope": "%21.9 - Yüksek Eğim",
        "distance_to_road": "Yakın (<150m) - Antropojenik Risk",
        "label": "Burned Point"
      }
    },
    {
      "type": "Feature",
      "geometry": {
        "type": "Point",
        "coordinates": [
          29.25305332241754,
          40.2538222917452
        ]
      },
      "properties": {
        "probability": 0.8021,
        "risk_level": "High",
        "color": "#e67e22",
        "ndvi": "Düşük (Kurak/Hasarlı)",
        "slope": "%12.0 - Düşük/Düzlük",
        "distance_to_road": "Yakın (<150m) - Antropojenik Risk",
        "label": "Burned Point"
      }
    },
    {
      "type": "Feature",
      "geometry": {
        "type": "Point",
        "coordinates": [
          29.28539267264584,
          40.27852596205849
        ]
      },
      "properties": {
        "probability": 0.3075,
        "risk_level": "Low",
        "color": "#27ae60",
        "ndvi": "Düşük (Kurak/Hasarlı)",
        "slope": "%11.4 - Düşük/Düzlük",
        "distance_to_road": "Yakın (<150m) - Antropojenik Risk",
        "label": "Burned Point"
      }
    },
    {
      "type": "Feature",
      "geometry": {
        "type": "Point",
        "coordinates": [
          29.23912943551369,
          40.257685047466914
        ]
      },
      "properties": {
        "probability": 0.7992,
        "risk_level": "High",
        "color": "#e67e22",
        "ndvi": "Düşük (Kurak/Hasarlı)",
        "slope": "%15.6 - Yüksek Eğim",
        "distance_to_road": "Yakın (<150m) - Antropojenik Risk",
        "label": "Burned Point"
      }
    },
    {
      "type": "Feature",
      "geometry": {
        "type": "Point",
        "coordinates": [
          29.25341264853119,
          40.25202566117696
        ]
      },
      "properties": {
        "probability": 0.8688,
        "risk_level": "Very High",
        "color": "#c0392b",
        "ndvi": "Düşük (Kurak/Hasarlı)",
        "slope": "%25.7 - Yüksek Eğim",
        "distance_to_road": "Yakın (<150m) - Antropojenik Risk",
        "label": "Burned Point"
      }
    },
    {
      "type": "Feature",
      "geometry": {
        "type": "Point",
        "coordinates": [
          29.247753262241236,
          40.26262578152957
        ]
      },
      "properties": {
        "probability": 0.8109,
        "risk_level": "High",
        "color": "#e67e22",
        "ndvi": "Düşük (Kurak/Hasarlı)",
        "slope": "%26.7 - Yüksek Eğim",
        "distance_to_road": "Yakın (<150m) - Antropojenik Risk",
        "label": "Burned Point"
      }
    },
    {
      "type": "Feature",
      "geometry": {
        "type": "Point",
        "coordinates": [
          29.27200777491246,
          40.27367505952424
        ]
      },
      "properties": {
        "probability": 0.6108,
        "risk_level": "Medium",
        "color": "#f1c40f",
        "ndvi": "Düşük (Kurak/Hasarlı)",
        "slope": "%23.7 - Yüksek Eğim",
        "distance_to_road": "Yakın (<150m) - Antropojenik Risk",
        "label": "Burned Point"
      }
    },
    {
      "type": "Feature",
      "geometry": {
        "type": "Point",
        "coordinates": [
          29.24892107211059,
          40.26253595000116
        ]
      },
      "properties": {
        "probability": 0.4539,
        "risk_level": "Medium",
        "color": "#f1c40f",
        "ndvi": "Düşük (Kurak/Hasarlı)",
        "slope": "%20.2 - Yüksek Eğim",
        "distance_to_road": "Yakın (<150m) - Antropojenik Risk",
        "label": "Burned Point"
      }
    },
    {
      "type": "Feature",
      "geometry": {
        "type": "Point",
        "coordinates": [
          29.24460915874681,
          40.25714605829644
        ]
      },
      "properties": {
        "probability": 0.8286,
        "risk_level": "High",
        "color": "#e67e22",
        "ndvi": "Düşük (Kurak/Hasarlı)",
        "slope": "%16.0 - Yüksek Eğim",
        "distance_to_road": "Yakın (<150m) - Antropojenik Risk",
        "label": "Burned Point"
      }
    },
    {
      "type": "Feature",
      "geometry": {
        "type": "Point",
        "coordinates": [
          29.27182811185564,
          40.27313607035377
        ]
      },
      "properties": {
        "probability": 0.6347,
        "risk_level": "Medium",
        "color": "#f1c40f",
        "ndvi": "Düşük (Kurak/Hasarlı)",
        "slope": "%21.4 - Yüksek Eğim",
        "distance_to_road": "Yakın (<150m) - Antropojenik Risk",
        "label": "Burned Point"
      }
    },
    {
      "type": "Feature",
      "geometry": {
        "type": "Point",
        "coordinates": [
          29.24460915874681,
          40.25516976467138
        ]
      },
      "properties": {
        "probability": 0.864,
        "risk_level": "Very High",
        "color": "#c0392b",
        "ndvi": "Düşük (Kurak/Hasarlı)",
        "slope": "%20.5 - Yüksek Eğim",
        "distance_to_road": "Yakın (<150m) - Antropojenik Risk",
        "label": "Burned Point"
      }
    },
    {
      "type": "Feature",
      "geometry": {
        "type": "Point",
        "coordinates": [
          29.25359231158801,
          40.25238498729061
        ]
      },
      "properties": {
        "probability": 0.732,
        "risk_level": "High",
        "color": "#e67e22",
        "ndvi": "Düşük (Kurak/Hasarlı)",
        "slope": "%18.8 - Yüksek Eğim",
        "distance_to_road": "Yakın (<150m) - Antropojenik Risk",
        "label": "Burned Point"
      }
    },
    {
      "type": "Feature",
      "geometry": {
        "type": "Point",
        "coordinates": [
          29.243980338047933,
          40.25750538441009
        ]
      },
      "properties": {
        "probability": 0.788,
        "risk_level": "High",
        "color": "#e67e22",
        "ndvi": "Düşük (Kurak/Hasarlı)",
        "slope": "%13.6 - Düşük/Düzlük",
        "distance_to_road": "Yakın (<150m) - Antropojenik Risk",
        "label": "Burned Point"
      }
    },
    {
      "type": "Feature",
      "geometry": {
        "type": "Point",
        "coordinates": [
          29.243171854292225,
          40.25795454205215
        ]
      },
      "properties": {
        "probability": 0.8444,
        "risk_level": "High",
        "color": "#e67e22",
        "ndvi": "Düşük (Kurak/Hasarlı)",
        "slope": "%19.6 - Yüksek Eğim",
        "distance_to_road": "Yakın (<150m) - Antropojenik Risk",
        "label": "Burned Point"
      }
    },
    {
      "type": "Feature",
      "geometry": {
        "type": "Point",
        "coordinates": [
          29.253143153945956,
          40.25624774301232
        ]
      },
      "properties": {
        "probability": 0.5677,
        "risk_level": "Medium",
        "color": "#f1c40f",
        "ndvi": "Düşük (Kurak/Hasarlı)",
        "slope": "%32.9 - Yüksek Eğim",
        "distance_to_road": "Yakın (<150m) - Antropojenik Risk",
        "label": "Burned Point"
      }
    },
    {
      "type": "Feature",
      "geometry": {
        "type": "Point",
        "coordinates": [
          29.24389050651952,
          40.255798585370265
        ]
      },
      "properties": {
        "probability": 0.8756,
        "risk_level": "Very High",
        "color": "#c0392b",
        "ndvi": "Düşük (Kurak/Hasarlı)",
        "slope": "%24.8 - Yüksek Eğim",
        "distance_to_road": "Yakın (<150m) - Antropojenik Risk",
        "label": "Burned Point"
      }
    },
    {
      "type": "Feature",
      "geometry": {
        "type": "Point",
        "coordinates": [
          29.248292251411705,
          40.26073931943292
        ]
      },
      "properties": {
        "probability": 0.7161,
        "risk_level": "High",
        "color": "#e67e22",
        "ndvi": "Düşük (Kurak/Hasarlı)",
        "slope": "%29.6 - Yüksek Eğim",
        "distance_to_road": "Yakın (<150m) - Antropojenik Risk",
        "label": "Burned Point"
      }
    },
    {
      "type": "Feature",
      "geometry": {
        "type": "Point",
        "coordinates": [
          29.2392192670421,
          40.2567867321828
        ]
      },
      "properties": {
        "probability": 0.872,
        "risk_level": "Very High",
        "color": "#c0392b",
        "ndvi": "Düşük (Kurak/Hasarlı)",
        "slope": "%23.5 - Yüksek Eğim",
        "distance_to_road": "Yakın (<150m) - Antropojenik Risk",
        "label": "Burned Point"
      }
    },
    {
      "type": "Feature",
      "geometry": {
        "type": "Point",
        "coordinates": [
          29.2414650552524,
          40.26037999331927
        ]
      },
      "properties": {
        "probability": 0.8246,
        "risk_level": "High",
        "color": "#e67e22",
        "ndvi": "Düşük (Kurak/Hasarlı)",
        "slope": "%16.9 - Yüksek Eğim",
        "distance_to_road": "Yakın (<150m) - Antropojenik Risk",
        "label": "Burned Point"
      }
    },
    {
      "type": "Feature",
      "geometry": {
        "type": "Point",
        "coordinates": [
          29.24290235970699,
          40.25912235192151
        ]
      },
      "properties": {
        "probability": 0.877,
        "risk_level": "Very High",
        "color": "#c0392b",
        "ndvi": "Düşük (Kurak/Hasarlı)",
        "slope": "%24.8 - Yüksek Eğim",
        "distance_to_road": "Yakın (<150m) - Antropojenik Risk",
        "label": "Burned Point"
      }
    },
    {
      "type": "Feature",
      "geometry": {
        "type": "Point",
        "coordinates": [
          29.25116686032089,
          40.25561892231344
        ]
      },
      "properties": {
        "probability": 0.5754,
        "risk_level": "Medium",
        "color": "#f1c40f",
        "ndvi": "Düşük (Kurak/Hasarlı)",
        "slope": "%29.2 - Yüksek Eğim",
        "distance_to_road": "Yakın (<150m) - Antropojenik Risk",
        "label": "Burned Point"
      }
    },
    {
      "type": "Feature",
      "geometry": {
        "type": "Point",
        "coordinates": [
          29.23966842468416,
          40.25732572135327
        ]
      },
      "properties": {
        "probability": 0.838,
        "risk_level": "High",
        "color": "#e67e22",
        "ndvi": "Düşük (Kurak/Hasarlı)",
        "slope": "%23.0 - Yüksek Eğim",
        "distance_to_road": "Yakın (<150m) - Antropojenik Risk",
        "label": "Burned Point"
      }
    },
    {
      "type": "Feature",
      "geometry": {
        "type": "Point",
        "coordinates": [
          29.25143635490613,
          40.25202566117696
        ]
      },
      "properties": {
        "probability": 0.791,
        "risk_level": "High",
        "color": "#e67e22",
        "ndvi": "Düşük (Kurak/Hasarlı)",
        "slope": "%26.2 - Yüksek Eğim",
        "distance_to_road": "Yakın (<150m) - Antropojenik Risk",
        "label": "Burned Point"
      }
    },
    {
      "type": "Feature",
      "geometry": {
        "type": "Point",
        "coordinates": [
          29.24308202276381,
          40.25741555288168
        ]
      },
      "properties": {
        "probability": 0.8849,
        "risk_level": "Very High",
        "color": "#c0392b",
        "ndvi": "Düşük (Kurak/Hasarlı)",
        "slope": "%19.3 - Yüksek Eğim",
        "distance_to_road": "Yakın (<150m) - Antropojenik Risk",
        "label": "Burned Point"
      }
    },
    {
      "type": "Feature",
      "geometry": {
        "type": "Point",
        "coordinates": [
          29.243621011934284,
          40.25561892231344
        ]
      },
      "properties": {
        "probability": 0.8454,
        "risk_level": "High",
        "color": "#e67e22",
        "ndvi": "Düşük (Kurak/Hasarlı)",
        "slope": "%28.8 - Yüksek Eğim",
        "distance_to_road": "Yakın (<150m) - Antropojenik Risk",
        "label": "Burned Point"
      }
    },
    {
      "type": "Feature",
      "geometry": {
        "type": "Point",
        "coordinates": [
          29.250987197264063,
          40.25211549270537
        ]
      },
      "properties": {
        "probability": 0.8033,
        "risk_level": "High",
        "color": "#e67e22",
        "ndvi": "Düşük (Kurak/Hasarlı)",
        "slope": "%21.5 - Yüksek Eğim",
        "distance_to_road": "Yakın (<150m) - Antropojenik Risk",
        "label": "Burned Point"
      }
    },
    {
      "type": "Feature",
      "geometry": {
        "type": "Point",
        "coordinates": [
          29.245507474030937,
          40.26064948790451
        ]
      },
      "properties": {
        "probability": 0.8425,
        "risk_level": "High",
        "color": "#e67e22",
        "ndvi": "Düşük (Kurak/Hasarlı)",
        "slope": "%23.7 - Yüksek Eğim",
        "distance_to_road": "Yakın (<150m) - Antropojenik Risk",
        "label": "Burned Point"
      }
    },
    {
      "type": "Feature",
      "geometry": {
        "type": "Point",
        "coordinates": [
          29.24460915874681,
          40.25633757454074
        ]
      },
      "properties": {
        "probability": 0.687,
        "risk_level": "High",
        "color": "#e67e22",
        "ndvi": "Düşük (Kurak/Hasarlı)",
        "slope": "%13.1 - Düşük/Düzlük",
        "distance_to_road": "Yakın (<150m) - Antropojenik Risk",
        "label": "Burned Point"
      }
    },
    {
      "type": "Feature",
      "geometry": {
        "type": "Point",
        "coordinates": [
          29.242543033593343,
          40.25561892231344
        ]
      },
      "properties": {
        "probability": 0.6147,
        "risk_level": "Medium",
        "color": "#f1c40f",
        "ndvi": "Düşük (Kurak/Hasarlı)",
        "slope": "%15.4 - Yüksek Eğim",
        "distance_to_road": "Yakın (<150m) - Antropojenik Risk",
        "label": "Burned Point"
      }
    },
    {
      "type": "Feature",
      "geometry": {
        "type": "Point",
        "coordinates": [
          29.24424983263317,
          40.26037999331927
        ]
      },
      "properties": {
        "probability": 0.788,
        "risk_level": "High",
        "color": "#e67e22",
        "ndvi": "Düşük (Kurak/Hasarlı)",
        "slope": "%32.5 - Yüksek Eğim",
        "distance_to_road": "Yakın (<150m) - Antropojenik Risk",
        "label": "Burned Point"
      }
    },
    {
      "type": "Feature",
      "geometry": {
        "type": "Point",
        "coordinates": [
          29.240387076911453,
          40.25786471052374
        ]
      },
      "properties": {
        "probability": 0.8694,
        "risk_level": "Very High",
        "color": "#c0392b",
        "ndvi": "Düşük (Kurak/Hasarlı)",
        "slope": "%26.8 - Yüksek Eğim",
        "distance_to_road": "Yakın (<150m) - Antropojenik Risk",
        "label": "Burned Point"
      }
    },
    {
      "type": "Feature",
      "geometry": {
        "type": "Point",
        "coordinates": [
          29.247483767656,
          40.2628054445864
        ]
      },
      "properties": {
        "probability": 0.7217,
        "risk_level": "High",
        "color": "#e67e22",
        "ndvi": "Düşük (Kurak/Hasarlı)",
        "slope": "%17.4 - Yüksek Eğim",
        "distance_to_road": "Yakın (<150m) - Antropojenik Risk",
        "label": "Burned Point"
      }
    },
    {
      "type": "Feature",
      "geometry": {
        "type": "Point",
        "coordinates": [
          29.24344134887746,
          40.258673194279446
        ]
      },
      "properties": {
        "probability": 0.8592,
        "risk_level": "Very High",
        "color": "#c0392b",
        "ndvi": "Düşük (Kurak/Hasarlı)",
        "slope": "%19.9 - Yüksek Eğim",
        "distance_to_road": "Yakın (<150m) - Antropojenik Risk",
        "label": "Burned Point"
      }
    },
    {
      "type": "Feature",
      "geometry": {
        "type": "Point",
        "coordinates": [
          29.28575199875949,
          40.27843613053008
        ]
      },
      "properties": {
        "probability": 0.4499,
        "risk_level": "Medium",
        "color": "#f1c40f",
        "ndvi": "Düşük (Kurak/Hasarlı)",
        "slope": "%23.9 - Yüksek Eğim",
        "distance_to_road": "Yakın (<150m) - Antropojenik Risk",
        "label": "Burned Point"
      }
    },
    {
      "type": "Feature",
      "geometry": {
        "type": "Point",
        "coordinates": [
          29.252514333247067,
          40.25436128091568
        ]
      },
      "properties": {
        "probability": 0.8639,
        "risk_level": "Very High",
        "color": "#c0392b",
        "ndvi": "Düşük (Kurak/Hasarlı)",
        "slope": "%16.4 - Yüksek Eğim",
        "distance_to_road": "Yakın (<150m) - Antropojenik Risk",
        "label": "Burned Point"
      }
    },
    {
      "type": "Feature",
      "geometry": {
        "type": "Point",
        "coordinates": [
          29.241914212894457,
          40.25948167803515
        ]
      },
      "properties": {
        "probability": 0.8683,
        "risk_level": "Very High",
        "color": "#c0392b",
        "ndvi": "Düşük (Kurak/Hasarlı)",
        "slope": "%22.9 - Yüksek Eğim",
        "distance_to_road": "Yakın (<150m) - Antropojenik Risk",
        "label": "Burned Point"
      }
    },
    {
      "type": "Feature",
      "geometry": {
        "type": "Point",
        "coordinates": [
          29.246226126258232,
          40.26011049873404
        ]
      },
      "properties": {
        "probability": 0.8218,
        "risk_level": "High",
        "color": "#e67e22",
        "ndvi": "Düşük (Kurak/Hasarlı)",
        "slope": "%25.5 - Yüksek Eğim",
        "distance_to_road": "Yakın (<150m) - Antropojenik Risk",
        "label": "Burned Point"
      }
    },
    {
      "type": "Feature",
      "geometry": {
        "type": "Point",
        "coordinates": [
          29.239937919269394,
          40.255798585370265
        ]
      },
      "properties": {
        "probability": 0.8575,
        "risk_level": "Very High",
        "color": "#c0392b",
        "ndvi": "Düşük (Kurak/Hasarlı)",
        "slope": "%17.1 - Yüksek Eğim",
        "distance_to_road": "Yakın (<150m) - Antropojenik Risk",
        "label": "Burned Point"
      }
    },
    {
      "type": "Feature",
      "geometry": {
        "type": "Point",
        "coordinates": [
          29.245507474030937,
          40.25543925925661
        ]
      },
      "properties": {
        "probability": 0.6984,
        "risk_level": "High",
        "color": "#e67e22",
        "ndvi": "Düşük (Kurak/Hasarlı)",
        "slope": "%27.3 - Yüksek Eğim",
        "distance_to_road": "Yakın (<150m) - Antropojenik Risk",
        "label": "Burned Point"
      }
    },
    {
      "type": "Feature",
      "geometry": {
        "type": "Point",
        "coordinates": [
          29.252783827832303,
          40.25597824842709
        ]
      },
      "properties": {
        "probability": 0.5552,
        "risk_level": "Medium",
        "color": "#f1c40f",
        "ndvi": "Düşük (Kurak/Hasarlı)",
        "slope": "%34.5 - Yüksek Eğim",
        "distance_to_road": "Yakın (<150m) - Antropojenik Risk",
        "label": "Burned Point"
      }
    },
    {
      "type": "Feature",
      "geometry": {
        "type": "Point",
        "coordinates": [
          29.240476908439867,
          40.257235889824855
        ]
      },
      "properties": {
        "probability": 0.8822,
        "risk_level": "Very High",
        "color": "#c0392b",
        "ndvi": "Düşük (Kurak/Hasarlı)",
        "slope": "%21.3 - Yüksek Eğim",
        "distance_to_road": "Yakın (<150m) - Antropojenik Risk",
        "label": "Burned Point"
      }
    },
    {
      "type": "Feature",
      "geometry": {
        "type": "Point",
        "coordinates": [
          29.2429921912354,
          40.2567867321828
        ]
      },
      "properties": {
        "probability": 0.8567,
        "risk_level": "Very High",
        "color": "#c0392b",
        "ndvi": "Düşük (Kurak/Hasarlı)",
        "slope": "%17.4 - Yüksek Eğim",
        "distance_to_road": "Yakın (<150m) - Antropojenik Risk",
        "label": "Burned Point"
      }
    },
    {
      "type": "Feature",
      "geometry": {
        "type": "Point",
        "coordinates": [
          29.25035837656518,
          40.25346296563155
        ]
      },
      "properties": {
        "probability": 0.7174,
        "risk_level": "High",
        "color": "#e67e22",
        "ndvi": "Düşük (Kurak/Hasarlı)",
        "slope": "%14.2 - Düşük/Düzlük",
        "distance_to_road": "Yakın (<150m) - Antropojenik Risk",
        "label": "Burned Point"
      }
    },
    {
      "type": "Feature",
      "geometry": {
        "type": "Point",
        "coordinates": [
          29.2843146943049,
          40.27807680441643
        ]
      },
      "properties": {
        "probability": 0.4246,
        "risk_level": "Medium",
        "color": "#f1c40f",
        "ndvi": "Düşük (Kurak/Hasarlı)",
        "slope": "%6.6 - Düşük/Düzlük",
        "distance_to_road": "Yakın (<150m) - Antropojenik Risk",
        "label": "Burned Point"
      }
    },
    {
      "type": "Feature",
      "geometry": {
        "type": "Point",
        "coordinates": [
          29.24065657149669,
          40.25642740606914
        ]
      },
      "properties": {
        "probability": 0.8056,
        "risk_level": "High",
        "color": "#e67e22",
        "ndvi": "Düşük (Kurak/Hasarlı)",
        "slope": "%23.8 - Yüksek Eğim",
        "distance_to_road": "Yakın (<150m) - Antropojenik Risk",
        "label": "Burned Point"
      }
    },
    {
      "type": "Feature",
      "geometry": {
        "type": "Point",
        "coordinates": [
          29.242632865121752,
          40.25516976467138
        ]
      },
      "properties": {
        "probability": 0.8842,
        "risk_level": "Very High",
        "color": "#c0392b",
        "ndvi": "Düşük (Kurak/Hasarlı)",
        "slope": "%21.8 - Yüksek Eğim",
        "distance_to_road": "Yakın (<150m) - Antropojenik Risk",
        "label": "Burned Point"
      }
    },
    {
      "type": "Feature",
      "geometry": {
        "type": "Point",
        "coordinates": [
          29.27182811185564,
          40.27349539646742
        ]
      },
      "properties": {
        "probability": 0.6547,
        "risk_level": "High",
        "color": "#e67e22",
        "ndvi": "Düşük (Kurak/Hasarlı)",
        "slope": "%23.7 - Yüksek Eğim",
        "distance_to_road": "Yakın (<150m) - Antropojenik Risk",
        "label": "Burned Point"
      }
    },
    {
      "type": "Feature",
      "geometry": {
        "type": "Point",
        "coordinates": [
          29.24658545237188,
          40.25876302580786
        ]
      },
      "properties": {
        "probability": 0.6917,
        "risk_level": "High",
        "color": "#e67e22",
        "ndvi": "Düşük (Kurak/Hasarlı)",
        "slope": "%21.5 - Yüksek Eğim",
        "distance_to_road": "Yakın (<150m) - Antropojenik Risk",
        "label": "Burned Point"
      }
    },
    {
      "type": "Feature",
      "geometry": {
        "type": "Point",
        "coordinates": [
          29.25260416477548,
          40.2507680197792
        ]
      },
      "properties": {
        "probability": 0.7241,
        "risk_level": "High",
        "color": "#e67e22",
        "ndvi": "Düşük (Kurak/Hasarlı)",
        "slope": "%31.5 - Yüksek Eğim",
        "distance_to_road": "Yakın (<150m) - Antropojenik Risk",
        "label": "Burned Point"
      }
    },
    {
      "type": "Feature",
      "geometry": {
        "type": "Point",
        "coordinates": [
          29.25341264853119,
          40.25337313410314
        ]
      },
      "properties": {
        "probability": 0.7024,
        "risk_level": "High",
        "color": "#e67e22",
        "ndvi": "Düşük (Kurak/Hasarlı)",
        "slope": "%19.0 - Yüksek Eğim",
        "distance_to_road": "Yakın (<150m) - Antropojenik Risk",
        "label": "Burned Point"
      }
    },
    {
      "type": "Feature",
      "geometry": {
        "type": "Point",
        "coordinates": [
          29.24065657149669,
          40.25813420510897
        ]
      },
      "properties": {
        "probability": 0.8793,
        "risk_level": "Very High",
        "color": "#c0392b",
        "ndvi": "Düşük (Kurak/Hasarlı)",
        "slope": "%25.2 - Yüksek Eğim",
        "distance_to_road": "Yakın (<150m) - Antropojenik Risk",
        "label": "Burned Point"
      }
    },
    {
      "type": "Feature",
      "geometry": {
        "type": "Point",
        "coordinates": [
          29.24613629472982,
          40.25705622676803
        ]
      },
      "properties": {
        "probability": 0.5874,
        "risk_level": "Medium",
        "color": "#f1c40f",
        "ndvi": "Düşük (Kurak/Hasarlı)",
        "slope": "%25.3 - Yüksek Eğim",
        "distance_to_road": "Yakın (<150m) - Antropojenik Risk",
        "label": "Burned Point"
      }
    },
    {
      "type": "Feature",
      "geometry": {
        "type": "Point",
        "coordinates": [
          29.242273539008107,
          40.25624774301232
        ]
      },
      "properties": {
        "probability": 0.8873,
        "risk_level": "Very High",
        "color": "#c0392b",
        "ndvi": "Düşük (Kurak/Hasarlı)",
        "slope": "%21.8 - Yüksek Eğim",
        "distance_to_road": "Yakın (<150m) - Antropojenik Risk",
        "label": "Burned Point"
      }
    },
    {
      "type": "Feature",
      "geometry": {
        "type": "Point",
        "coordinates": [
          29.238949772456863,
          40.25732572135327
        ]
      },
      "properties": {
        "probability": 0.8645,
        "risk_level": "Very High",
        "color": "#c0392b",
        "ndvi": "Düşük (Kurak/Hasarlı)",
        "slope": "%21.3 - Yüksek Eğim",
        "distance_to_road": "Yakın (<150m) - Antropojenik Risk",
        "label": "Burned Point"
      }
    },
    {
      "type": "Feature",
      "geometry": {
        "type": "Point",
        "coordinates": [
          29.24272269665017,
          40.25849353122262
        ]
      },
      "properties": {
        "probability": 0.8798,
        "risk_level": "Very High",
        "color": "#c0392b",
        "ndvi": "Düşük (Kurak/Hasarlı)",
        "slope": "%26.7 - Yüksek Eğim",
        "distance_to_road": "Yakın (<150m) - Antropojenik Risk",
        "label": "Burned Point"
      }
    },
    {
      "type": "Feature",
      "geometry": {
        "type": "Point",
        "coordinates": [
          29.250897365735653,
          40.2538222917452
        ]
      },
      "properties": {
        "probability": 0.8348,
        "risk_level": "High",
        "color": "#e67e22",
        "ndvi": "Düşük (Kurak/Hasarlı)",
        "slope": "%23.2 - Yüksek Eğim",
        "distance_to_road": "Yakın (<150m) - Antropojenik Risk",
        "label": "Burned Point"
      }
    },
    {
      "type": "Feature",
      "geometry": {
        "type": "Point",
        "coordinates": [
          29.25161601796295,
          40.25274431340426
        ]
      },
      "properties": {
        "probability": 0.8276,
        "risk_level": "High",
        "color": "#e67e22",
        "ndvi": "Düşük (Kurak/Hasarlı)",
        "slope": "%24.4 - Yüksek Eğim",
        "distance_to_road": "Yakın (<150m) - Antropojenik Risk",
        "label": "Burned Point"
      }
    },
    {
      "type": "Feature",
      "geometry": {
        "type": "Point",
        "coordinates": [
          29.246226126258232,
          40.26217662388751
        ]
      },
      "properties": {
        "probability": 0.688,
        "risk_level": "High",
        "color": "#e67e22",
        "ndvi": "Düşük (Kurak/Hasarlı)",
        "slope": "%23.1 - Yüksek Eğim",
        "distance_to_road": "Yakın (<150m) - Antropojenik Risk",
        "label": "Burned Point"
      }
    },
    {
      "type": "Feature",
      "geometry": {
        "type": "Point",
        "coordinates": [
          29.28548250417425,
          40.27897511970055
        ]
      },
      "properties": {
        "probability": 0.2284,
        "risk_level": "Low",
        "color": "#27ae60",
        "ndvi": "Düşük (Kurak/Hasarlı)",
        "slope": "%15.6 - Yüksek Eğim",
        "distance_to_road": "Yakın (<150m) - Antropojenik Risk",
        "label": "Burned Point"
      }
    },
    {
      "type": "Feature",
      "geometry": {
        "type": "Point",
        "coordinates": [
          29.252065175605008,
          40.256966395239616
        ]
      },
      "properties": {
        "probability": 0.5745,
        "risk_level": "Medium",
        "color": "#f1c40f",
        "ndvi": "Düşük (Kurak/Hasarlı)",
        "slope": "%22.0 - Yüksek Eğim",
        "distance_to_road": "Yakın (<150m) - Antropojenik Risk",
        "label": "Burned Point"
      }
    },
    {
      "type": "Feature",
      "geometry": {
        "type": "Point",
        "coordinates": [
          29.246944778485528,
          40.260559656376095
        ]
      },
      "properties": {
        "probability": 0.8364,
        "risk_level": "High",
        "color": "#e67e22",
        "ndvi": "Düşük (Kurak/Hasarlı)",
        "slope": "%29.1 - Yüksek Eğim",
        "distance_to_road": "Yakın (<150m) - Antropojenik Risk",
        "label": "Burned Point"
      }
    },
    {
      "type": "Feature",
      "geometry": {
        "type": "Point",
        "coordinates": [
          29.25287365936072,
          40.250318862137135
        ]
      },
      "properties": {
        "probability": 0.6122,
        "risk_level": "Medium",
        "color": "#f1c40f",
        "ndvi": "Düşük (Kurak/Hasarlı)",
        "slope": "%33.0 - Yüksek Eğim",
        "distance_to_road": "Yakın (<150m) - Antropojenik Risk",
        "label": "Burned Point"
      }
    },
    {
      "type": "Feature",
      "geometry": {
        "type": "Point",
        "coordinates": [
          29.24209387595128,
          40.256966395239616
        ]
      },
      "properties": {
        "probability": 0.6266,
        "risk_level": "Medium",
        "color": "#f1c40f",
        "ndvi": "Düşük (Kurak/Hasarlı)",
        "slope": "%20.0 - Yüksek Eğim",
        "distance_to_road": "Yakın (<150m) - Antropojenik Risk",
        "label": "Burned Point"
      }
    },
    {
      "type": "Feature",
      "geometry": {
        "type": "Point",
        "coordinates": [
          29.25359231158801,
          40.25301380798949
        ]
      },
      "properties": {
        "probability": 0.8043,
        "risk_level": "High",
        "color": "#e67e22",
        "ndvi": "Düşük (Kurak/Hasarlı)",
        "slope": "%24.5 - Yüksek Eğim",
        "distance_to_road": "Yakın (<150m) - Antropojenik Risk",
        "label": "Burned Point"
      }
    },
    {
      "type": "Feature",
      "geometry": {
        "type": "Point",
        "coordinates": [
          29.253143153945956,
          40.25184599812014
        ]
      },
      "properties": {
        "probability": 0.8376,
        "risk_level": "High",
        "color": "#e67e22",
        "ndvi": "Düşük (Kurak/Hasarlı)",
        "slope": "%26.5 - Yüksek Eğim",
        "distance_to_road": "Yakın (<150m) - Antropojenik Risk",
        "label": "Burned Point"
      }
    },
    {
      "type": "Feature",
      "geometry": {
        "type": "Point",
        "coordinates": [
          29.247753262241236,
          40.26154780318863
        ]
      },
      "properties": {
        "probability": 0.8398,
        "risk_level": "High",
        "color": "#e67e22",
        "ndvi": "Düşük (Kurak/Hasarlı)",
        "slope": "%21.8 - Yüksek Eğim",
        "distance_to_road": "Yakın (<150m) - Antropojenik Risk",
        "label": "Burned Point"
      }
    },
    {
      "type": "Feature",
      "geometry": {
        "type": "Point",
        "coordinates": [
          29.240387076911453,
          40.2560680799555
        ]
      },
      "properties": {
        "probability": 0.8783,
        "risk_level": "Very High",
        "color": "#c0392b",
        "ndvi": "Düşük (Kurak/Hasarlı)",
        "slope": "%20.4 - Yüksek Eğim",
        "distance_to_road": "Yakın (<150m) - Antropojenik Risk",
        "label": "Burned Point"
      }
    },
    {
      "type": "Feature",
      "geometry": {
        "type": "Point",
        "coordinates": [
          29.244968484860465,
          40.25463077550091
        ]
      },
      "properties": {
        "probability": 0.8065,
        "risk_level": "High",
        "color": "#e67e22",
        "ndvi": "Düşük (Kurak/Hasarlı)",
        "slope": "%24.3 - Yüksek Eğim",
        "distance_to_road": "Yakın (<150m) - Antropojenik Risk",
        "label": "Burned Point"
      }
    },
    {
      "type": "Feature",
      "geometry": {
        "type": "Point",
        "coordinates": [
          29.25287365936072,
          40.25301380798949
        ]
      },
      "properties": {
        "probability": 0.8491,
        "risk_level": "High",
        "color": "#e67e22",
        "ndvi": "Düşük (Kurak/Hasarlı)",
        "slope": "%19.3 - Yüksek Eğim",
        "distance_to_road": "Yakın (<150m) - Antropojenik Risk",
        "label": "Burned Point"
      }
    },
    {
      "type": "Feature",
      "geometry": {
        "type": "Point",
        "coordinates": [
          29.245597305559347,
          40.25813420510897
        ]
      },
      "properties": {
        "probability": 0.4912,
        "risk_level": "Medium",
        "color": "#f1c40f",
        "ndvi": "Düşük (Kurak/Hasarlı)",
        "slope": "%13.6 - Düşük/Düzlük",
        "distance_to_road": "Yakın (<150m) - Antropojenik Risk",
        "label": "Burned Point"
      }
    },
    {
      "type": "Feature",
      "geometry": {
        "type": "Point",
        "coordinates": [
          29.24451932721841,
          40.2583138681658
        ]
      },
      "properties": {
        "probability": 0.7638,
        "risk_level": "High",
        "color": "#e67e22",
        "ndvi": "Düşük (Kurak/Hasarlı)",
        "slope": "%10.6 - Düşük/Düzlük",
        "distance_to_road": "Yakın (<150m) - Antropojenik Risk",
        "label": "Burned Point"
      }
    },
    {
      "type": "Feature",
      "geometry": {
        "type": "Point",
        "coordinates": [
          29.23966842468416,
          40.25912235192151
        ]
      },
      "properties": {
        "probability": 0.8295,
        "risk_level": "High",
        "color": "#e67e22",
        "ndvi": "Düşük (Kurak/Hasarlı)",
        "slope": "%18.1 - Yüksek Eğim",
        "distance_to_road": "Yakın (<150m) - Antropojenik Risk",
        "label": "Burned Point"
      }
    },
    {
      "type": "Feature",
      "geometry": {
        "type": "Point",
        "coordinates": [
          29.246944778485528,
          40.26118847707498
        ]
      },
      "properties": {
        "probability": 0.7327,
        "risk_level": "High",
        "color": "#e67e22",
        "ndvi": "Düşük (Kurak/Hasarlı)",
        "slope": "%19.8 - Yüksek Eğim",
        "distance_to_road": "Yakın (<150m) - Antropojenik Risk",
        "label": "Burned Point"
      }
    },
    {
      "type": "Feature",
      "geometry": {
        "type": "Point",
        "coordinates": [
          29.24631595778664,
          40.26109864554657
        ]
      },
      "properties": {
        "probability": 0.7905,
        "risk_level": "High",
        "color": "#e67e22",
        "ndvi": "Düşük (Kurak/Hasarlı)",
        "slope": "%18.0 - Yüksek Eğim",
        "distance_to_road": "Yakın (<150m) - Antropojenik Risk",
        "label": "Burned Point"
      }
    },
    {
      "type": "Feature",
      "geometry": {
        "type": "Point",
        "coordinates": [
          29.25404146923007,
          40.25238498729061
        ]
      },
      "properties": {
        "probability": 0.7959,
        "risk_level": "High",
        "color": "#e67e22",
        "ndvi": "Düşük (Kurak/Hasarlı)",
        "slope": "%19.1 - Yüksek Eğim",
        "distance_to_road": "Yakın (<150m) - Antropojenik Risk",
        "label": "Burned Point"
      }
    },
    {
      "type": "Feature",
      "geometry": {
        "type": "Point",
        "coordinates": [
          29.244429495689992,
          40.25993083567721
        ]
      },
      "properties": {
        "probability": 0.8307,
        "risk_level": "High",
        "color": "#e67e22",
        "ndvi": "Düşük (Kurak/Hasarlı)",
        "slope": "%31.9 - Yüksek Eğim",
        "distance_to_road": "Yakın (<150m) - Antropojenik Risk",
        "label": "Burned Point"
      }
    },
    {
      "type": "Feature",
      "geometry": {
        "type": "Point",
        "coordinates": [
          29.24478882180364,
          40.25481043855773
        ]
      },
      "properties": {
        "probability": 0.8041,
        "risk_level": "High",
        "color": "#e67e22",
        "ndvi": "Düşük (Kurak/Hasarlı)",
        "slope": "%19.7 - Yüksek Eğim",
        "distance_to_road": "Yakın (<150m) - Antropojenik Risk",
        "label": "Burned Point"
      }
    },
    {
      "type": "Feature",
      "geometry": {
        "type": "Point",
        "coordinates": [
          29.25287365936072,
          40.254091786330434
        ]
      },
      "properties": {
        "probability": 0.8521,
        "risk_level": "Very High",
        "color": "#c0392b",
        "ndvi": "Düşük (Kurak/Hasarlı)",
        "slope": "%16.0 - Yüksek Eğim",
        "distance_to_road": "Yakın (<150m) - Antropojenik Risk",
        "label": "Burned Point"
      }
    },
    {
      "type": "Feature",
      "geometry": {
        "type": "Point",
        "coordinates": [
          29.243980338047933,
          40.25849353122262
        ]
      },
      "properties": {
        "probability": 0.8542,
        "risk_level": "Very High",
        "color": "#c0392b",
        "ndvi": "Düşük (Kurak/Hasarlı)",
        "slope": "%16.9 - Yüksek Eğim",
        "distance_to_road": "Yakın (<150m) - Antropojenik Risk",
        "label": "Burned Point"
      }
    },
    {
      "type": "Feature",
      "geometry": {
        "type": "Point",
        "coordinates": [
          29.28539267264584,
          40.27843613053008
        ]
      },
      "properties": {
        "probability": 0.3547,
        "risk_level": "Medium",
        "color": "#f1c40f",
        "ndvi": "Düşük (Kurak/Hasarlı)",
        "slope": "%11.5 - Düşük/Düzlük",
        "distance_to_road": "Yakın (<150m) - Antropojenik Risk",
        "label": "Burned Point"
      }
    },
    {
      "type": "Feature",
      "geometry": {
        "type": "Point",
        "coordinates": [
          29.241824381366044,
          40.25660706912597
        ]
      },
      "properties": {
        "probability": 0.8785,
        "risk_level": "Very High",
        "color": "#c0392b",
        "ndvi": "Düşük (Kurak/Hasarlı)",
        "slope": "%19.7 - Yüksek Eğim",
        "distance_to_road": "Yakın (<150m) - Antropojenik Risk",
        "label": "Burned Point"
      }
    },
    {
      "type": "Feature",
      "geometry": {
        "type": "Point",
        "coordinates": [
          29.244070169576343,
          40.25552909078503
        ]
      },
      "properties": {
        "probability": 0.8655,
        "risk_level": "Very High",
        "color": "#c0392b",
        "ndvi": "Düşük (Kurak/Hasarlı)",
        "slope": "%20.5 - Yüksek Eğim",
        "distance_to_road": "Yakın (<150m) - Antropojenik Risk",
        "label": "Burned Point"
      }
    },
    {
      "type": "Feature",
      "geometry": {
        "type": "Point",
        "coordinates": [
          29.246226126258232,
          40.25777487899533
        ]
      },
      "properties": {
        "probability": 0.6865,
        "risk_level": "High",
        "color": "#e67e22",
        "ndvi": "Düşük (Kurak/Hasarlı)",
        "slope": "%19.2 - Yüksek Eğim",
        "distance_to_road": "Yakın (<150m) - Antropojenik Risk",
        "label": "Burned Point"
      }
    },
    {
      "type": "Feature",
      "geometry": {
        "type": "Point",
        "coordinates": [
          29.2535024800596,
          40.25490027008614
        ]
      },
      "properties": {
        "probability": 0.8778,
        "risk_level": "Very High",
        "color": "#c0392b",
        "ndvi": "Düşük (Kurak/Hasarlı)",
        "slope": "%18.8 - Yüksek Eğim",
        "distance_to_road": "Yakın (<150m) - Antropojenik Risk",
        "label": "Burned Point"
      }
    },
    {
      "type": "Feature",
      "geometry": {
        "type": "Point",
        "coordinates": [
          29.239937919269394,
          40.26029016179086
        ]
      },
      "properties": {
        "probability": 0.8318,
        "risk_level": "High",
        "color": "#e67e22",
        "ndvi": "Düşük (Kurak/Hasarlı)",
        "slope": "%21.3 - Yüksek Eğim",
        "distance_to_road": "Yakın (<150m) - Antropojenik Risk",
        "label": "Burned Point"
      }
    },
    {
      "type": "Feature",
      "geometry": {
        "type": "Point",
        "coordinates": [
          29.251526186434536,
          40.2507680197792
        ]
      },
      "properties": {
        "probability": 0.7297,
        "risk_level": "High",
        "color": "#e67e22",
        "ndvi": "Düşük (Kurak/Hasarlı)",
        "slope": "%26.0 - Yüksek Eğim",
        "distance_to_road": "Yakın (<150m) - Antropojenik Risk",
        "label": "Burned Point"
      }
    },
    {
      "type": "Feature",
      "geometry": {
        "type": "Point",
        "coordinates": [
          29.23912943551369,
          40.258403699694206
        ]
      },
      "properties": {
        "probability": 0.8672,
        "risk_level": "Very High",
        "color": "#c0392b",
        "ndvi": "Düşük (Kurak/Hasarlı)",
        "slope": "%22.6 - Yüksek Eğim",
        "distance_to_road": "Yakın (<150m) - Antropojenik Risk",
        "label": "Burned Point"
      }
    },
    {
      "type": "Feature",
      "geometry": {
        "type": "Point",
        "coordinates": [
          29.239937919269394,
          40.25732572135327
        ]
      },
      "properties": {
        "probability": 0.8708,
        "risk_level": "Very High",
        "color": "#c0392b",
        "ndvi": "Düşük (Kurak/Hasarlı)",
        "slope": "%21.9 - Yüksek Eğim",
        "distance_to_road": "Yakın (<150m) - Antropojenik Risk",
        "label": "Burned Point"
      }
    },
    {
      "type": "Feature",
      "geometry": {
        "type": "Point",
        "coordinates": [
          29.23912943551369,
          40.25876302580786
        ]
      },
      "properties": {
        "probability": 0.841,
        "risk_level": "High",
        "color": "#e67e22",
        "ndvi": "Düşük (Kurak/Hasarlı)",
        "slope": "%23.1 - Yüksek Eğim",
        "distance_to_road": "Yakın (<150m) - Antropojenik Risk",
        "label": "Burned Point"
      }
    },
    {
      "type": "Feature",
      "geometry": {
        "type": "Point",
        "coordinates": [
          29.252065175605008,
          40.25139684047808
        ]
      },
      "properties": {
        "probability": 0.719,
        "risk_level": "High",
        "color": "#e67e22",
        "ndvi": "Düşük (Kurak/Hasarlı)",
        "slope": "%28.6 - Yüksek Eğim",
        "distance_to_road": "Yakın (<150m) - Antropojenik Risk",
        "label": "Burned Point"
      }
    },
    {
      "type": "Feature",
      "geometry": {
        "type": "Point",
        "coordinates": [
          29.24119556066716,
          40.2598410041488
        ]
      },
      "properties": {
        "probability": 0.8481,
        "risk_level": "High",
        "color": "#e67e22",
        "ndvi": "Düşük (Kurak/Hasarlı)",
        "slope": "%19.9 - Yüksek Eğim",
        "distance_to_road": "Yakın (<150m) - Antropojenik Risk",
        "label": "Burned Point"
      }
    },
    {
      "type": "Feature",
      "geometry": {
        "type": "Point",
        "coordinates": [
          29.241824381366044,
          40.256966395239616
        ]
      },
      "properties": {
        "probability": 0.8847,
        "risk_level": "Very High",
        "color": "#c0392b",
        "ndvi": "Düşük (Kurak/Hasarlı)",
        "slope": "%18.6 - Yüksek Eğim",
        "distance_to_road": "Yakın (<150m) - Antropojenik Risk",
        "label": "Burned Point"
      }
    },
    {
      "type": "Feature",
      "geometry": {
        "type": "Point",
        "coordinates": [
          29.248741409053764,
          40.2613681401318
        ]
      },
      "properties": {
        "probability": 0.4911,
        "risk_level": "Medium",
        "color": "#f1c40f",
        "ndvi": "Düşük (Kurak/Hasarlı)",
        "slope": "%23.0 - Yüksek Eğim",
        "distance_to_road": "Yakın (<150m) - Antropojenik Risk",
        "label": "Burned Point"
      }
    },
    {
      "type": "Feature",
      "geometry": {
        "type": "Point",
        "coordinates": [
          29.243800674991107,
          40.25570875384185
        ]
      },
      "properties": {
        "probability": 0.8766,
        "risk_level": "Very High",
        "color": "#c0392b",
        "ndvi": "Düşük (Kurak/Hasarlı)",
        "slope": "%24.8 - Yüksek Eğim",
        "distance_to_road": "Yakın (<150m) - Antropojenik Risk",
        "label": "Burned Point"
      }
    },
    {
      "type": "Feature",
      "geometry": {
        "type": "Point",
        "coordinates": [
          29.24416000110476,
          40.25957150956357
        ]
      },
      "properties": {
        "probability": 0.8651,
        "risk_level": "Very High",
        "color": "#c0392b",
        "ndvi": "Düşük (Kurak/Hasarlı)",
        "slope": "%25.5 - Yüksek Eğim",
        "distance_to_road": "Yakın (<150m) - Antropojenik Risk",
        "label": "Burned Point"
      }
    },
    {
      "type": "Feature",
      "geometry": {
        "type": "Point",
        "coordinates": [
          29.25476012145737,
          40.251486672006486
        ]
      },
      "properties": {
        "probability": 0.8622,
        "risk_level": "Very High",
        "color": "#c0392b",
        "ndvi": "Düşük (Kurak/Hasarlı)",
        "slope": "%25.5 - Yüksek Eğim",
        "distance_to_road": "Yakın (<150m) - Antropojenik Risk",
        "label": "Burned Point"
      }
    },
    {
      "type": "Feature",
      "geometry": {
        "type": "Point",
        "coordinates": [
          29.240836234553512,
          40.25849353122262
        ]
      },
      "properties": {
        "probability": 0.8571,
        "risk_level": "Very High",
        "color": "#c0392b",
        "ndvi": "Düşük (Kurak/Hasarlı)",
        "slope": "%23.7 - Yüksek Eğim",
        "distance_to_road": "Yakın (<150m) - Antropojenik Risk",
        "label": "Burned Point"
      }
    },
    {
      "type": "Feature",
      "geometry": {
        "type": "Point",
        "coordinates": [
          29.25179568101977,
          40.25058835672237
        ]
      },
      "properties": {
        "probability": 0.684,
        "risk_level": "High",
        "color": "#e67e22",
        "ndvi": "Düşük (Kurak/Hasarlı)",
        "slope": "%25.6 - Yüksek Eğim",
        "distance_to_road": "Yakın (<150m) - Antropojenik Risk",
        "label": "Burned Point"
      }
    },
    {
      "type": "Feature",
      "geometry": {
        "type": "Point",
        "coordinates": [
          29.253951637701658,
          40.25274431340426
        ]
      },
      "properties": {
        "probability": 0.6161,
        "risk_level": "Medium",
        "color": "#f1c40f",
        "ndvi": "Düşük (Kurak/Hasarlı)",
        "slope": "%23.0 - Yüksek Eğim",
        "distance_to_road": "Yakın (<150m) - Antropojenik Risk",
        "label": "Burned Point"
      }
    },
    {
      "type": "Feature",
      "geometry": {
        "type": "Point",
        "coordinates": [
          29.24164471830922,
          40.25858336275103
        ]
      },
      "properties": {
        "probability": 0.8523,
        "risk_level": "Very High",
        "color": "#c0392b",
        "ndvi": "Düşük (Kurak/Hasarlı)",
        "slope": "%25.9 - Yüksek Eğim",
        "distance_to_road": "Yakın (<150m) - Antropojenik Risk",
        "label": "Burned Point"
      }
    },
    {
      "type": "Feature",
      "geometry": {
        "type": "Point",
        "coordinates": [
          29.243351517349048,
          40.25795454205215
        ]
      },
      "properties": {
        "probability": 0.7549,
        "risk_level": "High",
        "color": "#e67e22",
        "ndvi": "Düşük (Kurak/Hasarlı)",
        "slope": "%18.5 - Yüksek Eğim",
        "distance_to_road": "Yakın (<150m) - Antropojenik Risk",
        "label": "Burned Point"
      }
    },
    {
      "type": "Feature",
      "geometry": {
        "type": "Point",
        "coordinates": [
          29.23796162564433,
          40.25714605829644
        ]
      },
      "properties": {
        "probability": 0.8574,
        "risk_level": "Very High",
        "color": "#c0392b",
        "ndvi": "Düşük (Kurak/Hasarlı)",
        "slope": "%18.2 - Yüksek Eğim",
        "distance_to_road": "Yakın (<150m) - Antropojenik Risk",
        "label": "Burned Point"
      }
    },
    {
      "type": "Feature",
      "geometry": {
        "type": "Point",
        "coordinates": [
          29.23939893009892,
          40.2598410041488
        ]
      },
      "properties": {
        "probability": 0.849,
        "risk_level": "High",
        "color": "#e67e22",
        "ndvi": "Düşük (Kurak/Hasarlı)",
        "slope": "%23.2 - Yüksek Eğim",
        "distance_to_road": "Yakın (<150m) - Antropojenik Risk",
        "label": "Burned Point"
      }
    },
    {
      "type": "Feature",
      "geometry": {
        "type": "Point",
        "coordinates": [
          29.251885512548185,
          40.25319347104632
        ]
      },
      "properties": {
        "probability": 0.8598,
        "risk_level": "Very High",
        "color": "#c0392b",
        "ndvi": "Düşük (Kurak/Hasarlı)",
        "slope": "%19.7 - Yüksek Eğim",
        "distance_to_road": "Yakın (<150m) - Antropojenik Risk",
        "label": "Burned Point"
      }
    },
    {
      "type": "Feature",
      "geometry": {
        "type": "Point",
        "coordinates": [
          29.25404146923007,
          40.25301380798949
        ]
      },
      "properties": {
        "probability": 0.6984,
        "risk_level": "High",
        "color": "#e67e22",
        "ndvi": "Düşük (Kurak/Hasarlı)",
        "slope": "%26.1 - Yüksek Eğim",
        "distance_to_road": "Yakın (<150m) - Antropojenik Risk",
        "label": "Burned Point"
      }
    },
    {
      "type": "Feature",
      "geometry": {
        "type": "Point",
        "coordinates": [
          29.23966842468416,
          40.26037999331927
        ]
      },
      "properties": {
        "probability": 0.648,
        "risk_level": "Medium",
        "color": "#f1c40f",
        "ndvi": "Düşük (Kurak/Hasarlı)",
        "slope": "%22.8 - Yüksek Eğim",
        "distance_to_road": "Yakın (<150m) - Antropojenik Risk",
        "label": "Burned Point"
      }
    },
    {
      "type": "Feature",
      "geometry": {
        "type": "Point",
        "coordinates": [
          29.23760229953068,
          40.25714605829644
        ]
      },
      "properties": {
        "probability": 0.7701,
        "risk_level": "High",
        "color": "#e67e22",
        "ndvi": "Düşük (Kurak/Hasarlı)",
        "slope": "%24.1 - Yüksek Eğim",
        "distance_to_road": "Yakın (<150m) - Antropojenik Risk",
        "label": "Burned Point"
      }
    },
    {
      "type": "Feature",
      "geometry": {
        "type": "Point",
        "coordinates": [
          29.243800674991107,
          40.2598410041488
        ]
      },
      "properties": {
        "probability": 0.8716,
        "risk_level": "Very High",
        "color": "#c0392b",
        "ndvi": "Düşük (Kurak/Hasarlı)",
        "slope": "%23.8 - Yüksek Eğim",
        "distance_to_road": "Yakın (<150m) - Antropojenik Risk",
        "label": "Burned Point"
      }
    },
    {
      "type": "Feature",
      "geometry": {
        "type": "Point",
        "coordinates": [
          29.24811258835488,
          40.26271561305799
        ]
      },
      "properties": {
        "probability": 0.722,
        "risk_level": "High",
        "color": "#e67e22",
        "ndvi": "Düşük (Kurak/Hasarlı)",
        "slope": "%24.9 - Yüksek Eğim",
        "distance_to_road": "Yakın (<150m) - Antropojenik Risk",
        "label": "Burned Point"
      }
    },
    {
      "type": "Feature",
      "geometry": {
        "type": "Point",
        "coordinates": [
          29.246944778485528,
          40.2583138681658
        ]
      },
      "properties": {
        "probability": 0.7579,
        "risk_level": "High",
        "color": "#e67e22",
        "ndvi": "Düşük (Kurak/Hasarlı)",
        "slope": "%17.4 - Yüksek Eğim",
        "distance_to_road": "Yakın (<150m) - Antropojenik Risk",
        "label": "Burned Point"
      }
    },
    {
      "type": "Feature",
      "geometry": {
        "type": "Point",
        "coordinates": [
          29.23885994092845,
          40.25957150956357
        ]
      },
      "properties": {
        "probability": 0.8248,
        "risk_level": "High",
        "color": "#e67e22",
        "ndvi": "Düşük (Kurak/Hasarlı)",
        "slope": "%30.4 - Yüksek Eğim",
        "distance_to_road": "Yakın (<150m) - Antropojenik Risk",
        "label": "Burned Point"
      }
    },
    {
      "type": "Feature",
      "geometry": {
        "type": "Point",
        "coordinates": [
          29.24326168582064,
          40.26064948790451
        ]
      },
      "properties": {
        "probability": 0.824,
        "risk_level": "High",
        "color": "#e67e22",
        "ndvi": "Düşük (Kurak/Hasarlı)",
        "slope": "%22.2 - Yüksek Eğim",
        "distance_to_road": "Yakın (<150m) - Antropojenik Risk",
        "label": "Burned Point"
      }
    },
    {
      "type": "Feature",
      "geometry": {
        "type": "Point",
        "coordinates": [
          29.242273539008107,
          40.25813420510897
        ]
      },
      "properties": {
        "probability": 0.8834,
        "risk_level": "Very High",
        "color": "#c0392b",
        "ndvi": "Düşük (Kurak/Hasarlı)",
        "slope": "%23.2 - Yüksek Eğim",
        "distance_to_road": "Yakın (<150m) - Antropojenik Risk",
        "label": "Burned Point"
      }
    },
    {
      "type": "Feature",
      "geometry": {
        "type": "Point",
        "coordinates": [
          29.24200404442287,
          40.26020033026245
        ]
      },
      "properties": {
        "probability": 0.8525,
        "risk_level": "Very High",
        "color": "#c0392b",
        "ndvi": "Düşük (Kurak/Hasarlı)",
        "slope": "%22.1 - Yüksek Eğim",
        "distance_to_road": "Yakın (<150m) - Antropojenik Risk",
        "label": "Burned Point"
      }
    },
    {
      "type": "Feature",
      "geometry": {
        "type": "Point",
        "coordinates": [
          29.25287365936072,
          40.25463077550091
        ]
      },
      "properties": {
        "probability": 0.5738,
        "risk_level": "Medium",
        "color": "#f1c40f",
        "ndvi": "Düşük (Kurak/Hasarlı)",
        "slope": "%16.9 - Yüksek Eğim",
        "distance_to_road": "Yakın (<150m) - Antropojenik Risk",
        "label": "Burned Point"
      }
    },
    {
      "type": "Feature",
      "geometry": {
        "type": "Point",
        "coordinates": [
          29.25323298547436,
          40.25319347104632
        ]
      },
      "properties": {
        "probability": 0.7917,
        "risk_level": "High",
        "color": "#e67e22",
        "ndvi": "Düşük (Kurak/Hasarlı)",
        "slope": "%18.2 - Yüksek Eğim",
        "distance_to_road": "Yakın (<150m) - Antropojenik Risk",
        "label": "Burned Point"
      }
    },
    {
      "type": "Feature",
      "geometry": {
        "type": "Point",
        "coordinates": [
          29.24856174599694,
          40.26190712930227
        ]
      },
      "properties": {
        "probability": 0.6867,
        "risk_level": "High",
        "color": "#e67e22",
        "ndvi": "Düşük (Kurak/Hasarlı)",
        "slope": "%17.3 - Yüksek Eğim",
        "distance_to_road": "Yakın (<150m) - Antropojenik Risk",
        "label": "Burned Point"
      }
    },
    {
      "type": "Feature",
      "geometry": {
        "type": "Point",
        "coordinates": [
          29.24389050651952,
          40.260559656376095
        ]
      },
      "properties": {
        "probability": 0.8429,
        "risk_level": "High",
        "color": "#e67e22",
        "ndvi": "Düşük (Kurak/Hasarlı)",
        "slope": "%23.9 - Yüksek Eğim",
        "distance_to_road": "Yakın (<150m) - Antropojenik Risk",
        "label": "Burned Point"
      }
    },
    {
      "type": "Feature",
      "geometry": {
        "type": "Point",
        "coordinates": [
          29.2843146943049,
          40.2778971413596
        ]
      },
      "properties": {
        "probability": 0.5798,
        "risk_level": "Medium",
        "color": "#f1c40f",
        "ndvi": "Düşük (Kurak/Hasarlı)",
        "slope": "%5.7 - Düşük/Düzlük",
        "distance_to_road": "Yakın (<150m) - Antropojenik Risk",
        "label": "Burned Point"
      }
    },
    {
      "type": "Feature",
      "geometry": {
        "type": "Point",
        "coordinates": [
          29.284943515003786,
          40.27852596205849
        ]
      },
      "properties": {
        "probability": 0.2199,
        "risk_level": "Low",
        "color": "#27ae60",
        "ndvi": "Düşük (Kurak/Hasarlı)",
        "slope": "%11.1 - Düşük/Düzlük",
        "distance_to_road": "Yakın (<150m) - Antropojenik Risk",
        "label": "Burned Point"
      }
    },
    {
      "type": "Feature",
      "geometry": {
        "type": "Point",
        "coordinates": [
          29.244070169576343,
          40.25543925925661
        ]
      },
      "properties": {
        "probability": 0.8677,
        "risk_level": "Very High",
        "color": "#c0392b",
        "ndvi": "Düşük (Kurak/Hasarlı)",
        "slope": "%20.5 - Yüksek Eğim",
        "distance_to_road": "Yakın (<150m) - Antropojenik Risk",
        "label": "Burned Point"
      }
    },
    {
      "type": "Feature",
      "geometry": {
        "type": "Point",
        "coordinates": [
          29.251975344076595,
          40.255079933142966
        ]
      },
      "properties": {
        "probability": 0.7176,
        "risk_level": "High",
        "color": "#e67e22",
        "ndvi": "Düşük (Kurak/Hasarlı)",
        "slope": "%26.1 - Yüksek Eğim",
        "distance_to_road": "Yakın (<150m) - Antropojenik Risk",
        "label": "Burned Point"
      }
    },
    {
      "type": "Feature",
      "geometry": {
        "type": "Point",
        "coordinates": [
          29.243710843462697,
          40.25858336275103
        ]
      },
      "properties": {
        "probability": 0.7927,
        "risk_level": "High",
        "color": "#e67e22",
        "ndvi": "Düşük (Kurak/Hasarlı)",
        "slope": "%17.1 - Yüksek Eğim",
        "distance_to_road": "Yakın (<150m) - Antropojenik Risk",
        "label": "Burned Point"
      }
    },
    {
      "type": "Feature",
      "geometry": {
        "type": "Point",
        "coordinates": [
          29.247663430712823,
          40.2628054445864
        ]
      },
      "properties": {
        "probability": 0.7602,
        "risk_level": "High",
        "color": "#e67e22",
        "ndvi": "Düşük (Kurak/Hasarlı)",
        "slope": "%18.5 - Yüksek Eğim",
        "distance_to_road": "Yakın (<150m) - Antropojenik Risk",
        "label": "Burned Point"
      }
    },
    {
      "type": "Feature",
      "geometry": {
        "type": "Point",
        "coordinates": [
          29.25107702879248,
          40.252205324233785
        ]
      },
      "properties": {
        "probability": 0.7753,
        "risk_level": "High",
        "color": "#e67e22",
        "ndvi": "Düşük (Kurak/Hasarlı)",
        "slope": "%21.5 - Yüksek Eğim",
        "distance_to_road": "Yakın (<150m) - Antropojenik Risk",
        "label": "Burned Point"
      }
    },
    {
      "type": "Feature",
      "geometry": {
        "type": "Point",
        "coordinates": [
          29.252514333247067,
          40.25445111244408
        ]
      },
      "properties": {
        "probability": 0.8108,
        "risk_level": "High",
        "color": "#e67e22",
        "ndvi": "Düşük (Kurak/Hasarlı)",
        "slope": "%16.4 - Yüksek Eğim",
        "distance_to_road": "Yakın (<150m) - Antropojenik Risk",
        "label": "Burned Point"
      }
    },
    {
      "type": "Feature",
      "geometry": {
        "type": "Point",
        "coordinates": [
          29.247304104599174,
          40.26172746624545
        ]
      },
      "properties": {
        "probability": 0.5796,
        "risk_level": "Medium",
        "color": "#f1c40f",
        "ndvi": "Düşük (Kurak/Hasarlı)",
        "slope": "%16.9 - Yüksek Eğim",
        "distance_to_road": "Yakın (<150m) - Antropojenik Risk",
        "label": "Burned Point"
      }
    },
    {
      "type": "Feature",
      "geometry": {
        "type": "Point",
        "coordinates": [
          29.240117582326217,
          40.25921218344992
        ]
      },
      "properties": {
        "probability": 0.8342,
        "risk_level": "High",
        "color": "#e67e22",
        "ndvi": "Düşük (Kurak/Hasarlı)",
        "slope": "%20.4 - Yüksek Eğim",
        "distance_to_road": "Yakın (<150m) - Antropojenik Risk",
        "label": "Burned Point"
      }
    },
    {
      "type": "Feature",
      "geometry": {
        "type": "Point",
        "coordinates": [
          29.251526186434536,
          40.25022903060872
        ]
      },
      "properties": {
        "probability": 0.71,
        "risk_level": "High",
        "color": "#e67e22",
        "ndvi": "Düşük (Kurak/Hasarlı)",
        "slope": "%24.4 - Yüksek Eğim",
        "distance_to_road": "Yakın (<150m) - Antropojenik Risk",
        "label": "Burned Point"
      }
    },
    {
      "type": "Feature",
      "geometry": {
        "type": "Point",
        "coordinates": [
          29.24757359918441,
          40.26271561305799
        ]
      },
      "properties": {
        "probability": 0.4704,
        "risk_level": "Medium",
        "color": "#f1c40f",
        "ndvi": "Düşük (Kurak/Hasarlı)",
        "slope": "%17.4 - Yüksek Eğim",
        "distance_to_road": "Yakın (<150m) - Antropojenik Risk",
        "label": "Burned Point"
      }
    },
    {
      "type": "Feature",
      "geometry": {
        "type": "Point",
        "coordinates": [
          29.246226126258232,
          40.25849353122262
        ]
      },
      "properties": {
        "probability": 0.5756,
        "risk_level": "Medium",
        "color": "#f1c40f",
        "ndvi": "Düşük (Kurak/Hasarlı)",
        "slope": "%21.3 - Yüksek Eğim",
        "distance_to_road": "Yakın (<150m) - Antropojenik Risk",
        "label": "Burned Point"
      }
    },
    {
      "type": "Feature",
      "geometry": {
        "type": "Point",
        "coordinates": [
          29.240476908439867,
          40.2575952159385
        ]
      },
      "properties": {
        "probability": 0.8781,
        "risk_level": "Very High",
        "color": "#c0392b",
        "ndvi": "Düşük (Kurak/Hasarlı)",
        "slope": "%22.0 - Yüksek Eğim",
        "distance_to_road": "Yakın (<150m) - Antropojenik Risk",
        "label": "Burned Point"
      }
    },
    {
      "type": "Feature",
      "geometry": {
        "type": "Point",
        "coordinates": [
          29.238680277871627,
          40.25714605829644
        ]
      },
      "properties": {
        "probability": 0.8291,
        "risk_level": "High",
        "color": "#e67e22",
        "ndvi": "Düşük (Kurak/Hasarlı)",
        "slope": "%18.1 - Yüksek Eğim",
        "distance_to_road": "Yakın (<150m) - Antropojenik Risk",
        "label": "Burned Point"
      }
    },
    {
      "type": "Feature",
      "geometry": {
        "type": "Point",
        "coordinates": [
          29.25143635490613,
          40.254091786330434
        ]
      },
      "properties": {
        "probability": 0.868,
        "risk_level": "Very High",
        "color": "#c0392b",
        "ndvi": "Düşük (Kurak/Hasarlı)",
        "slope": "%18.4 - Yüksek Eğim",
        "distance_to_road": "Yakın (<150m) - Antropojenik Risk",
        "label": "Burned Point"
      }
    },
    {
      "type": "Feature",
      "geometry": {
        "type": "Point",
        "coordinates": [
          29.23966842468416,
          40.25669690065438
        ]
      },
      "properties": {
        "probability": 0.8653,
        "risk_level": "Very High",
        "color": "#c0392b",
        "ndvi": "Düşük (Kurak/Hasarlı)",
        "slope": "%23.7 - Yüksek Eğim",
        "distance_to_road": "Yakın (<150m) - Antropojenik Risk",
        "label": "Burned Point"
      }
    },
    {
      "type": "Feature",
      "geometry": {
        "type": "Point",
        "coordinates": [
          29.25080753420724,
          40.2531036395179
        ]
      },
      "properties": {
        "probability": 0.8246,
        "risk_level": "High",
        "color": "#e67e22",
        "ndvi": "Düşük (Kurak/Hasarlı)",
        "slope": "%17.4 - Yüksek Eğim",
        "distance_to_road": "Yakın (<150m) - Antropojenik Risk",
        "label": "Burned Point"
      }
    },
    {
      "type": "Feature",
      "geometry": {
        "type": "Point",
        "coordinates": [
          29.252424501718657,
          40.25615791148391
        ]
      },
      "properties": {
        "probability": 0.6544,
        "risk_level": "High",
        "color": "#e67e22",
        "ndvi": "Düşük (Kurak/Hasarlı)",
        "slope": "%26.0 - Yüksek Eğim",
        "distance_to_road": "Yakın (<150m) - Antropojenik Risk",
        "label": "Burned Point"
      }
    },
    {
      "type": "Feature",
      "geometry": {
        "type": "Point",
        "coordinates": [
          29.25215500713342,
          40.25499010161455
        ]
      },
      "properties": {
        "probability": 0.7422,
        "risk_level": "High",
        "color": "#e67e22",
        "ndvi": "Düşük (Kurak/Hasarlı)",
        "slope": "%26.1 - Yüksek Eğim",
        "distance_to_road": "Yakın (<150m) - Antropojenik Risk",
        "label": "Burned Point"
      }
    },
    {
      "type": "Feature",
      "geometry": {
        "type": "Point",
        "coordinates": [
          29.245058316388874,
          40.25570875384185
        ]
      },
      "properties": {
        "probability": 0.8115,
        "risk_level": "High",
        "color": "#e67e22",
        "ndvi": "Düşük (Kurak/Hasarlı)",
        "slope": "%22.6 - Yüksek Eğim",
        "distance_to_road": "Yakın (<150m) - Antropojenik Risk",
        "label": "Burned Point"
      }
    },
    {
      "type": "Feature",
      "geometry": {
        "type": "Point",
        "coordinates": [
          29.24065657149669,
          40.257685047466914
        ]
      },
      "properties": {
        "probability": 0.8797,
        "risk_level": "Very High",
        "color": "#c0392b",
        "ndvi": "Düşük (Kurak/Hasarlı)",
        "slope": "%25.2 - Yüksek Eğim",
        "distance_to_road": "Yakın (<150m) - Antropojenik Risk",
        "label": "Burned Point"
      }
    },
    {
      "type": "Feature",
      "geometry": {
        "type": "Point",
        "coordinates": [
          29.24308202276381,
          40.25750538441009
        ]
      },
      "properties": {
        "probability": 0.8847,
        "risk_level": "Very High",
        "color": "#c0392b",
        "ndvi": "Düşük (Kurak/Hasarlı)",
        "slope": "%19.3 - Yüksek Eğim",
        "distance_to_road": "Yakın (<150m) - Antropojenik Risk",
        "label": "Burned Point"
      }
    },
    {
      "type": "Feature",
      "geometry": {
        "type": "Point",
        "coordinates": [
          29.242273539008107,
          40.25750538441009
        ]
      },
      "properties": {
        "probability": 0.7551,
        "risk_level": "High",
        "color": "#e67e22",
        "ndvi": "Düşük (Kurak/Hasarlı)",
        "slope": "%15.2 - Yüksek Eğim",
        "distance_to_road": "Yakın (<150m) - Antropojenik Risk",
        "label": "Burned Point"
      }
    },
    {
      "type": "Feature",
      "geometry": {
        "type": "Point",
        "coordinates": [
          29.246944778485528,
          40.26154780318863
        ]
      },
      "properties": {
        "probability": 0.7902,
        "risk_level": "High",
        "color": "#e67e22",
        "ndvi": "Düşük (Kurak/Hasarlı)",
        "slope": "%24.4 - Yüksek Eğim",
        "distance_to_road": "Yakın (<150m) - Antropojenik Risk",
        "label": "Burned Point"
      }
    },
    {
      "type": "Feature",
      "geometry": {
        "type": "Point",
        "coordinates": [
          29.24128539219557,
          40.25552909078503
        ]
      },
      "properties": {
        "probability": 0.8799,
        "risk_level": "Very High",
        "color": "#c0392b",
        "ndvi": "Düşük (Kurak/Hasarlı)",
        "slope": "%21.9 - Yüksek Eğim",
        "distance_to_road": "Yakın (<150m) - Antropojenik Risk",
        "label": "Burned Point"
      }
    },
    {
      "type": "Feature",
      "geometry": {
        "type": "Point",
        "coordinates": [
          29.24469899027523,
          40.26020033026245
        ]
      },
      "properties": {
        "probability": 0.8044,
        "risk_level": "High",
        "color": "#e67e22",
        "ndvi": "Düşük (Kurak/Hasarlı)",
        "slope": "%28.6 - Yüksek Eğim",
        "distance_to_road": "Yakın (<150m) - Antropojenik Risk",
        "label": "Burned Point"
      }
    },
    {
      "type": "Feature",
      "geometry": {
        "type": "Point",
        "coordinates": [
          29.24478882180364,
          40.256966395239616
        ]
      },
      "properties": {
        "probability": 0.7682,
        "risk_level": "High",
        "color": "#e67e22",
        "ndvi": "Düşük (Kurak/Hasarlı)",
        "slope": "%13.4 - Düşük/Düzlük",
        "distance_to_road": "Yakın (<150m) - Antropojenik Risk",
        "label": "Burned Point"
      }
    },
    {
      "type": "Feature",
      "geometry": {
        "type": "Point",
        "coordinates": [
          29.242183707479693,
          40.25543925925661
        ]
      },
      "properties": {
        "probability": 0.8248,
        "risk_level": "High",
        "color": "#e67e22",
        "ndvi": "Düşük (Kurak/Hasarlı)",
        "slope": "%18.0 - Yüksek Eğim",
        "distance_to_road": "Yakın (<150m) - Antropojenik Risk",
        "label": "Burned Point"
      }
    },
    {
      "type": "Feature",
      "geometry": {
        "type": "Point",
        "coordinates": [
          29.23787179411592,
          40.258403699694206
        ]
      },
      "properties": {
        "probability": 0.7756,
        "risk_level": "High",
        "color": "#e67e22",
        "ndvi": "Düşük (Kurak/Hasarlı)",
        "slope": "%27.2 - Yüksek Eğim",
        "distance_to_road": "Yakın (<150m) - Antropojenik Risk",
        "label": "Burned Point"
      }
    },
    {
      "type": "Feature",
      "geometry": {
        "type": "Point",
        "coordinates": [
          29.242273539008107,
          40.258673194279446
        ]
      },
      "properties": {
        "probability": 0.8803,
        "risk_level": "Very High",
        "color": "#c0392b",
        "ndvi": "Düşük (Kurak/Hasarlı)",
        "slope": "%23.2 - Yüksek Eğim",
        "distance_to_road": "Yakın (<150m) - Antropojenik Risk",
        "label": "Burned Point"
      }
    },
    {
      "type": "Feature",
      "geometry": {
        "type": "Point",
        "coordinates": [
          29.24577696861617,
          40.26172746624545
        ]
      },
      "properties": {
        "probability": 0.811,
        "risk_level": "High",
        "color": "#e67e22",
        "ndvi": "Düşük (Kurak/Hasarlı)",
        "slope": "%21.8 - Yüksek Eğim",
        "distance_to_road": "Yakın (<150m) - Antropojenik Risk",
        "label": "Burned Point"
      }
    },
    {
      "type": "Feature",
      "geometry": {
        "type": "Point",
        "coordinates": [
          29.243351517349048,
          40.25966134109198
        ]
      },
      "properties": {
        "probability": 0.8486,
        "risk_level": "High",
        "color": "#e67e22",
        "ndvi": "Düşük (Kurak/Hasarlı)",
        "slope": "%20.5 - Yüksek Eğim",
        "distance_to_road": "Yakın (<150m) - Antropojenik Risk",
        "label": "Burned Point"
      }
    },
    {
      "type": "Feature",
      "geometry": {
        "type": "Point",
        "coordinates": [
          29.238500614814804,
          40.25615791148391
        ]
      },
      "properties": {
        "probability": 0.8483,
        "risk_level": "High",
        "color": "#e67e22",
        "ndvi": "Düşük (Kurak/Hasarlı)",
        "slope": "%21.1 - Yüksek Eğim",
        "distance_to_road": "Yakın (<150m) - Antropojenik Risk",
        "label": "Burned Point"
      }
    },
    {
      "type": "Feature",
      "geometry": {
        "type": "Point",
        "coordinates": [
          29.241375223723985,
          40.25930201497833
        ]
      },
      "properties": {
        "probability": 0.8743,
        "risk_level": "Very High",
        "color": "#c0392b",
        "ndvi": "Düşük (Kurak/Hasarlı)",
        "slope": "%22.9 - Yüksek Eğim",
        "distance_to_road": "Yakın (<150m) - Antropojenik Risk",
        "label": "Burned Point"
      }
    },
    {
      "type": "Feature",
      "geometry": {
        "type": "Point",
        "coordinates": [
          29.27057047045787,
          40.27349539646742
        ]
      },
      "properties": {
        "probability": 0.8006,
        "risk_level": "High",
        "color": "#e67e22",
        "ndvi": "Düşük (Kurak/Hasarlı)",
        "slope": "%22.2 - Yüksek Eğim",
        "distance_to_road": "Yakın (<150m) - Antropojenik Risk",
        "label": "Burned Point"
      }
    },
    {
      "type": "Feature",
      "geometry": {
        "type": "Point",
        "coordinates": [
          29.24469899027523,
          40.2567867321828
        ]
      },
      "properties": {
        "probability": 0.7724,
        "risk_level": "High",
        "color": "#e67e22",
        "ndvi": "Düşük (Kurak/Hasarlı)",
        "slope": "%11.1 - Düşük/Düzlük",
        "distance_to_road": "Yakın (<150m) - Antropojenik Risk",
        "label": "Burned Point"
      }
    },
    {
      "type": "Feature",
      "geometry": {
        "type": "Point",
        "coordinates": [
          29.30407763055553,
          40.26792584170588
        ]
      },
      "properties": {
        "probability": 0.0778,
        "risk_level": "Low",
        "color": "#27ae60",
        "ndvi": "Yüksek (Nemli/Sağlıklı)",
        "slope": "%16.5 - Yüksek Eğim",
        "distance_to_road": "Uzak (>150m)",
        "label": "Unburned Point"
      }
    },
    {
      "type": "Feature",
      "geometry": {
        "type": "Point",
        "coordinates": [
          29.269941649758987,
          40.24636627488701
        ]
      },
      "properties": {
        "probability": 0.0928,
        "risk_level": "Low",
        "color": "#27ae60",
        "ndvi": "Yüksek (Nemli/Sağlıklı)",
        "slope": "%41.8 - Yüksek Eğim",
        "distance_to_road": "Uzak (>150m)",
        "label": "Unburned Point"
      }
    },
    {
      "type": "Feature",
      "geometry": {
        "type": "Point",
        "coordinates": [
          29.28907576531073,
          40.24591711724495
        ]
      },
      "properties": {
        "probability": 0.0243,
        "risk_level": "Low",
        "color": "#27ae60",
        "ndvi": "Yüksek (Nemli/Sağlıklı)",
        "slope": "%17.2 - Yüksek Eğim",
        "distance_to_road": "Uzak (>150m)",
        "label": "Unburned Point"
      }
    },
    {
      "type": "Feature",
      "geometry": {
        "type": "Point",
        "coordinates": [
          29.304526788197588,
          40.27205809201283
        ]
      },
      "properties": {
        "probability": 0.0682,
        "risk_level": "Low",
        "color": "#27ae60",
        "ndvi": "Yüksek (Nemli/Sağlıklı)",
        "slope": "%14.5 - Düşük/Düzlük",
        "distance_to_road": "Uzak (>150m)",
        "label": "Unburned Point"
      }
    },
    {
      "type": "Feature",
      "geometry": {
        "type": "Point",
        "coordinates": [
          29.27057047045787,
          40.24663576947224
        ]
      },
      "properties": {
        "probability": 0.1533,
        "risk_level": "Low",
        "color": "#27ae60",
        "ndvi": "Yüksek (Nemli/Sağlıklı)",
        "slope": "%31.6 - Yüksek Eğim",
        "distance_to_road": "Uzak (>150m)",
        "label": "Unburned Point"
      }
    },
    {
      "type": "Feature",
      "geometry": {
        "type": "Point",
        "coordinates": [
          29.303808135970293,
          40.27044112450141
        ]
      },
      "properties": {
        "probability": 0.1495,
        "risk_level": "Low",
        "color": "#27ae60",
        "ndvi": "Yüksek (Nemli/Sağlıklı)",
        "slope": "%9.7 - Düşük/Düzlük",
        "distance_to_road": "Uzak (>150m)",
        "label": "Unburned Point"
      }
    },
    {
      "type": "Feature",
      "geometry": {
        "type": "Point",
        "coordinates": [
          29.291501216577856,
          40.26702752642176
        ]
      },
      "properties": {
        "probability": 0.1895,
        "risk_level": "Low",
        "color": "#27ae60",
        "ndvi": "Yüksek (Nemli/Sağlıklı)",
        "slope": "%20.7 - Yüksek Eğim",
        "distance_to_road": "Uzak (>150m)",
        "label": "Unburned Point"
      }
    },
    {
      "type": "Feature",
      "geometry": {
        "type": "Point",
        "coordinates": [
          29.27101962809993,
          40.24771374781319
        ]
      },
      "properties": {
        "probability": 0.1062,
        "risk_level": "Low",
        "color": "#27ae60",
        "ndvi": "Yüksek (Nemli/Sağlıklı)",
        "slope": "%34.8 - Yüksek Eğim",
        "distance_to_road": "Uzak (>150m)",
        "label": "Unburned Point"
      }
    },
    {
      "type": "Feature",
      "geometry": {
        "type": "Point",
        "coordinates": [
          29.26877383988963,
          40.24519846501765
        ]
      },
      "properties": {
        "probability": 0.2618,
        "risk_level": "Low",
        "color": "#27ae60",
        "ndvi": "Yüksek (Nemli/Sağlıklı)",
        "slope": "%41.5 - Yüksek Eğim",
        "distance_to_road": "Uzak (>150m)",
        "label": "Unburned Point"
      }
    },
    {
      "type": "Feature",
      "geometry": {
        "type": "Point",
        "coordinates": [
          29.290153743651675,
          40.26541055891034
        ]
      },
      "properties": {
        "probability": 0.0897,
        "risk_level": "Low",
        "color": "#27ae60",
        "ndvi": "Yüksek (Nemli/Sağlıklı)",
        "slope": "%17.2 - Yüksek Eğim",
        "distance_to_road": "Uzak (>150m)",
        "label": "Unburned Point"
      }
    },
    {
      "type": "Feature",
      "geometry": {
        "type": "Point",
        "coordinates": [
          29.3008436955327,
          40.26900382004682
        ]
      },
      "properties": {
        "probability": 0.1359,
        "risk_level": "Low",
        "color": "#27ae60",
        "ndvi": "Yüksek (Nemli/Sağlıklı)",
        "slope": "%15.3 - Yüksek Eğim",
        "distance_to_road": "Uzak (>150m)",
        "label": "Unburned Point"
      }
    },
    {
      "type": "Feature",
      "geometry": {
        "type": "Point",
        "coordinates": [
          29.268414513775983,
          40.24447981279036
        ]
      },
      "properties": {
        "probability": 0.1277,
        "risk_level": "Low",
        "color": "#27ae60",
        "ndvi": "Yüksek (Nemli/Sağlıklı)",
        "slope": "%36.6 - Yüksek Eğim",
        "distance_to_road": "Uzak (>150m)",
        "label": "Unburned Point"
      }
    },
    {
      "type": "Feature",
      "geometry": {
        "type": "Point",
        "coordinates": [
          29.268414513775983,
          40.24528829654607
        ]
      },
      "properties": {
        "probability": 0.1825,
        "risk_level": "Low",
        "color": "#27ae60",
        "ndvi": "Yüksek (Nemli/Sağlıklı)",
        "slope": "%18.8 - Yüksek Eğim",
        "distance_to_road": "Uzak (>150m)",
        "label": "Unburned Point"
      }
    },
    {
      "type": "Feature",
      "geometry": {
        "type": "Point",
        "coordinates": [
          29.289524922952797,
          40.26352409681369
        ]
      },
      "properties": {
        "probability": 0.3822,
        "risk_level": "Medium",
        "color": "#f1c40f",
        "ndvi": "Yüksek (Nemli/Sağlıklı)",
        "slope": "%14.5 - Düşük/Düzlük",
        "distance_to_road": "Uzak (>150m)",
        "label": "Unburned Point"
      }
    },
    {
      "type": "Feature",
      "geometry": {
        "type": "Point",
        "coordinates": [
          29.28979441753803,
          40.2628054445864
        ]
      },
      "properties": {
        "probability": 0.1419,
        "risk_level": "Low",
        "color": "#27ae60",
        "ndvi": "Yüksek (Nemli/Sağlıklı)",
        "slope": "%10.2 - Düşük/Düzlük",
        "distance_to_road": "Uzak (>150m)",
        "label": "Unburned Point"
      }
    },
    {
      "type": "Feature",
      "geometry": {
        "type": "Point",
        "coordinates": [
          29.289704586009616,
          40.26397325445575
        ]
      },
      "properties": {
        "probability": 0.2374,
        "risk_level": "Low",
        "color": "#27ae60",
        "ndvi": "Yüksek (Nemli/Sağlıklı)",
        "slope": "%11.2 - Düşük/Düzlük",
        "distance_to_road": "Uzak (>150m)",
        "label": "Unburned Point"
      }
    },
    {
      "type": "Feature",
      "geometry": {
        "type": "Point",
        "coordinates": [
          29.288267281555022,
          40.24537812807448
        ]
      },
      "properties": {
        "probability": 0.0531,
        "risk_level": "Low",
        "color": "#27ae60",
        "ndvi": "Yüksek (Nemli/Sağlıklı)",
        "slope": "%17.3 - Yüksek Eğim",
        "distance_to_road": "Uzak (>150m)",
        "label": "Unburned Point"
      }
    },
    {
      "type": "Feature",
      "geometry": {
        "type": "Point",
        "coordinates": [
          29.289165596839144,
          40.26334443375686
        ]
      },
      "properties": {
        "probability": 0.3819,
        "risk_level": "Medium",
        "color": "#f1c40f",
        "ndvi": "Yüksek (Nemli/Sağlıklı)",
        "slope": "%13.7 - Düşük/Düzlük",
        "distance_to_road": "Uzak (>150m)",
        "label": "Unburned Point"
      }
    },
    {
      "type": "Feature",
      "geometry": {
        "type": "Point",
        "coordinates": [
          29.289165596839144,
          40.2628952761148
        ]
      },
      "properties": {
        "probability": 0.1714,
        "risk_level": "Low",
        "color": "#27ae60",
        "ndvi": "Yüksek (Nemli/Sağlıklı)",
        "slope": "%13.0 - Düşük/Düzlük",
        "distance_to_road": "Uzak (>150m)",
        "label": "Unburned Point"
      }
    },
    {
      "type": "Feature",
      "geometry": {
        "type": "Point",
        "coordinates": [
          29.27057047045787,
          40.2470849271143
        ]
      },
      "properties": {
        "probability": 0.3896,
        "risk_level": "Medium",
        "color": "#f1c40f",
        "ndvi": "Yüksek (Nemli/Sağlıklı)",
        "slope": "%33.0 - Yüksek Eğim",
        "distance_to_road": "Uzak (>150m)",
        "label": "Unburned Point"
      }
    },
    {
      "type": "Feature",
      "geometry": {
        "type": "Point",
        "coordinates": [
          29.289974080594853,
          40.24510863348924
        ]
      },
      "properties": {
        "probability": 0.0276,
        "risk_level": "Low",
        "color": "#27ae60",
        "ndvi": "Yüksek (Nemli/Sağlıklı)",
        "slope": "%15.4 - Yüksek Eğim",
        "distance_to_road": "Uzak (>150m)",
        "label": "Unburned Point"
      }
    },
    {
      "type": "Feature",
      "geometry": {
        "type": "Point",
        "coordinates": [
          29.288536776140266,
          40.2455577911313
        ]
      },
      "properties": {
        "probability": 0.0382,
        "risk_level": "Low",
        "color": "#27ae60",
        "ndvi": "Yüksek (Nemli/Sağlıklı)",
        "slope": "%18.3 - Yüksek Eğim",
        "distance_to_road": "Uzak (>150m)",
        "label": "Unburned Point"
      }
    },
    {
      "type": "Feature",
      "geometry": {
        "type": "Point",
        "coordinates": [
          29.302101336930463,
          40.27044112450141
        ]
      },
      "properties": {
        "probability": 0.0469,
        "risk_level": "Low",
        "color": "#27ae60",
        "ndvi": "Yüksek (Nemli/Sağlıklı)",
        "slope": "%33.3 - Yüksek Eğim",
        "distance_to_road": "Uzak (>150m)",
        "label": "Unburned Point"
      }
    },
    {
      "type": "Feature",
      "geometry": {
        "type": "Point",
        "coordinates": [
          29.303808135970293,
          40.26855466240476
        ]
      },
      "properties": {
        "probability": 0.1998,
        "risk_level": "Low",
        "color": "#27ae60",
        "ndvi": "Yüksek (Nemli/Sağlıklı)",
        "slope": "%23.9 - Yüksek Eğim",
        "distance_to_road": "Uzak (>150m)",
        "label": "Unburned Point"
      }
    },
    {
      "type": "Feature",
      "geometry": {
        "type": "Point",
        "coordinates": [
          29.30362847291347,
          40.27098011367188
        ]
      },
      "properties": {
        "probability": 0.0169,
        "risk_level": "Low",
        "color": "#27ae60",
        "ndvi": "Yüksek (Nemli/Sağlıklı)",
        "slope": "%3.6 - Düşük/Düzlük",
        "distance_to_road": "Uzak (>150m)",
        "label": "Unburned Point"
      }
    },
    {
      "type": "Feature",
      "geometry": {
        "type": "Point",
        "coordinates": [
          29.301562347759997,
          40.26900382004682
        ]
      },
      "properties": {
        "probability": 0.4831,
        "risk_level": "Medium",
        "color": "#f1c40f",
        "ndvi": "Yüksek (Nemli/Sağlıklı)",
        "slope": "%18.8 - Yüksek Eğim",
        "distance_to_road": "Uzak (>150m)",
        "label": "Unburned Point"
      }
    },
    {
      "type": "Feature",
      "geometry": {
        "type": "Point",
        "coordinates": [
          29.28907576531073,
          40.262446118472745
        ]
      },
      "properties": {
        "probability": 0.1033,
        "risk_level": "Low",
        "color": "#27ae60",
        "ndvi": "Yüksek (Nemli/Sağlıklı)",
        "slope": "%8.6 - Düşük/Düzlük",
        "distance_to_road": "Uzak (>150m)",
        "label": "Unburned Point"
      }
    },
    {
      "type": "Feature",
      "geometry": {
        "type": "Point",
        "coordinates": [
          29.291411385049443,
          40.2658597165524
        ]
      },
      "properties": {
        "probability": 0.0923,
        "risk_level": "Low",
        "color": "#27ae60",
        "ndvi": "Yüksek (Nemli/Sağlıklı)",
        "slope": "%15.1 - Yüksek Eğim",
        "distance_to_road": "Uzak (>150m)",
        "label": "Unburned Point"
      }
    },
    {
      "type": "Feature",
      "geometry": {
        "type": "Point",
        "coordinates": [
          29.2903334067085,
          40.26576988502399
        ]
      },
      "properties": {
        "probability": 0.0735,
        "risk_level": "Low",
        "color": "#27ae60",
        "ndvi": "Yüksek (Nemli/Sağlıklı)",
        "slope": "%13.6 - Düşük/Düzlük",
        "distance_to_road": "Uzak (>150m)",
        "label": "Unburned Point"
      }
    },
    {
      "type": "Feature",
      "geometry": {
        "type": "Point",
        "coordinates": [
          29.291501216577856,
          40.26693769489334
        ]
      },
      "properties": {
        "probability": 0.1824,
        "risk_level": "Low",
        "color": "#27ae60",
        "ndvi": "Yüksek (Nemli/Sağlıklı)",
        "slope": "%20.7 - Yüksek Eğim",
        "distance_to_road": "Uzak (>150m)",
        "label": "Unburned Point"
      }
    },
    {
      "type": "Feature",
      "geometry": {
        "type": "Point",
        "coordinates": [
          29.290153743651675,
          40.24492897043242
        ]
      },
      "properties": {
        "probability": 0.0394,
        "risk_level": "Low",
        "color": "#27ae60",
        "ndvi": "Yüksek (Nemli/Sağlıklı)",
        "slope": "%13.1 - Düşük/Düzlük",
        "distance_to_road": "Uzak (>150m)",
        "label": "Unburned Point"
      }
    },
    {
      "type": "Feature",
      "geometry": {
        "type": "Point",
        "coordinates": [
          29.288896102253908,
          40.24492897043242
        ]
      },
      "properties": {
        "probability": 0.0363,
        "risk_level": "Low",
        "color": "#27ae60",
        "ndvi": "Yüksek (Nemli/Sağlıklı)",
        "slope": "%16.4 - Yüksek Eğim",
        "distance_to_road": "Uzak (>150m)",
        "label": "Unburned Point"
      }
    },
    {
      "type": "Feature",
      "geometry": {
        "type": "Point",
        "coordinates": [
          29.289345259895967,
          40.2643325805694
        ]
      },
      "properties": {
        "probability": 0.2015,
        "risk_level": "Low",
        "color": "#27ae60",
        "ndvi": "Yüksek (Nemli/Sağlıklı)",
        "slope": "%11.6 - Düşük/Düzlük",
        "distance_to_road": "Uzak (>150m)",
        "label": "Unburned Point"
      }
    },
    {
      "type": "Feature",
      "geometry": {
        "type": "Point",
        "coordinates": [
          29.30281998915776,
          40.26909365157523
        ]
      },
      "properties": {
        "probability": 0.0374,
        "risk_level": "Low",
        "color": "#27ae60",
        "ndvi": "Yüksek (Nemli/Sağlıklı)",
        "slope": "%17.2 - Yüksek Eğim",
        "distance_to_road": "Uzak (>150m)",
        "label": "Unburned Point"
      }
    },
    {
      "type": "Feature",
      "geometry": {
        "type": "Point",
        "coordinates": [
          29.28988424906644,
          40.263883422927336
        ]
      },
      "properties": {
        "probability": 0.305,
        "risk_level": "Low",
        "color": "#27ae60",
        "ndvi": "Yüksek (Nemli/Sağlıklı)",
        "slope": "%11.2 - Düşük/Düzlük",
        "distance_to_road": "Uzak (>150m)",
        "label": "Unburned Point"
      }
    },
    {
      "type": "Feature",
      "geometry": {
        "type": "Point",
        "coordinates": [
          29.2700314812874,
          40.24591711724495
        ]
      },
      "properties": {
        "probability": 0.2689,
        "risk_level": "Low",
        "color": "#27ae60",
        "ndvi": "Yüksek (Nemli/Sağlıklı)",
        "slope": "%34.3 - Yüksek Eğim",
        "distance_to_road": "Uzak (>150m)",
        "label": "Unburned Point"
      }
    },
    {
      "type": "Feature",
      "geometry": {
        "type": "Point",
        "coordinates": [
          29.28880627072549,
          40.24447981279036
        ]
      },
      "properties": {
        "probability": 0.0123,
        "risk_level": "Low",
        "color": "#27ae60",
        "ndvi": "Yüksek (Nemli/Sağlıklı)",
        "slope": "%14.5 - Düşük/Düzlük",
        "distance_to_road": "Uzak (>150m)",
        "label": "Unburned Point"
      }
    },
    {
      "type": "Feature",
      "geometry": {
        "type": "Point",
        "coordinates": [
          29.30371830444188,
          40.26936314616047
        ]
      },
      "properties": {
        "probability": 0.0907,
        "risk_level": "Low",
        "color": "#27ae60",
        "ndvi": "Yüksek (Nemli/Sağlıklı)",
        "slope": "%23.2 - Yüksek Eğim",
        "distance_to_road": "Uzak (>150m)",
        "label": "Unburned Point"
      }
    },
    {
      "type": "Feature",
      "geometry": {
        "type": "Point",
        "coordinates": [
          29.28907576531073,
          40.2462764433586
        ]
      },
      "properties": {
        "probability": 0.0132,
        "risk_level": "Low",
        "color": "#27ae60",
        "ndvi": "Yüksek (Nemli/Sağlıklı)",
        "slope": "%11.5 - Düşük/Düzlük",
        "distance_to_road": "Uzak (>150m)",
        "label": "Unburned Point"
      }
    },
    {
      "type": "Feature",
      "geometry": {
        "type": "Point",
        "coordinates": [
          29.28988424906644,
          40.26298510764322
        ]
      },
      "properties": {
        "probability": 0.3687,
        "risk_level": "Medium",
        "color": "#f1c40f",
        "ndvi": "Yüksek (Nemli/Sağlıklı)",
        "slope": "%13.6 - Düşük/Düzlük",
        "distance_to_road": "Uzak (>150m)",
        "label": "Unburned Point"
      }
    },
    {
      "type": "Feature",
      "geometry": {
        "type": "Point",
        "coordinates": [
          29.30219116845888,
          40.26864449393317
        ]
      },
      "properties": {
        "probability": 0.1024,
        "risk_level": "Low",
        "color": "#27ae60",
        "ndvi": "Yüksek (Nemli/Sağlıklı)",
        "slope": "%11.7 - Düşük/Düzlük",
        "distance_to_road": "Uzak (>150m)",
        "label": "Unburned Point"
      }
    },
    {
      "type": "Feature",
      "geometry": {
        "type": "Point",
        "coordinates": [
          29.28880627072549,
          40.26343426528528
        ]
      },
      "properties": {
        "probability": 0.2474,
        "risk_level": "Low",
        "color": "#27ae60",
        "ndvi": "Yüksek (Nemli/Sağlıklı)",
        "slope": "%15.4 - Yüksek Eğim",
        "distance_to_road": "Uzak (>150m)",
        "label": "Unburned Point"
      }
    },
    {
      "type": "Feature",
      "geometry": {
        "type": "Point",
        "coordinates": [
          29.302730157629348,
          40.270800450615056
        ]
      },
      "properties": {
        "probability": 0.0138,
        "risk_level": "Low",
        "color": "#27ae60",
        "ndvi": "Yüksek (Nemli/Sağlıklı)",
        "slope": "%28.9 - Yüksek Eğim",
        "distance_to_road": "Uzak (>150m)",
        "label": "Unburned Point"
      }
    },
    {
      "type": "Feature",
      "geometry": {
        "type": "Point",
        "coordinates": [
          29.27110945962834,
          40.24789341087001
        ]
      },
      "properties": {
        "probability": 0.1121,
        "risk_level": "Low",
        "color": "#27ae60",
        "ndvi": "Yüksek (Nemli/Sağlıklı)",
        "slope": "%34.8 - Yüksek Eğim",
        "distance_to_road": "Uzak (>150m)",
        "label": "Unburned Point"
      }
    },
    {
      "type": "Feature",
      "geometry": {
        "type": "Point",
        "coordinates": [
          29.28898593378232,
          40.24492897043242
        ]
      },
      "properties": {
        "probability": 0.0213,
        "risk_level": "Low",
        "color": "#27ae60",
        "ndvi": "Yüksek (Nemli/Sağlıklı)",
        "slope": "%16.4 - Yüksek Eğim",
        "distance_to_road": "Uzak (>150m)",
        "label": "Unburned Point"
      }
    },
    {
      "type": "Feature",
      "geometry": {
        "type": "Point",
        "coordinates": [
          29.303538641385057,
          40.27071061908665
        ]
      },
      "properties": {
        "probability": 0.2088,
        "risk_level": "Low",
        "color": "#27ae60",
        "ndvi": "Yüksek (Nemli/Sağlıklı)",
        "slope": "%7.1 - Düşük/Düzlük",
        "distance_to_road": "Uzak (>150m)",
        "label": "Unburned Point"
      }
    },
    {
      "type": "Feature",
      "geometry": {
        "type": "Point",
        "coordinates": [
          29.290962227407384,
          40.26702752642176
        ]
      },
      "properties": {
        "probability": 0.0475,
        "risk_level": "Low",
        "color": "#27ae60",
        "ndvi": "Yüksek (Nemli/Sağlıklı)",
        "slope": "%15.5 - Yüksek Eğim",
        "distance_to_road": "Uzak (>150m)",
        "label": "Unburned Point"
      }
    },
    {
      "type": "Feature",
      "geometry": {
        "type": "Point",
        "coordinates": [
          29.292489363390388,
          40.26756651559223
        ]
      },
      "properties": {
        "probability": 0.2565,
        "risk_level": "Low",
        "color": "#27ae60",
        "ndvi": "Yüksek (Nemli/Sağlıklı)",
        "slope": "%21.4 - Yüksek Eğim",
        "distance_to_road": "Uzak (>150m)",
        "label": "Unburned Point"
      }
    },
    {
      "type": "Feature",
      "geometry": {
        "type": "Point",
        "coordinates": [
          29.30228099998729,
          40.26936314616047
        ]
      },
      "properties": {
        "probability": 0.0458,
        "risk_level": "Low",
        "color": "#27ae60",
        "ndvi": "Yüksek (Nemli/Sağlıklı)",
        "slope": "%13.8 - Düşük/Düzlük",
        "distance_to_road": "Uzak (>150m)",
        "label": "Unburned Point"
      }
    },
    {
      "type": "Feature",
      "geometry": {
        "type": "Point",
        "coordinates": [
          29.289704586009616,
          40.26469190668305
        ]
      },
      "properties": {
        "probability": 0.2333,
        "risk_level": "Low",
        "color": "#27ae60",
        "ndvi": "Yüksek (Nemli/Sağlıklı)",
        "slope": "%12.5 - Düşük/Düzlük",
        "distance_to_road": "Uzak (>150m)",
        "label": "Unburned Point"
      }
    },
    {
      "type": "Feature",
      "geometry": {
        "type": "Point",
        "coordinates": [
          29.290692732822148,
          40.26720718947858
        ]
      },
      "properties": {
        "probability": 0.1371,
        "risk_level": "Low",
        "color": "#27ae60",
        "ndvi": "Yüksek (Nemli/Sağlıklı)",
        "slope": "%7.1 - Düşük/Düzlük",
        "distance_to_road": "Uzak (>150m)",
        "label": "Unburned Point"
      }
    },
    {
      "type": "Feature",
      "geometry": {
        "type": "Point",
        "coordinates": [
          29.268414513775983,
          40.244839138904005
        ]
      },
      "properties": {
        "probability": 0.3279,
        "risk_level": "Low",
        "color": "#27ae60",
        "ndvi": "Yüksek (Nemli/Sağlıklı)",
        "slope": "%31.3 - Yüksek Eğim",
        "distance_to_road": "Uzak (>150m)",
        "label": "Unburned Point"
      }
    },
    {
      "type": "Feature",
      "geometry": {
        "type": "Point",
        "coordinates": [
          29.30362847291347,
          40.26693769489334
        ]
      },
      "properties": {
        "probability": 0.0264,
        "risk_level": "Low",
        "color": "#27ae60",
        "ndvi": "Yüksek (Nemli/Sağlıklı)",
        "slope": "%25.6 - Yüksek Eğim",
        "distance_to_road": "Uzak (>150m)",
        "label": "Unburned Point"
      }
    },
    {
      "type": "Feature",
      "geometry": {
        "type": "Point",
        "coordinates": [
          29.30371830444188,
          40.26936314616047
        ]
      },
      "properties": {
        "probability": 0.0907,
        "risk_level": "Low",
        "color": "#27ae60",
        "ndvi": "Yüksek (Nemli/Sağlıklı)",
        "slope": "%23.2 - Yüksek Eğim",
        "distance_to_road": "Uzak (>150m)",
        "label": "Unburned Point"
      }
    },
    {
      "type": "Feature",
      "geometry": {
        "type": "Point",
        "coordinates": [
          29.289974080594853,
          40.24537812807448
        ]
      },
      "properties": {
        "probability": 0.072,
        "risk_level": "Low",
        "color": "#27ae60",
        "ndvi": "Yüksek (Nemli/Sağlıklı)",
        "slope": "%14.5 - Düşük/Düzlük",
        "distance_to_road": "Uzak (>150m)",
        "label": "Unburned Point"
      }
    },
    {
      "type": "Feature",
      "geometry": {
        "type": "Point",
        "coordinates": [
          29.267785693077094,
          40.24358149750624
        ]
      },
      "properties": {
        "probability": 0.325,
        "risk_level": "Low",
        "color": "#27ae60",
        "ndvi": "Yüksek (Nemli/Sağlıklı)",
        "slope": "%27.4 - Yüksek Eğim",
        "distance_to_road": "Uzak (>150m)",
        "label": "Unburned Point"
      }
    },
    {
      "type": "Feature",
      "geometry": {
        "type": "Point",
        "coordinates": [
          29.29087239587897,
          40.26487156973987
        ]
      },
      "properties": {
        "probability": 0.3406,
        "risk_level": "Low",
        "color": "#27ae60",
        "ndvi": "Yüksek (Nemli/Sağlıklı)",
        "slope": "%13.8 - Düşük/Düzlük",
        "distance_to_road": "Uzak (>150m)",
        "label": "Unburned Point"
      }
    },
    {
      "type": "Feature",
      "geometry": {
        "type": "Point",
        "coordinates": [
          29.304257293612352,
          40.26927331463205
        ]
      },
      "properties": {
        "probability": 0.0614,
        "risk_level": "Low",
        "color": "#27ae60",
        "ndvi": "Yüksek (Nemli/Sağlıklı)",
        "slope": "%17.7 - Yüksek Eğim",
        "distance_to_road": "Uzak (>150m)",
        "label": "Unburned Point"
      }
    },
    {
      "type": "Feature",
      "geometry": {
        "type": "Point",
        "coordinates": [
          29.29239953186197,
          40.26846483087635
        ]
      },
      "properties": {
        "probability": 0.0866,
        "risk_level": "Low",
        "color": "#27ae60",
        "ndvi": "Yüksek (Nemli/Sağlıklı)",
        "slope": "%17.1 - Yüksek Eğim",
        "distance_to_road": "Uzak (>150m)",
        "label": "Unburned Point"
      }
    },
    {
      "type": "Feature",
      "geometry": {
        "type": "Point",
        "coordinates": [
          29.302370831515702,
          40.27044112450141
        ]
      },
      "properties": {
        "probability": 0.0302,
        "risk_level": "Low",
        "color": "#27ae60",
        "ndvi": "Yüksek (Nemli/Sağlıklı)",
        "slope": "%35.6 - Yüksek Eğim",
        "distance_to_road": "Uzak (>150m)",
        "label": "Unburned Point"
      }
    },
    {
      "type": "Feature",
      "geometry": {
        "type": "Point",
        "coordinates": [
          29.29060290129373,
          40.26666820030811
        ]
      },
      "properties": {
        "probability": 0.1046,
        "risk_level": "Low",
        "color": "#27ae60",
        "ndvi": "Yüksek (Nemli/Sağlıklı)",
        "slope": "%17.2 - Yüksek Eğim",
        "distance_to_road": "Uzak (>150m)",
        "label": "Unburned Point"
      }
    },
    {
      "type": "Feature",
      "geometry": {
        "type": "Point",
        "coordinates": [
          29.30470645125441,
          40.27214792354124
        ]
      },
      "properties": {
        "probability": 0.1582,
        "risk_level": "Low",
        "color": "#27ae60",
        "ndvi": "Yüksek (Nemli/Sağlıklı)",
        "slope": "%14.9 - Düşük/Düzlük",
        "distance_to_road": "Uzak (>150m)",
        "label": "Unburned Point"
      }
    },
    {
      "type": "Feature",
      "geometry": {
        "type": "Point",
        "coordinates": [
          29.289974080594853,
          40.264152917512575
        ]
      },
      "properties": {
        "probability": 0.0558,
        "risk_level": "Low",
        "color": "#27ae60",
        "ndvi": "Yüksek (Nemli/Sağlıklı)",
        "slope": "%10.2 - Düşük/Düzlük",
        "distance_to_road": "Uzak (>150m)",
        "label": "Unburned Point"
      }
    },
    {
      "type": "Feature",
      "geometry": {
        "type": "Point",
        "coordinates": [
          29.303179315271407,
          40.270800450615056
        ]
      },
      "properties": {
        "probability": 0.0072,
        "risk_level": "Low",
        "color": "#27ae60",
        "ndvi": "Yüksek (Nemli/Sağlıklı)",
        "slope": "%21.3 - Yüksek Eğim",
        "distance_to_road": "Uzak (>150m)",
        "label": "Unburned Point"
      }
    },
    {
      "type": "Feature",
      "geometry": {
        "type": "Point",
        "coordinates": [
          29.29060290129373,
          40.245018801960825
        ]
      },
      "properties": {
        "probability": 0.1533,
        "risk_level": "Low",
        "color": "#27ae60",
        "ndvi": "Yüksek (Nemli/Sağlıklı)",
        "slope": "%13.1 - Düşük/Düzlük",
        "distance_to_road": "Uzak (>150m)",
        "label": "Unburned Point"
      }
    },
    {
      "type": "Feature",
      "geometry": {
        "type": "Point",
        "coordinates": [
          29.268145019190747,
          40.244569644318766
        ]
      },
      "properties": {
        "probability": 0.3752,
        "risk_level": "Medium",
        "color": "#f1c40f",
        "ndvi": "Yüksek (Nemli/Sağlıklı)",
        "slope": "%29.8 - Yüksek Eğim",
        "distance_to_road": "Uzak (>150m)",
        "label": "Unburned Point"
      }
    },
    {
      "type": "Feature",
      "geometry": {
        "type": "Point",
        "coordinates": [
          29.29230970033356,
          40.26711735795017
        ]
      },
      "properties": {
        "probability": 0.3439,
        "risk_level": "Low",
        "color": "#27ae60",
        "ndvi": "Yüksek (Nemli/Sağlıklı)",
        "slope": "%23.3 - Yüksek Eğim",
        "distance_to_road": "Uzak (>150m)",
        "label": "Unburned Point"
      }
    },
    {
      "type": "Feature",
      "geometry": {
        "type": "Point",
        "coordinates": [
          29.2925791949188,
          40.268374999347934
        ]
      },
      "properties": {
        "probability": 0.0423,
        "risk_level": "Low",
        "color": "#27ae60",
        "ndvi": "Yüksek (Nemli/Sağlıklı)",
        "slope": "%17.1 - Yüksek Eğim",
        "distance_to_road": "Uzak (>150m)",
        "label": "Unburned Point"
      }
    },
    {
      "type": "Feature",
      "geometry": {
        "type": "Point",
        "coordinates": [
          29.302460663044112,
          40.26909365157523
        ]
      },
      "properties": {
        "probability": 0.086,
        "risk_level": "Low",
        "color": "#27ae60",
        "ndvi": "Yüksek (Nemli/Sağlıklı)",
        "slope": "%17.2 - Yüksek Eğim",
        "distance_to_road": "Uzak (>150m)",
        "label": "Unburned Point"
      }
    },
    {
      "type": "Feature",
      "geometry": {
        "type": "Point",
        "coordinates": [
          29.304347125140765,
          40.26936314616047
        ]
      },
      "properties": {
        "probability": 0.0446,
        "risk_level": "Low",
        "color": "#27ae60",
        "ndvi": "Yüksek (Nemli/Sağlıklı)",
        "slope": "%17.1 - Yüksek Eğim",
        "distance_to_road": "Uzak (>150m)",
        "label": "Unburned Point"
      }
    },
    {
      "type": "Feature",
      "geometry": {
        "type": "Point",
        "coordinates": [
          29.26985181823057,
          40.24537812807448
        ]
      },
      "properties": {
        "probability": 0.189,
        "risk_level": "Low",
        "color": "#27ae60",
        "ndvi": "Yüksek (Nemli/Sağlıklı)",
        "slope": "%30.0 - Yüksek Eğim",
        "distance_to_road": "Uzak (>150m)",
        "label": "Unburned Point"
      }
    },
    {
      "type": "Feature",
      "geometry": {
        "type": "Point",
        "coordinates": [
          29.303448809856643,
          40.27062078755824
        ]
      },
      "properties": {
        "probability": 0.0584,
        "risk_level": "Low",
        "color": "#27ae60",
        "ndvi": "Yüksek (Nemli/Sağlıklı)",
        "slope": "%2.2 - Düşük/Düzlük",
        "distance_to_road": "Uzak (>150m)",
        "label": "Unburned Point"
      }
    },
    {
      "type": "Feature",
      "geometry": {
        "type": "Point",
        "coordinates": [
          29.28988424906644,
          40.24564762265971
        ]
      },
      "properties": {
        "probability": 0.053,
        "risk_level": "Low",
        "color": "#27ae60",
        "ndvi": "Yüksek (Nemli/Sağlıklı)",
        "slope": "%14.5 - Düşük/Düzlük",
        "distance_to_road": "Uzak (>150m)",
        "label": "Unburned Point"
      }
    },
    {
      "type": "Feature",
      "geometry": {
        "type": "Point",
        "coordinates": [
          29.303179315271407,
          40.26846483087635
        ]
      },
      "properties": {
        "probability": 0.0586,
        "risk_level": "Low",
        "color": "#27ae60",
        "ndvi": "Yüksek (Nemli/Sağlıklı)",
        "slope": "%11.7 - Düşük/Düzlük",
        "distance_to_road": "Uzak (>150m)",
        "label": "Unburned Point"
      }
    },
    {
      "type": "Feature",
      "geometry": {
        "type": "Point",
        "coordinates": [
          29.30407763055553,
          40.27089028214347
        ]
      },
      "properties": {
        "probability": 0.0704,
        "risk_level": "Low",
        "color": "#27ae60",
        "ndvi": "Yüksek (Nemli/Sağlıklı)",
        "slope": "%16.9 - Yüksek Eğim",
        "distance_to_road": "Uzak (>150m)",
        "label": "Unburned Point"
      }
    },
    {
      "type": "Feature",
      "geometry": {
        "type": "Point",
        "coordinates": [
          29.28907576531073,
          40.24528829654607
        ]
      },
      "properties": {
        "probability": 0.0125,
        "risk_level": "Low",
        "color": "#27ae60",
        "ndvi": "Yüksek (Nemli/Sağlıklı)",
        "slope": "%12.5 - Düşük/Düzlük",
        "distance_to_road": "Uzak (>150m)",
        "label": "Unburned Point"
      }
    },
    {
      "type": "Feature",
      "geometry": {
        "type": "Point",
        "coordinates": [
          29.29123172199262,
          40.26541055891034
        ]
      },
      "properties": {
        "probability": 0.0831,
        "risk_level": "Low",
        "color": "#27ae60",
        "ndvi": "Yüksek (Nemli/Sağlıklı)",
        "slope": "%11.7 - Düşük/Düzlük",
        "distance_to_road": "Uzak (>150m)",
        "label": "Unburned Point"
      }
    },
    {
      "type": "Feature",
      "geometry": {
        "type": "Point",
        "coordinates": [
          29.291501216577856,
          40.26541055891034
        ]
      },
      "properties": {
        "probability": 0.042,
        "risk_level": "Low",
        "color": "#27ae60",
        "ndvi": "Yüksek (Nemli/Sağlıklı)",
        "slope": "%15.2 - Yüksek Eğim",
        "distance_to_road": "Uzak (>150m)",
        "label": "Unburned Point"
      }
    },
    {
      "type": "Feature",
      "geometry": {
        "type": "Point",
        "coordinates": [
          29.26913316600328,
          40.244839138904005
        ]
      },
      "properties": {
        "probability": 0.4499,
        "risk_level": "Medium",
        "color": "#f1c40f",
        "ndvi": "Yüksek (Nemli/Sağlıklı)",
        "slope": "%31.8 - Yüksek Eğim",
        "distance_to_road": "Uzak (>150m)",
        "label": "Unburned Point"
      }
    },
    {
      "type": "Feature",
      "geometry": {
        "type": "Point",
        "coordinates": [
          29.28988424906644,
          40.26379359139893
        ]
      },
      "properties": {
        "probability": 0.1174,
        "risk_level": "Low",
        "color": "#27ae60",
        "ndvi": "Yüksek (Nemli/Sağlıklı)",
        "slope": "%11.2 - Düşük/Düzlük",
        "distance_to_road": "Uzak (>150m)",
        "label": "Unburned Point"
      }
    },
    {
      "type": "Feature",
      "geometry": {
        "type": "Point",
        "coordinates": [
          29.303179315271407,
          40.26882415698999
        ]
      },
      "properties": {
        "probability": 0.1292,
        "risk_level": "Low",
        "color": "#27ae60",
        "ndvi": "Yüksek (Nemli/Sağlıklı)",
        "slope": "%19.8 - Yüksek Eğim",
        "distance_to_road": "Uzak (>150m)",
        "label": "Unburned Point"
      }
    },
    {
      "type": "Feature",
      "geometry": {
        "type": "Point",
        "coordinates": [
          29.303179315271407,
          40.26864449393317
        ]
      },
      "properties": {
        "probability": 0.0351,
        "risk_level": "Low",
        "color": "#27ae60",
        "ndvi": "Yüksek (Nemli/Sağlıklı)",
        "slope": "%15.2 - Yüksek Eğim",
        "distance_to_road": "Uzak (>150m)",
        "label": "Unburned Point"
      }
    },
    {
      "type": "Feature",
      "geometry": {
        "type": "Point",
        "coordinates": [
          29.289524922952797,
          40.24564762265971
        ]
      },
      "properties": {
        "probability": 0.0785,
        "risk_level": "Low",
        "color": "#27ae60",
        "ndvi": "Yüksek (Nemli/Sağlıklı)",
        "slope": "%18.2 - Yüksek Eğim",
        "distance_to_road": "Uzak (>150m)",
        "label": "Unburned Point"
      }
    },
    {
      "type": "Feature",
      "geometry": {
        "type": "Point",
        "coordinates": [
          29.30281998915776,
          40.268913988518406
        ]
      },
      "properties": {
        "probability": 0.0901,
        "risk_level": "Low",
        "color": "#27ae60",
        "ndvi": "Yüksek (Nemli/Sağlıklı)",
        "slope": "%20.1 - Yüksek Eğim",
        "distance_to_road": "Uzak (>150m)",
        "label": "Unburned Point"
      }
    },
    {
      "type": "Feature",
      "geometry": {
        "type": "Point",
        "coordinates": [
          29.26787552460551,
          40.243312002921
        ]
      },
      "properties": {
        "probability": 0.3355,
        "risk_level": "Low",
        "color": "#27ae60",
        "ndvi": "Yüksek (Nemli/Sağlıklı)",
        "slope": "%23.0 - Yüksek Eğim",
        "distance_to_road": "Uzak (>150m)",
        "label": "Unburned Point"
      }
    },
    {
      "type": "Feature",
      "geometry": {
        "type": "Point",
        "coordinates": [
          29.303089483743,
          40.26801567323429
        ]
      },
      "properties": {
        "probability": 0.0006,
        "risk_level": "Low",
        "color": "#27ae60",
        "ndvi": "Yüksek (Nemli/Sağlıklı)",
        "slope": "%13.5 - Düşük/Düzlük",
        "distance_to_road": "Uzak (>150m)",
        "label": "Unburned Point"
      }
    },
    {
      "type": "Feature",
      "geometry": {
        "type": "Point",
        "coordinates": [
          29.292938521032447,
          40.26855466240476
        ]
      },
      "properties": {
        "probability": 0.1653,
        "risk_level": "Low",
        "color": "#27ae60",
        "ndvi": "Yüksek (Nemli/Sağlıklı)",
        "slope": "%16.7 - Yüksek Eğim",
        "distance_to_road": "Uzak (>150m)",
        "label": "Unburned Point"
      }
    },
    {
      "type": "Feature",
      "geometry": {
        "type": "Point",
        "coordinates": [
          29.288716439197085,
          40.26379359139893
        ]
      },
      "properties": {
        "probability": 0.1328,
        "risk_level": "Low",
        "color": "#27ae60",
        "ndvi": "Yüksek (Nemli/Sağlıklı)",
        "slope": "%11.5 - Düşük/Düzlük",
        "distance_to_road": "Uzak (>150m)",
        "label": "Unburned Point"
      }
    },
    {
      "type": "Feature",
      "geometry": {
        "type": "Point",
        "coordinates": [
          29.30264032610094,
          40.26801567323429
        ]
      },
      "properties": {
        "probability": 0.004,
        "risk_level": "Low",
        "color": "#27ae60",
        "ndvi": "Yüksek (Nemli/Sağlıklı)",
        "slope": "%11.5 - Düşük/Düzlük",
        "distance_to_road": "Uzak (>150m)",
        "label": "Unburned Point"
      }
    },
    {
      "type": "Feature",
      "geometry": {
        "type": "Point",
        "coordinates": [
          29.29221986880515,
          40.26927331463205
        ]
      },
      "properties": {
        "probability": 0.1101,
        "risk_level": "Low",
        "color": "#27ae60",
        "ndvi": "Yüksek (Nemli/Sağlıklı)",
        "slope": "%19.1 - Yüksek Eğim",
        "distance_to_road": "Uzak (>150m)",
        "label": "Unburned Point"
      }
    },
    {
      "type": "Feature",
      "geometry": {
        "type": "Point",
        "coordinates": [
          29.289974080594853,
          40.244569644318766
        ]
      },
      "properties": {
        "probability": 0.0184,
        "risk_level": "Low",
        "color": "#27ae60",
        "ndvi": "Yüksek (Nemli/Sağlıklı)",
        "slope": "%12.6 - Düşük/Düzlük",
        "distance_to_road": "Uzak (>150m)",
        "label": "Unburned Point"
      }
    },
    {
      "type": "Feature",
      "geometry": {
        "type": "Point",
        "coordinates": [
          29.290962227407384,
          40.26756651559223
        ]
      },
      "properties": {
        "probability": 0.1269,
        "risk_level": "Low",
        "color": "#27ae60",
        "ndvi": "Yüksek (Nemli/Sağlıklı)",
        "slope": "%6.6 - Düşük/Düzlük",
        "distance_to_road": "Uzak (>150m)",
        "label": "Unburned Point"
      }
    },
    {
      "type": "Feature",
      "geometry": {
        "type": "Point",
        "coordinates": [
          29.303538641385057,
          40.269632640745705
        ]
      },
      "properties": {
        "probability": 0.0037,
        "risk_level": "Low",
        "color": "#27ae60",
        "ndvi": "Yüksek (Nemli/Sağlıklı)",
        "slope": "%27.3 - Yüksek Eğim",
        "distance_to_road": "Uzak (>150m)",
        "label": "Unburned Point"
      }
    },
    {
      "type": "Feature",
      "geometry": {
        "type": "Point",
        "coordinates": [
          29.29024357518009,
          40.2455577911313
        ]
      },
      "properties": {
        "probability": 0.0998,
        "risk_level": "Low",
        "color": "#27ae60",
        "ndvi": "Yüksek (Nemli/Sağlıklı)",
        "slope": "%16.9 - Yüksek Eğim",
        "distance_to_road": "Uzak (>150m)",
        "label": "Unburned Point"
      }
    },
    {
      "type": "Feature",
      "geometry": {
        "type": "Point",
        "coordinates": [
          29.30362847291347,
          40.26756651559223
        ]
      },
      "properties": {
        "probability": 0.0487,
        "risk_level": "Low",
        "color": "#27ae60",
        "ndvi": "Yüksek (Nemli/Sağlıklı)",
        "slope": "%29.6 - Yüksek Eğim",
        "distance_to_road": "Uzak (>150m)",
        "label": "Unburned Point"
      }
    },
    {
      "type": "Feature",
      "geometry": {
        "type": "Point",
        "coordinates": [
          29.292758857975624,
          40.26783601017746
        ]
      },
      "properties": {
        "probability": 0.0396,
        "risk_level": "Low",
        "color": "#27ae60",
        "ndvi": "Yüksek (Nemli/Sağlıklı)",
        "slope": "%17.1 - Yüksek Eğim",
        "distance_to_road": "Uzak (>150m)",
        "label": "Unburned Point"
      }
    },
    {
      "type": "Feature",
      "geometry": {
        "type": "Point",
        "coordinates": [
          29.288536776140266,
          40.244569644318766
        ]
      },
      "properties": {
        "probability": 0.0355,
        "risk_level": "Low",
        "color": "#27ae60",
        "ndvi": "Yüksek (Nemli/Sağlıklı)",
        "slope": "%15.6 - Yüksek Eğim",
        "distance_to_road": "Uzak (>150m)",
        "label": "Unburned Point"
      }
    },
    {
      "type": "Feature",
      "geometry": {
        "type": "Point",
        "coordinates": [
          29.29060290129373,
          40.26469190668305
        ]
      },
      "properties": {
        "probability": 0.0677,
        "risk_level": "Low",
        "color": "#27ae60",
        "ndvi": "Yüksek (Nemli/Sağlıklı)",
        "slope": "%12.3 - Düşük/Düzlük",
        "distance_to_road": "Uzak (>150m)",
        "label": "Unburned Point"
      }
    },
    {
      "type": "Feature",
      "geometry": {
        "type": "Point",
        "coordinates": [
          29.292938521032447,
          40.268374999347934
        ]
      },
      "properties": {
        "probability": 0.0913,
        "risk_level": "Low",
        "color": "#27ae60",
        "ndvi": "Yüksek (Nemli/Sağlıklı)",
        "slope": "%13.3 - Düşük/Düzlük",
        "distance_to_road": "Uzak (>150m)",
        "label": "Unburned Point"
      }
    },
    {
      "type": "Feature",
      "geometry": {
        "type": "Point",
        "coordinates": [
          29.291411385049443,
          40.26621904266605
        ]
      },
      "properties": {
        "probability": 0.1473,
        "risk_level": "Low",
        "color": "#27ae60",
        "ndvi": "Yüksek (Nemli/Sağlıklı)",
        "slope": "%14.0 - Düşük/Düzlük",
        "distance_to_road": "Uzak (>150m)",
        "label": "Unburned Point"
      }
    },
    {
      "type": "Feature",
      "geometry": {
        "type": "Point",
        "coordinates": [
          29.28880627072549,
          40.263883422927336
        ]
      },
      "properties": {
        "probability": 0.3576,
        "risk_level": "Medium",
        "color": "#f1c40f",
        "ndvi": "Yüksek (Nemli/Sağlıklı)",
        "slope": "%11.2 - Düşük/Düzlük",
        "distance_to_road": "Uzak (>150m)",
        "label": "Unburned Point"
      }
    },
    {
      "type": "Feature",
      "geometry": {
        "type": "Point",
        "coordinates": [
          29.290692732822148,
          40.26550039043875
        ]
      },
      "properties": {
        "probability": 0.3411,
        "risk_level": "Low",
        "color": "#27ae60",
        "ndvi": "Yüksek (Nemli/Sağlıklı)",
        "slope": "%17.9 - Yüksek Eğim",
        "distance_to_road": "Uzak (>150m)",
        "label": "Unburned Point"
      }
    },
    {
      "type": "Feature",
      "geometry": {
        "type": "Point",
        "coordinates": [
          29.28925542836756,
          40.26325460222846
        ]
      },
      "properties": {
        "probability": 0.2938,
        "risk_level": "Low",
        "color": "#27ae60",
        "ndvi": "Yüksek (Nemli/Sağlıklı)",
        "slope": "%13.7 - Düşük/Düzlük",
        "distance_to_road": "Uzak (>150m)",
        "label": "Unburned Point"
      }
    },
    {
      "type": "Feature",
      "geometry": {
        "type": "Point",
        "coordinates": [
          29.28925542836756,
          40.24591711724495
        ]
      },
      "properties": {
        "probability": 0.0303,
        "risk_level": "Low",
        "color": "#27ae60",
        "ndvi": "Yüksek (Nemli/Sağlıklı)",
        "slope": "%17.2 - Yüksek Eğim",
        "distance_to_road": "Uzak (>150m)",
        "label": "Unburned Point"
      }
    },
    {
      "type": "Feature",
      "geometry": {
        "type": "Point",
        "coordinates": [
          29.30371830444188,
          40.270351292973
        ]
      },
      "properties": {
        "probability": 0.1056,
        "risk_level": "Low",
        "color": "#27ae60",
        "ndvi": "Yüksek (Nemli/Sağlıklı)",
        "slope": "%9.6 - Düşük/Düzlük",
        "distance_to_road": "Uzak (>150m)",
        "label": "Unburned Point"
      }
    },
    {
      "type": "Feature",
      "geometry": {
        "type": "Point",
        "coordinates": [
          29.289704586009616,
          40.24564762265971
        ]
      },
      "properties": {
        "probability": 0.0372,
        "risk_level": "Low",
        "color": "#27ae60",
        "ndvi": "Yüksek (Nemli/Sağlıklı)",
        "slope": "%14.0 - Düşük/Düzlük",
        "distance_to_road": "Uzak (>150m)",
        "label": "Unburned Point"
      }
    },
    {
      "type": "Feature",
      "geometry": {
        "type": "Point",
        "coordinates": [
          29.302370831515702,
          40.26783601017746
        ]
      },
      "properties": {
        "probability": 0.0013,
        "risk_level": "Low",
        "color": "#27ae60",
        "ndvi": "Yüksek (Nemli/Sağlıklı)",
        "slope": "%25.5 - Yüksek Eğim",
        "distance_to_road": "Uzak (>150m)",
        "label": "Unburned Point"
      }
    },
    {
      "type": "Feature",
      "geometry": {
        "type": "Point",
        "coordinates": [
          29.30111319011793,
          40.26990213533094
        ]
      },
      "properties": {
        "probability": 0.0358,
        "risk_level": "Low",
        "color": "#27ae60",
        "ndvi": "Yüksek (Nemli/Sağlıklı)",
        "slope": "%16.6 - Yüksek Eğim",
        "distance_to_road": "Uzak (>150m)",
        "label": "Unburned Point"
      }
    },
    {
      "type": "Feature",
      "geometry": {
        "type": "Point",
        "coordinates": [
          29.291052058935797,
          40.2665783687797
        ]
      },
      "properties": {
        "probability": 0.1381,
        "risk_level": "Low",
        "color": "#27ae60",
        "ndvi": "Yüksek (Nemli/Sağlıklı)",
        "slope": "%20.7 - Yüksek Eğim",
        "distance_to_road": "Uzak (>150m)",
        "label": "Unburned Point"
      }
    },
    {
      "type": "Feature",
      "geometry": {
        "type": "Point",
        "coordinates": [
          29.302101336930463,
          40.26981230380253
        ]
      },
      "properties": {
        "probability": 0.0127,
        "risk_level": "Low",
        "color": "#27ae60",
        "ndvi": "Yüksek (Nemli/Sağlıklı)",
        "slope": "%15.6 - Yüksek Eğim",
        "distance_to_road": "Uzak (>150m)",
        "label": "Unburned Point"
      }
    },
    {
      "type": "Feature",
      "geometry": {
        "type": "Point",
        "coordinates": [
          29.291052058935797,
          40.265320727381926
        ]
      },
      "properties": {
        "probability": 0.0784,
        "risk_level": "Low",
        "color": "#27ae60",
        "ndvi": "Yüksek (Nemli/Sağlıklı)",
        "slope": "%11.7 - Düşük/Düzlük",
        "distance_to_road": "Uzak (>150m)",
        "label": "Unburned Point"
      }
    },
    {
      "type": "Feature",
      "geometry": {
        "type": "Point",
        "coordinates": [
          29.30326914679982,
          40.26855466240476
        ]
      },
      "properties": {
        "probability": 0.0876,
        "risk_level": "Low",
        "color": "#27ae60",
        "ndvi": "Yüksek (Nemli/Sağlıklı)",
        "slope": "%17.8 - Yüksek Eğim",
        "distance_to_road": "Uzak (>150m)",
        "label": "Unburned Point"
      }
    },
    {
      "type": "Feature",
      "geometry": {
        "type": "Point",
        "coordinates": [
          29.30129285317476,
          40.26927331463205
        ]
      },
      "properties": {
        "probability": 0.629,
        "risk_level": "Medium",
        "color": "#f1c40f",
        "ndvi": "Yüksek (Nemli/Sağlıklı)",
        "slope": "%20.1 - Yüksek Eğim",
        "distance_to_road": "Uzak (>150m)",
        "label": "Unburned Point"
      }
    },
    {
      "type": "Feature",
      "geometry": {
        "type": "Point",
        "coordinates": [
          29.27012131281581,
          40.24591711724495
        ]
      },
      "properties": {
        "probability": 0.2689,
        "risk_level": "Low",
        "color": "#27ae60",
        "ndvi": "Yüksek (Nemli/Sağlıklı)",
        "slope": "%34.3 - Yüksek Eğim",
        "distance_to_road": "Uzak (>150m)",
        "label": "Unburned Point"
      }
    },
    {
      "type": "Feature",
      "geometry": {
        "type": "Point",
        "coordinates": [
          29.268953502946456,
          40.245018801960825
        ]
      },
      "properties": {
        "probability": 0.1533,
        "risk_level": "Low",
        "color": "#27ae60",
        "ndvi": "Yüksek (Nemli/Sağlıklı)",
        "slope": "%40.9 - Yüksek Eğim",
        "distance_to_road": "Uzak (>150m)",
        "label": "Unburned Point"
      }
    },
    {
      "type": "Feature",
      "geometry": {
        "type": "Point",
        "coordinates": [
          29.30371830444188,
          40.26999196685935
        ]
      },
      "properties": {
        "probability": 0.0043,
        "risk_level": "Low",
        "color": "#27ae60",
        "ndvi": "Yüksek (Nemli/Sağlıklı)",
        "slope": "%21.2 - Yüksek Eğim",
        "distance_to_road": "Uzak (>150m)",
        "label": "Unburned Point"
      }
    },
    {
      "type": "Feature",
      "geometry": {
        "type": "Point",
        "coordinates": [
          29.291501216577856,
          40.26783601017746
        ]
      },
      "properties": {
        "probability": 0.1507,
        "risk_level": "Low",
        "color": "#27ae60",
        "ndvi": "Yüksek (Nemli/Sağlıklı)",
        "slope": "%10.1 - Düşük/Düzlük",
        "distance_to_road": "Uzak (>150m)",
        "label": "Unburned Point"
      }
    },
    {
      "type": "Feature",
      "geometry": {
        "type": "Point",
        "coordinates": [
          29.303089483743,
          40.26855466240476
        ]
      },
      "properties": {
        "probability": 0.0339,
        "risk_level": "Low",
        "color": "#27ae60",
        "ndvi": "Yüksek (Nemli/Sağlıklı)",
        "slope": "%15.2 - Yüksek Eğim",
        "distance_to_road": "Uzak (>150m)",
        "label": "Unburned Point"
      }
    },
    {
      "type": "Feature",
      "geometry": {
        "type": "Point",
        "coordinates": [
          29.28844694461185,
          40.24582728571654
        ]
      },
      "properties": {
        "probability": 0.0337,
        "risk_level": "Low",
        "color": "#27ae60",
        "ndvi": "Yüksek (Nemli/Sağlıklı)",
        "slope": "%18.6 - Yüksek Eğim",
        "distance_to_road": "Uzak (>150m)",
        "label": "Unburned Point"
      }
    },
    {
      "type": "Feature",
      "geometry": {
        "type": "Point",
        "coordinates": [
          29.28979441753803,
          40.24447981279036
        ]
      },
      "properties": {
        "probability": 0.0314,
        "risk_level": "Low",
        "color": "#27ae60",
        "ndvi": "Yüksek (Nemli/Sağlıklı)",
        "slope": "%14.4 - Düşük/Düzlük",
        "distance_to_road": "Uzak (>150m)",
        "label": "Unburned Point"
      }
    },
    {
      "type": "Feature",
      "geometry": {
        "type": "Point",
        "coordinates": [
          29.304347125140765,
          40.2681055047627
        ]
      },
      "properties": {
        "probability": 0.0726,
        "risk_level": "Low",
        "color": "#27ae60",
        "ndvi": "Yüksek (Nemli/Sağlıklı)",
        "slope": "%3.1 - Düşük/Düzlük",
        "distance_to_road": "Uzak (>150m)",
        "label": "Unburned Point"
      }
    },
    {
      "type": "Feature",
      "geometry": {
        "type": "Point",
        "coordinates": [
          29.270390807401046,
          40.24618661183018
        ]
      },
      "properties": {
        "probability": 0.137,
        "risk_level": "Low",
        "color": "#27ae60",
        "ndvi": "Yüksek (Nemli/Sağlıklı)",
        "slope": "%32.5 - Yüksek Eğim",
        "distance_to_road": "Uzak (>150m)",
        "label": "Unburned Point"
      }
    },
    {
      "type": "Feature",
      "geometry": {
        "type": "Point",
        "coordinates": [
          29.28880627072549,
          40.26442241209781
        ]
      },
      "properties": {
        "probability": 0.2183,
        "risk_level": "Low",
        "color": "#27ae60",
        "ndvi": "Yüksek (Nemli/Sağlıklı)",
        "slope": "%12.8 - Düşük/Düzlük",
        "distance_to_road": "Uzak (>150m)",
        "label": "Unburned Point"
      }
    },
    {
      "type": "Feature",
      "geometry": {
        "type": "Point",
        "coordinates": [
          29.289165596839144,
          40.262446118472745
        ]
      },
      "properties": {
        "probability": 0.1851,
        "risk_level": "Low",
        "color": "#27ae60",
        "ndvi": "Yüksek (Nemli/Sağlıklı)",
        "slope": "%8.6 - Düşük/Düzlük",
        "distance_to_road": "Uzak (>150m)",
        "label": "Unburned Point"
      }
    },
    {
      "type": "Feature",
      "geometry": {
        "type": "Point",
        "coordinates": [
          29.30443695666917,
          40.269183483103646
        ]
      },
      "properties": {
        "probability": 0.0725,
        "risk_level": "Low",
        "color": "#27ae60",
        "ndvi": "Yüksek (Nemli/Sağlıklı)",
        "slope": "%20.9 - Yüksek Eğim",
        "distance_to_road": "Uzak (>150m)",
        "label": "Unburned Point"
      }
    },
    {
      "type": "Feature",
      "geometry": {
        "type": "Point",
        "coordinates": [
          29.29177071116309,
          40.26639870572287
        ]
      },
      "properties": {
        "probability": 0.1067,
        "risk_level": "Low",
        "color": "#27ae60",
        "ndvi": "Yüksek (Nemli/Sağlıklı)",
        "slope": "%15.6 - Yüksek Eğim",
        "distance_to_road": "Uzak (>150m)",
        "label": "Unburned Point"
      }
    },
    {
      "type": "Feature",
      "geometry": {
        "type": "Point",
        "coordinates": [
          29.28880627072549,
          40.24465947584718
        ]
      },
      "properties": {
        "probability": 0.0201,
        "risk_level": "Low",
        "color": "#27ae60",
        "ndvi": "Yüksek (Nemli/Sağlıklı)",
        "slope": "%16.4 - Yüksek Eğim",
        "distance_to_road": "Uzak (>150m)",
        "label": "Unburned Point"
      }
    },
    {
      "type": "Feature",
      "geometry": {
        "type": "Point",
        "coordinates": [
          29.290063912123266,
          40.26442241209781
        ]
      },
      "properties": {
        "probability": 0.1711,
        "risk_level": "Low",
        "color": "#27ae60",
        "ndvi": "Yüksek (Nemli/Sağlıklı)",
        "slope": "%13.8 - Düşük/Düzlük",
        "distance_to_road": "Uzak (>150m)",
        "label": "Unburned Point"
      }
    },
    {
      "type": "Feature",
      "geometry": {
        "type": "Point",
        "coordinates": [
          29.29060290129373,
          40.26576988502399
        ]
      },
      "properties": {
        "probability": 0.0776,
        "risk_level": "Low",
        "color": "#27ae60",
        "ndvi": "Yüksek (Nemli/Sağlıklı)",
        "slope": "%17.2 - Yüksek Eğim",
        "distance_to_road": "Uzak (>150m)",
        "label": "Unburned Point"
      }
    },
    {
      "type": "Feature",
      "geometry": {
        "type": "Point",
        "coordinates": [
          29.30407763055553,
          40.26864449393317
        ]
      },
      "properties": {
        "probability": 0.2225,
        "risk_level": "Low",
        "color": "#27ae60",
        "ndvi": "Yüksek (Nemli/Sağlıklı)",
        "slope": "%23.1 - Yüksek Eğim",
        "distance_to_road": "Uzak (>150m)",
        "label": "Unburned Point"
      }
    },
    {
      "type": "Feature",
      "geometry": {
        "type": "Point",
        "coordinates": [
          29.289345259895967,
          40.26496140126828
        ]
      },
      "properties": {
        "probability": 0.2452,
        "risk_level": "Low",
        "color": "#27ae60",
        "ndvi": "Yüksek (Nemli/Sağlıklı)",
        "slope": "%13.0 - Düşük/Düzlük",
        "distance_to_road": "Uzak (>150m)",
        "label": "Unburned Point"
      }
    },
    {
      "type": "Feature",
      "geometry": {
        "type": "Point",
        "coordinates": [
          29.302999652214584,
          40.26927331463205
        ]
      },
      "properties": {
        "probability": 0.1457,
        "risk_level": "Low",
        "color": "#27ae60",
        "ndvi": "Yüksek (Nemli/Sağlıklı)",
        "slope": "%23.6 - Yüksek Eğim",
        "distance_to_road": "Uzak (>150m)",
        "label": "Unburned Point"
      }
    },
    {
      "type": "Feature",
      "geometry": {
        "type": "Point",
        "coordinates": [
          29.26733653543504,
          40.24403065514829
        ]
      },
      "properties": {
        "probability": 0.4722,
        "risk_level": "Medium",
        "color": "#f1c40f",
        "ndvi": "Yüksek (Nemli/Sağlıklı)",
        "slope": "%22.3 - Yüksek Eğim",
        "distance_to_road": "Uzak (>150m)",
        "label": "Unburned Point"
      }
    },
    {
      "type": "Feature",
      "geometry": {
        "type": "Point",
        "coordinates": [
          29.30326914679982,
          40.27062078755824
        ]
      },
      "properties": {
        "probability": 0.0099,
        "risk_level": "Low",
        "color": "#27ae60",
        "ndvi": "Yüksek (Nemli/Sağlıklı)",
        "slope": "%2.2 - Düşük/Düzlük",
        "distance_to_road": "Uzak (>150m)",
        "label": "Unburned Point"
      }
    },
    {
      "type": "Feature",
      "geometry": {
        "type": "Point",
        "coordinates": [
          29.290063912123266,
          40.24591711724495
        ]
      },
      "properties": {
        "probability": 0.0304,
        "risk_level": "Low",
        "color": "#27ae60",
        "ndvi": "Yüksek (Nemli/Sağlıklı)",
        "slope": "%14.9 - Düşük/Düzlük",
        "distance_to_road": "Uzak (>150m)",
        "label": "Unburned Point"
      }
    },
    {
      "type": "Feature",
      "geometry": {
        "type": "Point",
        "coordinates": [
          29.289704586009616,
          40.24465947584718
        ]
      },
      "properties": {
        "probability": 0.0562,
        "risk_level": "Low",
        "color": "#27ae60",
        "ndvi": "Yüksek (Nemli/Sağlıklı)",
        "slope": "%18.2 - Yüksek Eğim",
        "distance_to_road": "Uzak (>150m)",
        "label": "Unburned Point"
      }
    },
    {
      "type": "Feature",
      "geometry": {
        "type": "Point",
        "coordinates": [
          29.289345259895967,
          40.26397325445575
        ]
      },
      "properties": {
        "probability": 0.3936,
        "risk_level": "Medium",
        "color": "#f1c40f",
        "ndvi": "Yüksek (Nemli/Sağlıklı)",
        "slope": "%12.8 - Düşük/Düzlük",
        "distance_to_road": "Uzak (>150m)",
        "label": "Unburned Point"
      }
    },
    {
      "type": "Feature",
      "geometry": {
        "type": "Point",
        "coordinates": [
          29.268594176832806,
          40.24546795960289
        ]
      },
      "properties": {
        "probability": 0.303,
        "risk_level": "Low",
        "color": "#27ae60",
        "ndvi": "Yüksek (Nemli/Sağlıklı)",
        "slope": "%27.1 - Yüksek Eğim",
        "distance_to_road": "Uzak (>150m)",
        "label": "Unburned Point"
      }
    },
    {
      "type": "Feature",
      "geometry": {
        "type": "Point",
        "coordinates": [
          29.304347125140765,
          40.26936314616047
        ]
      },
      "properties": {
        "probability": 0.0446,
        "risk_level": "Low",
        "color": "#27ae60",
        "ndvi": "Yüksek (Nemli/Sağlıklı)",
        "slope": "%17.1 - Yüksek Eğim",
        "distance_to_road": "Uzak (>150m)",
        "label": "Unburned Point"
      }
    },
    {
      "type": "Feature",
      "geometry": {
        "type": "Point",
        "coordinates": [
          29.30470645125441,
          40.27178859742759
        ]
      },
      "properties": {
        "probability": 0.0881,
        "risk_level": "Low",
        "color": "#27ae60",
        "ndvi": "Yüksek (Nemli/Sağlıklı)",
        "slope": "%25.7 - Yüksek Eğim",
        "distance_to_road": "Uzak (>150m)",
        "label": "Unburned Point"
      }
    },
    {
      "type": "Feature",
      "geometry": {
        "type": "Point",
        "coordinates": [
          29.29024357518009,
          40.26442241209781
        ]
      },
      "properties": {
        "probability": 0.0776,
        "risk_level": "Low",
        "color": "#27ae60",
        "ndvi": "Yüksek (Nemli/Sağlıklı)",
        "slope": "%11.5 - Düşük/Düzlük",
        "distance_to_road": "Uzak (>150m)",
        "label": "Unburned Point"
      }
    },
    {
      "type": "Feature",
      "geometry": {
        "type": "Point",
        "coordinates": [
          29.28898593378232,
          40.26316477070005
        ]
      },
      "properties": {
        "probability": 0.2723,
        "risk_level": "Low",
        "color": "#27ae60",
        "ndvi": "Yüksek (Nemli/Sağlıklı)",
        "slope": "%17.3 - Yüksek Eğim",
        "distance_to_road": "Uzak (>150m)",
        "label": "Unburned Point"
      }
    },
    {
      "type": "Feature",
      "geometry": {
        "type": "Point",
        "coordinates": [
          29.290962227407384,
          40.26514106432511
        ]
      },
      "properties": {
        "probability": 0.164,
        "risk_level": "Low",
        "color": "#27ae60",
        "ndvi": "Yüksek (Nemli/Sağlıklı)",
        "slope": "%12.8 - Düşük/Düzlük",
        "distance_to_road": "Uzak (>150m)",
        "label": "Unburned Point"
      }
    },
    {
      "type": "Feature",
      "geometry": {
        "type": "Point",
        "coordinates": [
          29.28880627072549,
          40.26424274904099
        ]
      },
      "properties": {
        "probability": 0.5242,
        "risk_level": "Medium",
        "color": "#f1c40f",
        "ndvi": "Yüksek (Nemli/Sağlıklı)",
        "slope": "%13.6 - Düşük/Düzlük",
        "distance_to_road": "Uzak (>150m)",
        "label": "Unburned Point"
      }
    },
    {
      "type": "Feature",
      "geometry": {
        "type": "Point",
        "coordinates": [
          29.267516198491865,
          40.24286284527894
        ]
      },
      "properties": {
        "probability": 0.5623,
        "risk_level": "Medium",
        "color": "#f1c40f",
        "ndvi": "Yüksek (Nemli/Sağlıklı)",
        "slope": "%17.1 - Yüksek Eğim",
        "distance_to_road": "Uzak (>150m)",
        "label": "Unburned Point"
      }
    },
    {
      "type": "Feature",
      "geometry": {
        "type": "Point",
        "coordinates": [
          29.29132155352103,
          40.26684786336493
        ]
      },
      "properties": {
        "probability": 0.1452,
        "risk_level": "Low",
        "color": "#27ae60",
        "ndvi": "Yüksek (Nemli/Sağlıklı)",
        "slope": "%20.7 - Yüksek Eğim",
        "distance_to_road": "Uzak (>150m)",
        "label": "Unburned Point"
      }
    },
    {
      "type": "Feature",
      "geometry": {
        "type": "Point",
        "coordinates": [
          29.29087239587897,
          40.265320727381926
        ]
      },
      "properties": {
        "probability": 0.1022,
        "risk_level": "Low",
        "color": "#27ae60",
        "ndvi": "Yüksek (Nemli/Sağlıklı)",
        "slope": "%12.8 - Düşük/Düzlük",
        "distance_to_road": "Uzak (>150m)",
        "label": "Unburned Point"
      }
    },
    {
      "type": "Feature",
      "geometry": {
        "type": "Point",
        "coordinates": [
          29.2903334067085,
          40.265320727381926
        ]
      },
      "properties": {
        "probability": 0.1111,
        "risk_level": "Low",
        "color": "#27ae60",
        "ndvi": "Yüksek (Nemli/Sağlıklı)",
        "slope": "%17.2 - Yüksek Eğim",
        "distance_to_road": "Uzak (>150m)",
        "label": "Unburned Point"
      }
    },
    {
      "type": "Feature",
      "geometry": {
        "type": "Point",
        "coordinates": [
          29.268414513775983,
          40.24519846501765
        ]
      },
      "properties": {
        "probability": 0.2292,
        "risk_level": "Low",
        "color": "#27ae60",
        "ndvi": "Yüksek (Nemli/Sağlıklı)",
        "slope": "%18.8 - Yüksek Eğim",
        "distance_to_road": "Uzak (>150m)",
        "label": "Unburned Point"
      }
    },
    {
      "type": "Feature",
      "geometry": {
        "type": "Point",
        "coordinates": [
          29.30443695666917,
          40.271069945200296
        ]
      },
      "properties": {
        "probability": 0.321,
        "risk_level": "Low",
        "color": "#27ae60",
        "ndvi": "Yüksek (Nemli/Sağlıklı)",
        "slope": "%25.3 - Yüksek Eğim",
        "distance_to_road": "Uzak (>150m)",
        "label": "Unburned Point"
      }
    },
    {
      "type": "Feature",
      "geometry": {
        "type": "Point",
        "coordinates": [
          29.302550494572525,
          40.26936314616047
        ]
      },
      "properties": {
        "probability": 0.034,
        "risk_level": "Low",
        "color": "#27ae60",
        "ndvi": "Yüksek (Nemli/Sağlıklı)",
        "slope": "%11.1 - Düşük/Düzlük",
        "distance_to_road": "Uzak (>150m)",
        "label": "Unburned Point"
      }
    },
    {
      "type": "Feature",
      "geometry": {
        "type": "Point",
        "coordinates": [
          29.291501216577856,
          40.2665783687797
        ]
      },
      "properties": {
        "probability": 0.1388,
        "risk_level": "Low",
        "color": "#27ae60",
        "ndvi": "Yüksek (Nemli/Sağlıklı)",
        "slope": "%17.4 - Yüksek Eğim",
        "distance_to_road": "Uzak (>150m)",
        "label": "Unburned Point"
      }
    },
    {
      "type": "Feature",
      "geometry": {
        "type": "Point",
        "coordinates": [
          29.270839965043105,
          40.246725601000655
        ]
      },
      "properties": {
        "probability": 0.1727,
        "risk_level": "Low",
        "color": "#27ae60",
        "ndvi": "Yüksek (Nemli/Sağlıklı)",
        "slope": "%27.9 - Yüksek Eğim",
        "distance_to_road": "Uzak (>150m)",
        "label": "Unburned Point"
      }
    },
    {
      "type": "Feature",
      "geometry": {
        "type": "Point",
        "coordinates": [
          29.288896102253908,
          40.24564762265971
        ]
      },
      "properties": {
        "probability": 0.0083,
        "risk_level": "Low",
        "color": "#27ae60",
        "ndvi": "Yüksek (Nemli/Sağlıklı)",
        "slope": "%13.1 - Düşük/Düzlük",
        "distance_to_road": "Uzak (>150m)",
        "label": "Unburned Point"
      }
    },
    {
      "type": "Feature",
      "geometry": {
        "type": "Point",
        "coordinates": [
          29.267695861548688,
          40.24322217139259
        ]
      },
      "properties": {
        "probability": 0.3644,
        "risk_level": "Medium",
        "color": "#f1c40f",
        "ndvi": "Yüksek (Nemli/Sağlıklı)",
        "slope": "%23.0 - Yüksek Eğim",
        "distance_to_road": "Uzak (>150m)",
        "label": "Unburned Point"
      }
    },
    {
      "type": "Feature",
      "geometry": {
        "type": "Point",
        "coordinates": [
          29.2903334067085,
          40.26379359139893
        ]
      },
      "properties": {
        "probability": 0.0437,
        "risk_level": "Low",
        "color": "#27ae60",
        "ndvi": "Yüksek (Nemli/Sağlıklı)",
        "slope": "%13.1 - Düşük/Düzlük",
        "distance_to_road": "Uzak (>150m)",
        "label": "Unburned Point"
      }
    },
    {
      "type": "Feature",
      "geometry": {
        "type": "Point",
        "coordinates": [
          29.30281998915776,
          40.26855466240476
        ]
      },
      "properties": {
        "probability": 0.0345,
        "risk_level": "Low",
        "color": "#27ae60",
        "ndvi": "Yüksek (Nemli/Sağlıklı)",
        "slope": "%15.2 - Yüksek Eğim",
        "distance_to_road": "Uzak (>150m)",
        "label": "Unburned Point"
      }
    },
    {
      "type": "Feature",
      "geometry": {
        "type": "Point",
        "coordinates": [
          29.301203021646344,
          40.268374999347934
        ]
      },
      "properties": {
        "probability": 0.0028,
        "risk_level": "Low",
        "color": "#27ae60",
        "ndvi": "Yüksek (Nemli/Sağlıklı)",
        "slope": "%20.5 - Yüksek Eğim",
        "distance_to_road": "Uzak (>150m)",
        "label": "Unburned Point"
      }
    },
    {
      "type": "Feature",
      "geometry": {
        "type": "Point",
        "coordinates": [
          29.30398779902712,
          40.267476684063816
        ]
      },
      "properties": {
        "probability": 0.0616,
        "risk_level": "Low",
        "color": "#27ae60",
        "ndvi": "Yüksek (Nemli/Sağlıklı)",
        "slope": "%29.7 - Yüksek Eğim",
        "distance_to_road": "Uzak (>150m)",
        "label": "Unburned Point"
      }
    },
    {
      "type": "Feature",
      "geometry": {
        "type": "Point",
        "coordinates": [
          29.268594176832806,
          40.244389981261946
        ]
      },
      "properties": {
        "probability": 0.0469,
        "risk_level": "Low",
        "color": "#27ae60",
        "ndvi": "Yüksek (Nemli/Sağlıklı)",
        "slope": "%39.1 - Yüksek Eğim",
        "distance_to_road": "Uzak (>150m)",
        "label": "Unburned Point"
      }
    },
    {
      "type": "Feature",
      "geometry": {
        "type": "Point",
        "coordinates": [
          29.289974080594853,
          40.24519846501765
        ]
      },
      "properties": {
        "probability": 0.0298,
        "risk_level": "Low",
        "color": "#27ae60",
        "ndvi": "Yüksek (Nemli/Sağlıklı)",
        "slope": "%14.5 - Düşük/Düzlük",
        "distance_to_road": "Uzak (>150m)",
        "label": "Unburned Point"
      }
    },
    {
      "type": "Feature",
      "geometry": {
        "type": "Point",
        "coordinates": [
          29.293208015617683,
          40.26801567323429
        ]
      },
      "properties": {
        "probability": 0.1246,
        "risk_level": "Low",
        "color": "#27ae60",
        "ndvi": "Yüksek (Nemli/Sağlıklı)",
        "slope": "%15.0 - Düşük/Düzlük",
        "distance_to_road": "Uzak (>150m)",
        "label": "Unburned Point"
      }
    },
    {
      "type": "Feature",
      "geometry": {
        "type": "Point",
        "coordinates": [
          29.291052058935797,
          40.26505123279669
        ]
      },
      "properties": {
        "probability": 0.1011,
        "risk_level": "Low",
        "color": "#27ae60",
        "ndvi": "Yüksek (Nemli/Sağlıklı)",
        "slope": "%16.9 - Yüksek Eğim",
        "distance_to_road": "Uzak (>150m)",
        "label": "Unburned Point"
      }
    },
    {
      "type": "Feature",
      "geometry": {
        "type": "Point",
        "coordinates": [
          29.301742010816817,
          40.26873432546159
        ]
      },
      "properties": {
        "probability": 0.0361,
        "risk_level": "Low",
        "color": "#27ae60",
        "ndvi": "Yüksek (Nemli/Sağlıklı)",
        "slope": "%8.9 - Düşük/Düzlük",
        "distance_to_road": "Uzak (>150m)",
        "label": "Unburned Point"
      }
    },
    {
      "type": "Feature",
      "geometry": {
        "type": "Point",
        "coordinates": [
          29.29087239587897,
          40.26568005349558
        ]
      },
      "properties": {
        "probability": 0.1027,
        "risk_level": "Low",
        "color": "#27ae60",
        "ndvi": "Yüksek (Nemli/Sağlıklı)",
        "slope": "%15.2 - Yüksek Eğim",
        "distance_to_road": "Uzak (>150m)",
        "label": "Unburned Point"
      }
    },
    {
      "type": "Feature",
      "geometry": {
        "type": "Point",
        "coordinates": [
          29.270300975872637,
          40.24663576947224
        ]
      },
      "properties": {
        "probability": 0.1031,
        "risk_level": "Low",
        "color": "#27ae60",
        "ndvi": "Yüksek (Nemli/Sağlıklı)",
        "slope": "%36.7 - Yüksek Eğim",
        "distance_to_road": "Uzak (>150m)",
        "label": "Unburned Point"
      }
    },
    {
      "type": "Feature",
      "geometry": {
        "type": "Point",
        "coordinates": [
          29.289165596839144,
          40.24474930737559
        ]
      },
      "properties": {
        "probability": 0.0407,
        "risk_level": "Low",
        "color": "#27ae60",
        "ndvi": "Yüksek (Nemli/Sağlıklı)",
        "slope": "%15.5 - Yüksek Eğim",
        "distance_to_road": "Uzak (>150m)",
        "label": "Unburned Point"
      }
    },
    {
      "type": "Feature",
      "geometry": {
        "type": "Point",
        "coordinates": [
          29.2693128290601,
          40.24636627488701
        ]
      },
      "properties": {
        "probability": 0.1554,
        "risk_level": "Low",
        "color": "#27ae60",
        "ndvi": "Yüksek (Nemli/Sağlıklı)",
        "slope": "%27.2 - Yüksek Eğim",
        "distance_to_road": "Uzak (>150m)",
        "label": "Unburned Point"
      }
    },
    {
      "type": "Feature",
      "geometry": {
        "type": "Point",
        "coordinates": [
          29.290153743651675,
          40.26397325445575
        ]
      },
      "properties": {
        "probability": 0.032,
        "risk_level": "Low",
        "color": "#27ae60",
        "ndvi": "Yüksek (Nemli/Sağlıklı)",
        "slope": "%13.1 - Düşük/Düzlük",
        "distance_to_road": "Uzak (>150m)",
        "label": "Unburned Point"
      }
    },
    {
      "type": "Feature",
      "geometry": {
        "type": "Point",
        "coordinates": [
          29.303179315271407,
          40.26927331463205
        ]
      },
      "properties": {
        "probability": 0.1538,
        "risk_level": "Low",
        "color": "#27ae60",
        "ndvi": "Yüksek (Nemli/Sağlıklı)",
        "slope": "%23.6 - Yüksek Eğim",
        "distance_to_road": "Uzak (>150m)",
        "label": "Unburned Point"
      }
    },
    {
      "type": "Feature",
      "geometry": {
        "type": "Point",
        "coordinates": [
          29.30407763055553,
          40.27071061908665
        ]
      },
      "properties": {
        "probability": 0.2694,
        "risk_level": "Low",
        "color": "#27ae60",
        "ndvi": "Yüksek (Nemli/Sağlıklı)",
        "slope": "%16.9 - Yüksek Eğim",
        "distance_to_road": "Uzak (>150m)",
        "label": "Unburned Point"
      }
    },
    {
      "type": "Feature",
      "geometry": {
        "type": "Point",
        "coordinates": [
          29.269941649758987,
          40.2470849271143
        ]
      },
      "properties": {
        "probability": 0.7141,
        "risk_level": "High",
        "color": "#e67e22",
        "ndvi": "Yüksek (Nemli/Sağlıklı)",
        "slope": "%22.5 - Yüksek Eğim",
        "distance_to_road": "Uzak (>150m)",
        "label": "Unburned Point"
      }
    },
    {
      "type": "Feature",
      "geometry": {
        "type": "Point",
        "coordinates": [
          29.288896102253908,
          40.244569644318766
        ]
      },
      "properties": {
        "probability": 0.0112,
        "risk_level": "Low",
        "color": "#27ae60",
        "ndvi": "Yüksek (Nemli/Sağlıklı)",
        "slope": "%14.5 - Düşük/Düzlük",
        "distance_to_road": "Uzak (>150m)",
        "label": "Unburned Point"
      }
    },
    {
      "type": "Feature",
      "geometry": {
        "type": "Point",
        "coordinates": [
          29.26877383988963,
          40.24447981279036
        ]
      },
      "properties": {
        "probability": 0.4323,
        "risk_level": "Medium",
        "color": "#f1c40f",
        "ndvi": "Yüksek (Nemli/Sağlıklı)",
        "slope": "%30.9 - Yüksek Eğim",
        "distance_to_road": "Uzak (>150m)",
        "label": "Unburned Point"
      }
    },
    {
      "type": "Feature",
      "geometry": {
        "type": "Point",
        "coordinates": [
          29.304616619726,
          40.27089028214347
        ]
      },
      "properties": {
        "probability": 0.3102,
        "risk_level": "Low",
        "color": "#27ae60",
        "ndvi": "Yüksek (Nemli/Sağlıklı)",
        "slope": "%18.3 - Yüksek Eğim",
        "distance_to_road": "Uzak (>150m)",
        "label": "Unburned Point"
      }
    },
    {
      "type": "Feature",
      "geometry": {
        "type": "Point",
        "coordinates": [
          29.268863671418043,
          40.24582728571654
        ]
      },
      "properties": {
        "probability": 0.2886,
        "risk_level": "Low",
        "color": "#27ae60",
        "ndvi": "Yüksek (Nemli/Sağlıklı)",
        "slope": "%28.6 - Yüksek Eğim",
        "distance_to_road": "Uzak (>150m)",
        "label": "Unburned Point"
      }
    },
    {
      "type": "Feature",
      "geometry": {
        "type": "Point",
        "coordinates": [
          29.268414513775983,
          40.24421031820512
        ]
      },
      "properties": {
        "probability": 0.0826,
        "risk_level": "Low",
        "color": "#27ae60",
        "ndvi": "Yüksek (Nemli/Sağlıklı)",
        "slope": "%36.0 - Yüksek Eğim",
        "distance_to_road": "Uzak (>150m)",
        "label": "Unburned Point"
      }
    },
    {
      "type": "Feature",
      "geometry": {
        "type": "Point",
        "coordinates": [
          29.27075013351469,
          40.24771374781319
        ]
      },
      "properties": {
        "probability": 0.2349,
        "risk_level": "Low",
        "color": "#27ae60",
        "ndvi": "Yüksek (Nemli/Sağlıklı)",
        "slope": "%35.4 - Yüksek Eğim",
        "distance_to_road": "Uzak (>150m)",
        "label": "Unburned Point"
      }
    },
    {
      "type": "Feature",
      "geometry": {
        "type": "Point",
        "coordinates": [
          29.302730157629348,
          40.26792584170588
        ]
      },
      "properties": {
        "probability": 0.0039,
        "risk_level": "Low",
        "color": "#27ae60",
        "ndvi": "Yüksek (Nemli/Sağlıklı)",
        "slope": "%11.5 - Düşük/Düzlük",
        "distance_to_road": "Uzak (>150m)",
        "label": "Unburned Point"
      }
    },
    {
      "type": "Feature",
      "geometry": {
        "type": "Point",
        "coordinates": [
          29.28943509142438,
          40.2628952761148
        ]
      },
      "properties": {
        "probability": 0.1759,
        "risk_level": "Low",
        "color": "#27ae60",
        "ndvi": "Yüksek (Nemli/Sağlıklı)",
        "slope": "%7.3 - Düşük/Düzlük",
        "distance_to_road": "Uzak (>150m)",
        "label": "Unburned Point"
      }
    },
    {
      "type": "Feature",
      "geometry": {
        "type": "Point",
        "coordinates": [
          29.30326914679982,
          40.26828516781952
        ]
      },
      "properties": {
        "probability": 0.0453,
        "risk_level": "Low",
        "color": "#27ae60",
        "ndvi": "Yüksek (Nemli/Sağlıklı)",
        "slope": "%17.6 - Yüksek Eğim",
        "distance_to_road": "Uzak (>150m)",
        "label": "Unburned Point"
      }
    },
    {
      "type": "Feature",
      "geometry": {
        "type": "Point",
        "coordinates": [
          29.28907576531073,
          40.244839138904005
        ]
      },
      "properties": {
        "probability": 0.0402,
        "risk_level": "Low",
        "color": "#27ae60",
        "ndvi": "Yüksek (Nemli/Sağlıklı)",
        "slope": "%15.5 - Yüksek Eğim",
        "distance_to_road": "Uzak (>150m)",
        "label": "Unburned Point"
      }
    },
    {
      "type": "Feature",
      "geometry": {
        "type": "Point",
        "coordinates": [
          29.30138268470317,
          40.268374999347934
        ]
      },
      "properties": {
        "probability": 0.0017,
        "risk_level": "Low",
        "color": "#27ae60",
        "ndvi": "Yüksek (Nemli/Sağlıklı)",
        "slope": "%19.2 - Yüksek Eğim",
        "distance_to_road": "Uzak (>150m)",
        "label": "Unburned Point"
      }
    },
    {
      "type": "Feature",
      "geometry": {
        "type": "Point",
        "coordinates": [
          29.29221986880515,
          40.26684786336493
        ]
      },
      "properties": {
        "probability": 0.3048,
        "risk_level": "Low",
        "color": "#27ae60",
        "ndvi": "Yüksek (Nemli/Sağlıklı)",
        "slope": "%19.4 - Yüksek Eğim",
        "distance_to_road": "Uzak (>150m)",
        "label": "Unburned Point"
      }
    },
    {
      "type": "Feature",
      "geometry": {
        "type": "Point",
        "coordinates": [
          29.271378954213574,
          40.24771374781319
        ]
      },
      "properties": {
        "probability": 0.1761,
        "risk_level": "Low",
        "color": "#27ae60",
        "ndvi": "Yüksek (Nemli/Sağlıklı)",
        "slope": "%30.7 - Yüksek Eğim",
        "distance_to_road": "Uzak (>150m)",
        "label": "Unburned Point"
      }
    },
    {
      "type": "Feature",
      "geometry": {
        "type": "Point",
        "coordinates": [
          29.28862660766867,
          40.2462764433586
        ]
      },
      "properties": {
        "probability": 0.012,
        "risk_level": "Low",
        "color": "#27ae60",
        "ndvi": "Yüksek (Nemli/Sağlıklı)",
        "slope": "%14.4 - Düşük/Düzlük",
        "distance_to_road": "Uzak (>150m)",
        "label": "Unburned Point"
      }
    },
    {
      "type": "Feature",
      "geometry": {
        "type": "Point",
        "coordinates": [
          29.302370831515702,
          40.26909365157523
        ]
      },
      "properties": {
        "probability": 0.1062,
        "risk_level": "Low",
        "color": "#27ae60",
        "ndvi": "Yüksek (Nemli/Sağlıklı)",
        "slope": "%17.2 - Yüksek Eğim",
        "distance_to_road": "Uzak (>150m)",
        "label": "Unburned Point"
      }
    },
    {
      "type": "Feature",
      "geometry": {
        "type": "Point",
        "coordinates": [
          29.30039453789064,
          40.26927331463205
        ]
      },
      "properties": {
        "probability": 0.4818,
        "risk_level": "Medium",
        "color": "#f1c40f",
        "ndvi": "Yüksek (Nemli/Sağlıklı)",
        "slope": "%15.4 - Yüksek Eğim",
        "distance_to_road": "Uzak (>150m)",
        "label": "Unburned Point"
      }
    },
    {
      "type": "Feature",
      "geometry": {
        "type": "Point",
        "coordinates": [
          29.303358978328237,
          40.27008179838776
        ]
      },
      "properties": {
        "probability": 0.0035,
        "risk_level": "Low",
        "color": "#27ae60",
        "ndvi": "Yüksek (Nemli/Sağlıklı)",
        "slope": "%32.3 - Yüksek Eğim",
        "distance_to_road": "Uzak (>150m)",
        "label": "Unburned Point"
      }
    },
    {
      "type": "Feature",
      "geometry": {
        "type": "Point",
        "coordinates": [
          29.268414513775983,
          40.24510863348924
        ]
      },
      "properties": {
        "probability": 0.1995,
        "risk_level": "Low",
        "color": "#27ae60",
        "ndvi": "Yüksek (Nemli/Sağlıklı)",
        "slope": "%27.0 - Yüksek Eğim",
        "distance_to_road": "Uzak (>150m)",
        "label": "Unburned Point"
      }
    },
    {
      "type": "Feature",
      "geometry": {
        "type": "Point",
        "coordinates": [
          29.30138268470317,
          40.26873432546159
        ]
      },
      "properties": {
        "probability": 0.002,
        "risk_level": "Low",
        "color": "#27ae60",
        "ndvi": "Yüksek (Nemli/Sağlıklı)",
        "slope": "%9.7 - Düşük/Düzlük",
        "distance_to_road": "Uzak (>150m)",
        "label": "Unburned Point"
      }
    },
    {
      "type": "Feature",
      "geometry": {
        "type": "Point",
        "coordinates": [
          29.30470645125441,
          40.27151910284236
        ]
      },
      "properties": {
        "probability": 0.1438,
        "risk_level": "Low",
        "color": "#27ae60",
        "ndvi": "Yüksek (Nemli/Sağlıklı)",
        "slope": "%29.0 - Yüksek Eğim",
        "distance_to_road": "Uzak (>150m)",
        "label": "Unburned Point"
      }
    },
    {
      "type": "Feature",
      "geometry": {
        "type": "Point",
        "coordinates": [
          29.30066403247588,
          40.269183483103646
        ]
      },
      "properties": {
        "probability": 0.4166,
        "risk_level": "Medium",
        "color": "#f1c40f",
        "ndvi": "Yüksek (Nemli/Sağlıklı)",
        "slope": "%19.3 - Yüksek Eğim",
        "distance_to_road": "Uzak (>150m)",
        "label": "Unburned Point"
      }
    },
    {
      "type": "Feature",
      "geometry": {
        "type": "Point",
        "coordinates": [
          29.29132155352103,
          40.26568005349558
        ]
      },
      "properties": {
        "probability": 0.0587,
        "risk_level": "Low",
        "color": "#27ae60",
        "ndvi": "Yüksek (Nemli/Sağlıklı)",
        "slope": "%14.6 - Düşük/Düzlük",
        "distance_to_road": "Uzak (>150m)",
        "label": "Unburned Point"
      }
    },
    {
      "type": "Feature",
      "geometry": {
        "type": "Point",
        "coordinates": [
          29.30470645125441,
          40.272237755069646
        ]
      },
      "properties": {
        "probability": 0.2506,
        "risk_level": "Low",
        "color": "#27ae60",
        "ndvi": "Yüksek (Nemli/Sağlıklı)",
        "slope": "%14.9 - Düşük/Düzlük",
        "distance_to_road": "Uzak (>150m)",
        "label": "Unburned Point"
      }
    },
    {
      "type": "Feature",
      "geometry": {
        "type": "Point",
        "coordinates": [
          29.303089483743,
          40.27017162991618
        ]
      },
      "properties": {
        "probability": 0.0046,
        "risk_level": "Low",
        "color": "#27ae60",
        "ndvi": "Yüksek (Nemli/Sağlıklı)",
        "slope": "%31.3 - Yüksek Eğim",
        "distance_to_road": "Uzak (>150m)",
        "label": "Unburned Point"
      }
    },
    {
      "type": "Feature",
      "geometry": {
        "type": "Point",
        "coordinates": [
          29.28988424906644,
          40.26352409681369
        ]
      },
      "properties": {
        "probability": 0.0437,
        "risk_level": "Low",
        "color": "#27ae60",
        "ndvi": "Yüksek (Nemli/Sağlıklı)",
        "slope": "%14.4 - Düşük/Düzlük",
        "distance_to_road": "Uzak (>150m)",
        "label": "Unburned Point"
      }
    },
    {
      "type": "Feature",
      "geometry": {
        "type": "Point",
        "coordinates": [
          29.291501216577856,
          40.265320727381926
        ]
      },
      "properties": {
        "probability": 0.021,
        "risk_level": "Low",
        "color": "#27ae60",
        "ndvi": "Yüksek (Nemli/Sağlıklı)",
        "slope": "%15.2 - Yüksek Eğim",
        "distance_to_road": "Uzak (>150m)",
        "label": "Unburned Point"
      }
    },
    {
      "type": "Feature",
      "geometry": {
        "type": "Point",
        "coordinates": [
          29.26913316600328,
          40.2455577911313
        ]
      },
      "properties": {
        "probability": 0.0581,
        "risk_level": "Low",
        "color": "#27ae60",
        "ndvi": "Yüksek (Nemli/Sağlıklı)",
        "slope": "%42.4 - Yüksek Eğim",
        "distance_to_road": "Uzak (>150m)",
        "label": "Unburned Point"
      }
    },
    {
      "type": "Feature",
      "geometry": {
        "type": "Point",
        "coordinates": [
          29.288357113083435,
          40.245018801960825
        ]
      },
      "properties": {
        "probability": 0.0134,
        "risk_level": "Low",
        "color": "#27ae60",
        "ndvi": "Yüksek (Nemli/Sağlıklı)",
        "slope": "%14.9 - Düşük/Düzlük",
        "distance_to_road": "Uzak (>150m)",
        "label": "Unburned Point"
      }
    },
    {
      "type": "Feature",
      "geometry": {
        "type": "Point",
        "coordinates": [
          29.303448809856643,
          40.26972247227412
        ]
      },
      "properties": {
        "probability": 0.002,
        "risk_level": "Low",
        "color": "#27ae60",
        "ndvi": "Yüksek (Nemli/Sağlıklı)",
        "slope": "%32.0 - Yüksek Eğim",
        "distance_to_road": "Uzak (>150m)",
        "label": "Unburned Point"
      }
    },
    {
      "type": "Feature",
      "geometry": {
        "type": "Point",
        "coordinates": [
          29.30264032610094,
          40.26819533629112
        ]
      },
      "properties": {
        "probability": 0.0067,
        "risk_level": "Low",
        "color": "#27ae60",
        "ndvi": "Yüksek (Nemli/Sağlıklı)",
        "slope": "%11.4 - Düşük/Düzlük",
        "distance_to_road": "Uzak (>150m)",
        "label": "Unburned Point"
      }
    },
    {
      "type": "Feature",
      "geometry": {
        "type": "Point",
        "coordinates": [
          29.28943509142438,
          40.2462764433586
        ]
      },
      "properties": {
        "probability": 0.014,
        "risk_level": "Low",
        "color": "#27ae60",
        "ndvi": "Yüksek (Nemli/Sağlıklı)",
        "slope": "%10.3 - Düşük/Düzlük",
        "distance_to_road": "Uzak (>150m)",
        "label": "Unburned Point"
      }
    },
    {
      "type": "Feature",
      "geometry": {
        "type": "Point",
        "coordinates": [
          29.30371830444188,
          40.27071061908665
        ]
      },
      "properties": {
        "probability": 0.3061,
        "risk_level": "Low",
        "color": "#27ae60",
        "ndvi": "Yüksek (Nemli/Sağlıklı)",
        "slope": "%7.1 - Düşük/Düzlük",
        "distance_to_road": "Uzak (>150m)",
        "label": "Unburned Point"
      }
    },
    {
      "type": "Feature",
      "geometry": {
        "type": "Point",
        "coordinates": [
          29.289165596839144,
          40.24591711724495
        ]
      },
      "properties": {
        "probability": 0.0243,
        "risk_level": "Low",
        "color": "#27ae60",
        "ndvi": "Yüksek (Nemli/Sağlıklı)",
        "slope": "%17.2 - Yüksek Eğim",
        "distance_to_road": "Uzak (>150m)",
        "label": "Unburned Point"
      }
    },
    {
      "type": "Feature",
      "geometry": {
        "type": "Point",
        "coordinates": [
          29.291141890464207,
          40.26496140126828
        ]
      },
      "properties": {
        "probability": 0.0647,
        "risk_level": "Low",
        "color": "#27ae60",
        "ndvi": "Yüksek (Nemli/Sağlıklı)",
        "slope": "%16.9 - Yüksek Eğim",
        "distance_to_road": "Uzak (>150m)",
        "label": "Unburned Point"
      }
    },
    {
      "type": "Feature",
      "geometry": {
        "type": "Point",
        "coordinates": [
          29.29230970033356,
          40.26927331463205
        ]
      },
      "properties": {
        "probability": 0.1101,
        "risk_level": "Low",
        "color": "#27ae60",
        "ndvi": "Yüksek (Nemli/Sağlıklı)",
        "slope": "%19.1 - Yüksek Eğim",
        "distance_to_road": "Uzak (>150m)",
        "label": "Unburned Point"
      }
    },
    {
      "type": "Feature",
      "geometry": {
        "type": "Point",
        "coordinates": [
          29.268594176832806,
          40.24430014973353
        ]
      },
      "properties": {
        "probability": 0.0673,
        "risk_level": "Low",
        "color": "#27ae60",
        "ndvi": "Yüksek (Nemli/Sağlıklı)",
        "slope": "%36.6 - Yüksek Eğim",
        "distance_to_road": "Uzak (>150m)",
        "label": "Unburned Point"
      }
    },
    {
      "type": "Feature",
      "geometry": {
        "type": "Point",
        "coordinates": [
          29.289524922952797,
          40.26487156973987
        ]
      },
      "properties": {
        "probability": 0.3108,
        "risk_level": "Low",
        "color": "#27ae60",
        "ndvi": "Yüksek (Nemli/Sağlıklı)",
        "slope": "%13.0 - Düşük/Düzlük",
        "distance_to_road": "Uzak (>150m)",
        "label": "Unburned Point"
      }
    },
    {
      "type": "Feature",
      "geometry": {
        "type": "Point",
        "coordinates": [
          29.302999652214584,
          40.271069945200296
        ]
      },
      "properties": {
        "probability": 0.0267,
        "risk_level": "Low",
        "color": "#27ae60",
        "ndvi": "Yüksek (Nemli/Sağlıklı)",
        "slope": "%24.3 - Yüksek Eğim",
        "distance_to_road": "Uzak (>150m)",
        "label": "Unburned Point"
      }
    },
    {
      "type": "Feature",
      "geometry": {
        "type": "Point",
        "coordinates": [
          29.28943509142438,
          40.26271561305799
        ]
      },
      "properties": {
        "probability": 0.1578,
        "risk_level": "Low",
        "color": "#27ae60",
        "ndvi": "Yüksek (Nemli/Sağlıklı)",
        "slope": "%7.3 - Düşük/Düzlük",
        "distance_to_road": "Uzak (>150m)",
        "label": "Unburned Point"
      }
    },
    {
      "type": "Feature",
      "geometry": {
        "type": "Point",
        "coordinates": [
          29.2880876184982,
          40.245018801960825
        ]
      },
      "properties": {
        "probability": 0.0279,
        "risk_level": "Low",
        "color": "#27ae60",
        "ndvi": "Yüksek (Nemli/Sağlıklı)",
        "slope": "%10.2 - Düşük/Düzlük",
        "distance_to_road": "Uzak (>150m)",
        "label": "Unburned Point"
      }
    },
    {
      "type": "Feature",
      "geometry": {
        "type": "Point",
        "coordinates": [
          29.288267281555022,
          40.24492897043242
        ]
      },
      "properties": {
        "probability": 0.0492,
        "risk_level": "Low",
        "color": "#27ae60",
        "ndvi": "Yüksek (Nemli/Sağlıklı)",
        "slope": "%14.9 - Düşük/Düzlük",
        "distance_to_road": "Uzak (>150m)",
        "label": "Unburned Point"
      }
    },
    {
      "type": "Feature",
      "geometry": {
        "type": "Point",
        "coordinates": [
          29.26805518766233,
          40.243401834449415
        ]
      },
      "properties": {
        "probability": 0.4092,
        "risk_level": "Medium",
        "color": "#f1c40f",
        "ndvi": "Yüksek (Nemli/Sağlıklı)",
        "slope": "%24.1 - Yüksek Eğim",
        "distance_to_road": "Uzak (>150m)",
        "label": "Unburned Point"
      }
    },
    {
      "type": "Feature",
      "geometry": {
        "type": "Point",
        "coordinates": [
          29.28907576531073,
          40.26334443375686
        ]
      },
      "properties": {
        "probability": 0.3819,
        "risk_level": "Medium",
        "color": "#f1c40f",
        "ndvi": "Yüksek (Nemli/Sağlıklı)",
        "slope": "%13.7 - Düşük/Düzlük",
        "distance_to_road": "Uzak (>150m)",
        "label": "Unburned Point"
      }
    },
    {
      "type": "Feature",
      "geometry": {
        "type": "Point",
        "coordinates": [
          29.27101962809993,
          40.24771374781319
        ]
      },
      "properties": {
        "probability": 0.1062,
        "risk_level": "Low",
        "color": "#27ae60",
        "ndvi": "Yüksek (Nemli/Sağlıklı)",
        "slope": "%34.8 - Yüksek Eğim",
        "distance_to_road": "Uzak (>150m)",
        "label": "Unburned Point"
      }
    },
    {
      "type": "Feature",
      "geometry": {
        "type": "Point",
        "coordinates": [
          29.303089483743,
          40.27053095602982
        ]
      },
      "properties": {
        "probability": 0.0056,
        "risk_level": "Low",
        "color": "#27ae60",
        "ndvi": "Yüksek (Nemli/Sağlıklı)",
        "slope": "%23.0 - Yüksek Eğim",
        "distance_to_road": "Uzak (>150m)",
        "label": "Unburned Point"
      }
    },
    {
      "type": "Feature",
      "geometry": {
        "type": "Point",
        "coordinates": [
          29.269941649758987,
          40.24699509558589
        ]
      },
      "properties": {
        "probability": 0.4349,
        "risk_level": "Medium",
        "color": "#f1c40f",
        "ndvi": "Yüksek (Nemli/Sağlıklı)",
        "slope": "%29.0 - Yüksek Eğim",
        "distance_to_road": "Uzak (>150m)",
        "label": "Unburned Point"
      }
    },
    {
      "type": "Feature",
      "geometry": {
        "type": "Point",
        "coordinates": [
          29.2925791949188,
          40.26729702100699
        ]
      },
      "properties": {
        "probability": 0.2138,
        "risk_level": "Low",
        "color": "#27ae60",
        "ndvi": "Yüksek (Nemli/Sağlıklı)",
        "slope": "%20.2 - Yüksek Eğim",
        "distance_to_road": "Uzak (>150m)",
        "label": "Unburned Point"
      }
    },
    {
      "type": "Feature",
      "geometry": {
        "type": "Point",
        "coordinates": [
          29.2903334067085,
          40.24510863348924
        ]
      },
      "properties": {
        "probability": 0.0916,
        "risk_level": "Low",
        "color": "#27ae60",
        "ndvi": "Yüksek (Nemli/Sağlıklı)",
        "slope": "%13.1 - Düşük/Düzlük",
        "distance_to_road": "Uzak (>150m)",
        "label": "Unburned Point"
      }
    },
    {
      "type": "Feature",
      "geometry": {
        "type": "Point",
        "coordinates": [
          29.26913316600328,
          40.24564762265971
        ]
      },
      "properties": {
        "probability": 0.0589,
        "risk_level": "Low",
        "color": "#27ae60",
        "ndvi": "Yüksek (Nemli/Sağlıklı)",
        "slope": "%42.4 - Yüksek Eğim",
        "distance_to_road": "Uzak (>150m)",
        "label": "Unburned Point"
      }
    },
    {
      "type": "Feature",
      "geometry": {
        "type": "Point",
        "coordinates": [
          29.28988424906644,
          40.26442241209781
        ]
      },
      "properties": {
        "probability": 0.2144,
        "risk_level": "Low",
        "color": "#27ae60",
        "ndvi": "Yüksek (Nemli/Sağlıklı)",
        "slope": "%13.8 - Düşük/Düzlük",
        "distance_to_road": "Uzak (>150m)",
        "label": "Unburned Point"
      }
    },
    {
      "type": "Feature",
      "geometry": {
        "type": "Point",
        "coordinates": [
          29.304257293612352,
          40.271968260484414
        ]
      },
      "properties": {
        "probability": 0.119,
        "risk_level": "Low",
        "color": "#27ae60",
        "ndvi": "Yüksek (Nemli/Sağlıklı)",
        "slope": "%6.1 - Düşük/Düzlük",
        "distance_to_road": "Uzak (>150m)",
        "label": "Unburned Point"
      }
    },
    {
      "type": "Feature",
      "geometry": {
        "type": "Point",
        "coordinates": [
          29.28880627072549,
          40.26334443375686
        ]
      },
      "properties": {
        "probability": 0.2737,
        "risk_level": "Low",
        "color": "#27ae60",
        "ndvi": "Yüksek (Nemli/Sağlıklı)",
        "slope": "%15.4 - Yüksek Eğim",
        "distance_to_road": "Uzak (>150m)",
        "label": "Unburned Point"
      }
    },
    {
      "type": "Feature",
      "geometry": {
        "type": "Point",
        "coordinates": [
          29.301742010816817,
          40.27017162991618
        ]
      },
      "properties": {
        "probability": 0.0719,
        "risk_level": "Low",
        "color": "#27ae60",
        "ndvi": "Yüksek (Nemli/Sağlıklı)",
        "slope": "%26.0 - Yüksek Eğim",
        "distance_to_road": "Uzak (>150m)",
        "label": "Unburned Point"
      }
    },
    {
      "type": "Feature",
      "geometry": {
        "type": "Point",
        "coordinates": [
          29.267785693077094,
          40.24349166597783
        ]
      },
      "properties": {
        "probability": 0.3784,
        "risk_level": "Medium",
        "color": "#f1c40f",
        "ndvi": "Yüksek (Nemli/Sağlıklı)",
        "slope": "%27.4 - Yüksek Eğim",
        "distance_to_road": "Uzak (>150m)",
        "label": "Unburned Point"
      }
    },
    {
      "type": "Feature",
      "geometry": {
        "type": "Point",
        "coordinates": [
          29.290513069765325,
          40.26568005349558
        ]
      },
      "properties": {
        "probability": 0.2993,
        "risk_level": "Low",
        "color": "#27ae60",
        "ndvi": "Yüksek (Nemli/Sağlıklı)",
        "slope": "%17.9 - Yüksek Eğim",
        "distance_to_road": "Uzak (>150m)",
        "label": "Unburned Point"
      }
    },
    {
      "type": "Feature",
      "geometry": {
        "type": "Point",
        "coordinates": [
          29.304257293612352,
          40.267746178649055
        ]
      },
      "properties": {
        "probability": 0.0257,
        "risk_level": "Low",
        "color": "#27ae60",
        "ndvi": "Yüksek (Nemli/Sağlıklı)",
        "slope": "%20.0 - Yüksek Eğim",
        "distance_to_road": "Uzak (>150m)",
        "label": "Unburned Point"
      }
    },
    {
      "type": "Feature",
      "geometry": {
        "type": "Point",
        "coordinates": [
          29.269941649758987,
          40.24717475864272
        ]
      },
      "properties": {
        "probability": 0.3244,
        "risk_level": "Low",
        "color": "#27ae60",
        "ndvi": "Yüksek (Nemli/Sağlıklı)",
        "slope": "%22.5 - Yüksek Eğim",
        "distance_to_road": "Uzak (>150m)",
        "label": "Unburned Point"
      }
    },
    {
      "type": "Feature",
      "geometry": {
        "type": "Point",
        "coordinates": [
          29.29221986880515,
          40.2681055047627
        ]
      },
      "properties": {
        "probability": 0.1238,
        "risk_level": "Low",
        "color": "#27ae60",
        "ndvi": "Yüksek (Nemli/Sağlıklı)",
        "slope": "%18.8 - Yüksek Eğim",
        "distance_to_road": "Uzak (>150m)",
        "label": "Unburned Point"
      }
    },
    {
      "type": "Feature",
      "geometry": {
        "type": "Point",
        "coordinates": [
          29.30281998915776,
          40.26972247227412
        ]
      },
      "properties": {
        "probability": 0.0344,
        "risk_level": "Low",
        "color": "#27ae60",
        "ndvi": "Yüksek (Nemli/Sağlıklı)",
        "slope": "%26.1 - Yüksek Eğim",
        "distance_to_road": "Uzak (>150m)",
        "label": "Unburned Point"
      }
    },
    {
      "type": "Feature",
      "geometry": {
        "type": "Point",
        "coordinates": [
          29.302730157629348,
          40.27008179838776
        ]
      },
      "properties": {
        "probability": 0.0039,
        "risk_level": "Low",
        "color": "#27ae60",
        "ndvi": "Yüksek (Nemli/Sağlıklı)",
        "slope": "%38.9 - Yüksek Eğim",
        "distance_to_road": "Uzak (>150m)",
        "label": "Unburned Point"
      }
    },
    {
      "type": "Feature",
      "geometry": {
        "type": "Point",
        "coordinates": [
          29.289345259895967,
          40.2628054445864
        ]
      },
      "properties": {
        "probability": 0.2162,
        "risk_level": "Low",
        "color": "#27ae60",
        "ndvi": "Yüksek (Nemli/Sağlıklı)",
        "slope": "%7.3 - Düşük/Düzlük",
        "distance_to_road": "Uzak (>150m)",
        "label": "Unburned Point"
      }
    },
    {
      "type": "Feature",
      "geometry": {
        "type": "Point",
        "coordinates": [
          29.29060290129373,
          40.244839138904005
        ]
      },
      "properties": {
        "probability": 0.0464,
        "risk_level": "Low",
        "color": "#27ae60",
        "ndvi": "Yüksek (Nemli/Sağlıklı)",
        "slope": "%13.7 - Düşük/Düzlük",
        "distance_to_road": "Uzak (>150m)",
        "label": "Unburned Point"
      }
    },
    {
      "type": "Feature",
      "geometry": {
        "type": "Point",
        "coordinates": [
          29.30416746208394,
          40.26675803183653
        ]
      },
      "properties": {
        "probability": 0.0095,
        "risk_level": "Low",
        "color": "#27ae60",
        "ndvi": "Yüksek (Nemli/Sağlıklı)",
        "slope": "%31.1 - Yüksek Eğim",
        "distance_to_road": "Uzak (>150m)",
        "label": "Unburned Point"
      }
    },
    {
      "type": "Feature",
      "geometry": {
        "type": "Point",
        "coordinates": [
          29.28979441753803,
          40.2658597165524
        ]
      },
      "properties": {
        "probability": 0.0408,
        "risk_level": "Low",
        "color": "#27ae60",
        "ndvi": "Yüksek (Nemli/Sağlıklı)",
        "slope": "%15.9 - Yüksek Eğim",
        "distance_to_road": "Uzak (>150m)",
        "label": "Unburned Point"
      }
    },
    {
      "type": "Feature",
      "geometry": {
        "type": "Point",
        "coordinates": [
          29.304347125140765,
          40.26909365157523
        ]
      },
      "properties": {
        "probability": 0.0751,
        "risk_level": "Low",
        "color": "#27ae60",
        "ndvi": "Yüksek (Nemli/Sağlıklı)",
        "slope": "%20.9 - Yüksek Eğim",
        "distance_to_road": "Uzak (>150m)",
        "label": "Unburned Point"
      }
    },
    {
      "type": "Feature",
      "geometry": {
        "type": "Point",
        "coordinates": [
          29.304347125140765,
          40.26981230380253
        ]
      },
      "properties": {
        "probability": 0.0107,
        "risk_level": "Low",
        "color": "#27ae60",
        "ndvi": "Yüksek (Nemli/Sağlıklı)",
        "slope": "%13.6 - Düşük/Düzlük",
        "distance_to_road": "Uzak (>150m)",
        "label": "Unburned Point"
      }
    },
    {
      "type": "Feature",
      "geometry": {
        "type": "Point",
        "coordinates": [
          29.28943509142438,
          40.263883422927336
        ]
      },
      "properties": {
        "probability": 0.3775,
        "risk_level": "Medium",
        "color": "#f1c40f",
        "ndvi": "Yüksek (Nemli/Sağlıklı)",
        "slope": "%12.8 - Düşük/Düzlük",
        "distance_to_road": "Uzak (>150m)",
        "label": "Unburned Point"
      }
    },
    {
      "type": "Feature",
      "geometry": {
        "type": "Point",
        "coordinates": [
          29.29132155352103,
          40.26639870572287
        ]
      },
      "properties": {
        "probability": 0.0442,
        "risk_level": "Low",
        "color": "#27ae60",
        "ndvi": "Yüksek (Nemli/Sağlıklı)",
        "slope": "%14.0 - Düşük/Düzlük",
        "distance_to_road": "Uzak (>150m)",
        "label": "Unburned Point"
      }
    },
    {
      "type": "Feature",
      "geometry": {
        "type": "Point",
        "coordinates": [
          29.289974080594853,
          40.2658597165524
        ]
      },
      "properties": {
        "probability": 0.0529,
        "risk_level": "Low",
        "color": "#27ae60",
        "ndvi": "Yüksek (Nemli/Sağlıklı)",
        "slope": "%13.3 - Düşük/Düzlük",
        "distance_to_road": "Uzak (>150m)",
        "label": "Unburned Point"
      }
    },
    {
      "type": "Feature",
      "geometry": {
        "type": "Point",
        "coordinates": [
          29.303089483743,
          40.26711735795017
        ]
      },
      "properties": {
        "probability": 0.1106,
        "risk_level": "Low",
        "color": "#27ae60",
        "ndvi": "Yüksek (Nemli/Sağlıklı)",
        "slope": "%25.6 - Yüksek Eğim",
        "distance_to_road": "Uzak (>150m)",
        "label": "Unburned Point"
      }
    },
    {
      "type": "Feature",
      "geometry": {
        "type": "Point",
        "coordinates": [
          29.304526788197588,
          40.268913988518406
        ]
      },
      "properties": {
        "probability": 0.0936,
        "risk_level": "Low",
        "color": "#27ae60",
        "ndvi": "Yüksek (Nemli/Sağlıklı)",
        "slope": "%21.3 - Yüksek Eğim",
        "distance_to_road": "Uzak (>150m)",
        "label": "Unburned Point"
      }
    },
    {
      "type": "Feature",
      "geometry": {
        "type": "Point",
        "coordinates": [
          29.268414513775983,
          40.24510863348924
        ]
      },
      "properties": {
        "probability": 0.1995,
        "risk_level": "Low",
        "color": "#27ae60",
        "ndvi": "Yüksek (Nemli/Sağlıklı)",
        "slope": "%27.0 - Yüksek Eğim",
        "distance_to_road": "Uzak (>150m)",
        "label": "Unburned Point"
      }
    },
    {
      "type": "Feature",
      "geometry": {
        "type": "Point",
        "coordinates": [
          29.270839965043105,
          40.246725601000655
        ]
      },
      "properties": {
        "probability": 0.1727,
        "risk_level": "Low",
        "color": "#27ae60",
        "ndvi": "Yüksek (Nemli/Sağlıklı)",
        "slope": "%27.9 - Yüksek Eğim",
        "distance_to_road": "Uzak (>150m)",
        "label": "Unburned Point"
      }
    },
    {
      "type": "Feature",
      "geometry": {
        "type": "Point",
        "coordinates": [
          29.301652179288407,
          40.26936314616047
        ]
      },
      "properties": {
        "probability": 0.1741,
        "risk_level": "Low",
        "color": "#27ae60",
        "ndvi": "Yüksek (Nemli/Sağlıklı)",
        "slope": "%14.8 - Düşük/Düzlük",
        "distance_to_road": "Uzak (>150m)",
        "label": "Unburned Point"
      }
    },
    {
      "type": "Feature",
      "geometry": {
        "type": "Point",
        "coordinates": [
          29.288716439197085,
          40.24573745418813
        ]
      },
      "properties": {
        "probability": 0.0175,
        "risk_level": "Low",
        "color": "#27ae60",
        "ndvi": "Yüksek (Nemli/Sağlıklı)",
        "slope": "%16.6 - Yüksek Eğim",
        "distance_to_road": "Uzak (>150m)",
        "label": "Unburned Point"
      }
    },
    {
      "type": "Feature",
      "geometry": {
        "type": "Point",
        "coordinates": [
          29.30290982068617,
          40.27026146144458
        ]
      },
      "properties": {
        "probability": 0.0038,
        "risk_level": "Low",
        "color": "#27ae60",
        "ndvi": "Yüksek (Nemli/Sağlıklı)",
        "slope": "%43.4 - Yüksek Eğim",
        "distance_to_road": "Uzak (>150m)",
        "label": "Unburned Point"
      }
    },
    {
      "type": "Feature",
      "geometry": {
        "type": "Point",
        "coordinates": [
          29.291860542691506,
          40.26639870572287
        ]
      },
      "properties": {
        "probability": 0.0558,
        "risk_level": "Low",
        "color": "#27ae60",
        "ndvi": "Yüksek (Nemli/Sağlıklı)",
        "slope": "%14.2 - Düşük/Düzlük",
        "distance_to_road": "Uzak (>150m)",
        "label": "Unburned Point"
      }
    },
    {
      "type": "Feature",
      "geometry": {
        "type": "Point",
        "coordinates": [
          29.302460663044112,
          40.26990213533094
        ]
      },
      "properties": {
        "probability": 0.0645,
        "risk_level": "Low",
        "color": "#27ae60",
        "ndvi": "Yüksek (Nemli/Sağlıklı)",
        "slope": "%27.8 - Yüksek Eğim",
        "distance_to_road": "Uzak (>150m)",
        "label": "Unburned Point"
      }
    },
    {
      "type": "Feature",
      "geometry": {
        "type": "Point",
        "coordinates": [
          29.303179315271407,
          40.26792584170588
        ]
      },
      "properties": {
        "probability": 0.0011,
        "risk_level": "Low",
        "color": "#27ae60",
        "ndvi": "Yüksek (Nemli/Sağlıklı)",
        "slope": "%13.5 - Düşük/Düzlük",
        "distance_to_road": "Uzak (>150m)",
        "label": "Unburned Point"
      }
    },
    {
      "type": "Feature",
      "geometry": {
        "type": "Point",
        "coordinates": [
          29.303808135970293,
          40.26972247227412
        ]
      },
      "properties": {
        "probability": 0.0023,
        "risk_level": "Low",
        "color": "#27ae60",
        "ndvi": "Yüksek (Nemli/Sağlıklı)",
        "slope": "%18.7 - Yüksek Eğim",
        "distance_to_road": "Uzak (>150m)",
        "label": "Unburned Point"
      }
    },
    {
      "type": "Feature",
      "geometry": {
        "type": "Point",
        "coordinates": [
          29.291141890464207,
          40.265320727381926
        ]
      },
      "properties": {
        "probability": 0.0383,
        "risk_level": "Low",
        "color": "#27ae60",
        "ndvi": "Yüksek (Nemli/Sağlıklı)",
        "slope": "%11.7 - Düşük/Düzlük",
        "distance_to_road": "Uzak (>150m)",
        "label": "Unburned Point"
      }
    },
    {
      "type": "Feature",
      "geometry": {
        "type": "Point",
        "coordinates": [
          29.29087239587897,
          40.267476684063816
        ]
      },
      "properties": {
        "probability": 0.1498,
        "risk_level": "Low",
        "color": "#27ae60",
        "ndvi": "Yüksek (Nemli/Sağlıklı)",
        "slope": "%6.6 - Düşük/Düzlük",
        "distance_to_road": "Uzak (>150m)",
        "label": "Unburned Point"
      }
    },
    {
      "type": "Feature",
      "geometry": {
        "type": "Point",
        "coordinates": [
          29.304796282782824,
          40.27214792354124
        ]
      },
      "properties": {
        "probability": 0.2638,
        "risk_level": "Low",
        "color": "#27ae60",
        "ndvi": "Yüksek (Nemli/Sağlıklı)",
        "slope": "%14.9 - Düşük/Düzlük",
        "distance_to_road": "Uzak (>150m)",
        "label": "Unburned Point"
      }
    },
    {
      "type": "Feature",
      "geometry": {
        "type": "Point",
        "coordinates": [
          29.289974080594853,
          40.26487156973987
        ]
      },
      "properties": {
        "probability": 0.2249,
        "risk_level": "Low",
        "color": "#27ae60",
        "ndvi": "Yüksek (Nemli/Sağlıklı)",
        "slope": "%15.9 - Yüksek Eğim",
        "distance_to_road": "Uzak (>150m)",
        "label": "Unburned Point"
      }
    },
    {
      "type": "Feature",
      "geometry": {
        "type": "Point",
        "coordinates": [
          29.30326914679982,
          40.26801567323429
        ]
      },
      "properties": {
        "probability": 0.0048,
        "risk_level": "Low",
        "color": "#27ae60",
        "ndvi": "Yüksek (Nemli/Sağlıklı)",
        "slope": "%18.4 - Yüksek Eğim",
        "distance_to_road": "Uzak (>150m)",
        "label": "Unburned Point"
      }
    },
    {
      "type": "Feature",
      "geometry": {
        "type": "Point",
        "coordinates": [
          29.304257293612352,
          40.267746178649055
        ]
      },
      "properties": {
        "probability": 0.0257,
        "risk_level": "Low",
        "color": "#27ae60",
        "ndvi": "Yüksek (Nemli/Sağlıklı)",
        "slope": "%20.0 - Yüksek Eğim",
        "distance_to_road": "Uzak (>150m)",
        "label": "Unburned Point"
      }
    },
    {
      "type": "Feature",
      "geometry": {
        "type": "Point",
        "coordinates": [
          29.29266902644721,
          40.26711735795017
        ]
      },
      "properties": {
        "probability": 0.252,
        "risk_level": "Low",
        "color": "#27ae60",
        "ndvi": "Yüksek (Nemli/Sağlıklı)",
        "slope": "%20.0 - Yüksek Eğim",
        "distance_to_road": "Uzak (>150m)",
        "label": "Unburned Point"
      }
    },
    {
      "type": "Feature",
      "geometry": {
        "type": "Point",
        "coordinates": [
          29.303808135970293,
          40.26972247227412
        ]
      },
      "properties": {
        "probability": 0.0023,
        "risk_level": "Low",
        "color": "#27ae60",
        "ndvi": "Yüksek (Nemli/Sağlıklı)",
        "slope": "%18.7 - Yüksek Eğim",
        "distance_to_road": "Uzak (>150m)",
        "label": "Unburned Point"
      }
    },
    {
      "type": "Feature",
      "geometry": {
        "type": "Point",
        "coordinates": [
          29.29177071116309,
          40.26882415698999
        ]
      },
      "properties": {
        "probability": 0.111,
        "risk_level": "Low",
        "color": "#27ae60",
        "ndvi": "Yüksek (Nemli/Sağlıklı)",
        "slope": "%5.2 - Düşük/Düzlük",
        "distance_to_road": "Uzak (>150m)",
        "label": "Unburned Point"
      }
    },
    {
      "type": "Feature",
      "geometry": {
        "type": "Point",
        "coordinates": [
          29.26805518766233,
          40.24510863348924
        ]
      },
      "properties": {
        "probability": 0.111,
        "risk_level": "Low",
        "color": "#27ae60",
        "ndvi": "Yüksek (Nemli/Sağlıklı)",
        "slope": "%22.1 - Yüksek Eğim",
        "distance_to_road": "Uzak (>150m)",
        "label": "Unburned Point"
      }
    },
    {
      "type": "Feature",
      "geometry": {
        "type": "Point",
        "coordinates": [
          29.289345259895967,
          40.245018801960825
        ]
      },
      "properties": {
        "probability": 0.0162,
        "risk_level": "Low",
        "color": "#27ae60",
        "ndvi": "Yüksek (Nemli/Sağlıklı)",
        "slope": "%15.9 - Yüksek Eğim",
        "distance_to_road": "Uzak (>150m)",
        "label": "Unburned Point"
      }
    },
    {
      "type": "Feature",
      "geometry": {
        "type": "Point",
        "coordinates": [
          29.290063912123266,
          40.24519846501765
        ]
      },
      "properties": {
        "probability": 0.173,
        "risk_level": "Low",
        "color": "#27ae60",
        "ndvi": "Yüksek (Nemli/Sağlıklı)",
        "slope": "%14.5 - Düşük/Düzlük",
        "distance_to_road": "Uzak (>150m)",
        "label": "Unburned Point"
      }
    },
    {
      "type": "Feature",
      "geometry": {
        "type": "Point",
        "coordinates": [
          29.26877383988963,
          40.24537812807448
        ]
      },
      "properties": {
        "probability": 0.3119,
        "risk_level": "Low",
        "color": "#27ae60",
        "ndvi": "Yüksek (Nemli/Sağlıklı)",
        "slope": "%41.5 - Yüksek Eğim",
        "distance_to_road": "Uzak (>150m)",
        "label": "Unburned Point"
      }
    },
    {
      "type": "Feature",
      "geometry": {
        "type": "Point",
        "coordinates": [
          29.267785693077094,
          40.24492897043242
        ]
      },
      "properties": {
        "probability": 0.1591,
        "risk_level": "Low",
        "color": "#27ae60",
        "ndvi": "Yüksek (Nemli/Sağlıklı)",
        "slope": "%19.5 - Yüksek Eğim",
        "distance_to_road": "Uzak (>150m)",
        "label": "Unburned Point"
      }
    },
    {
      "type": "Feature",
      "geometry": {
        "type": "Point",
        "coordinates": [
          29.2903334067085,
          40.2636139283421
        ]
      },
      "properties": {
        "probability": 0.0377,
        "risk_level": "Low",
        "color": "#27ae60",
        "ndvi": "Yüksek (Nemli/Sağlıklı)",
        "slope": "%12.0 - Düşük/Düzlük",
        "distance_to_road": "Uzak (>150m)",
        "label": "Unburned Point"
      }
    },
    {
      "type": "Feature",
      "geometry": {
        "type": "Point",
        "coordinates": [
          29.29078256435056,
          40.26496140126828
        ]
      },
      "properties": {
        "probability": 0.2766,
        "risk_level": "Low",
        "color": "#27ae60",
        "ndvi": "Yüksek (Nemli/Sağlıklı)",
        "slope": "%13.8 - Düşük/Düzlük",
        "distance_to_road": "Uzak (>150m)",
        "label": "Unburned Point"
      }
    },
    {
      "type": "Feature",
      "geometry": {
        "type": "Point",
        "coordinates": [
          29.300125043305403,
          40.26927331463205
        ]
      },
      "properties": {
        "probability": 0.0965,
        "risk_level": "Low",
        "color": "#27ae60",
        "ndvi": "Yüksek (Nemli/Sağlıklı)",
        "slope": "%13.6 - Düşük/Düzlük",
        "distance_to_road": "Uzak (>150m)",
        "label": "Unburned Point"
      }
    },
    {
      "type": "Feature",
      "geometry": {
        "type": "Point",
        "coordinates": [
          29.29221986880515,
          40.2665783687797
        ]
      },
      "properties": {
        "probability": 0.074,
        "risk_level": "Low",
        "color": "#27ae60",
        "ndvi": "Yüksek (Nemli/Sağlıklı)",
        "slope": "%15.9 - Yüksek Eğim",
        "distance_to_road": "Uzak (>150m)",
        "label": "Unburned Point"
      }
    },
    {
      "type": "Feature",
      "geometry": {
        "type": "Point",
        "coordinates": [
          29.28988424906644,
          40.24564762265971
        ]
      },
      "properties": {
        "probability": 0.053,
        "risk_level": "Low",
        "color": "#27ae60",
        "ndvi": "Yüksek (Nemli/Sağlıklı)",
        "slope": "%14.5 - Düşük/Düzlük",
        "distance_to_road": "Uzak (>150m)",
        "label": "Unburned Point"
      }
    },
    {
      "type": "Feature",
      "geometry": {
        "type": "Point",
        "coordinates": [
          29.30281998915776,
          40.26855466240476
        ]
      },
      "properties": {
        "probability": 0.0345,
        "risk_level": "Low",
        "color": "#27ae60",
        "ndvi": "Yüksek (Nemli/Sağlıklı)",
        "slope": "%15.2 - Yüksek Eğim",
        "distance_to_road": "Uzak (>150m)",
        "label": "Unburned Point"
      }
    },
    {
      "type": "Feature",
      "geometry": {
        "type": "Point",
        "coordinates": [
          29.29087239587897,
          40.26729702100699
        ]
      },
      "properties": {
        "probability": 0.0794,
        "risk_level": "Low",
        "color": "#27ae60",
        "ndvi": "Yüksek (Nemli/Sağlıklı)",
        "slope": "%11.1 - Düşük/Düzlük",
        "distance_to_road": "Uzak (>150m)",
        "label": "Unburned Point"
      }
    },
    {
      "type": "Feature",
      "geometry": {
        "type": "Point",
        "coordinates": [
          29.303538641385057,
          40.26936314616047
        ]
      },
      "properties": {
        "probability": 0.1001,
        "risk_level": "Low",
        "color": "#27ae60",
        "ndvi": "Yüksek (Nemli/Sağlıklı)",
        "slope": "%23.2 - Yüksek Eğim",
        "distance_to_road": "Uzak (>150m)",
        "label": "Unburned Point"
      }
    },
    {
      "type": "Feature",
      "geometry": {
        "type": "Point",
        "coordinates": [
          29.28898593378232,
          40.262266455415926
        ]
      },
      "properties": {
        "probability": 0.1285,
        "risk_level": "Low",
        "color": "#27ae60",
        "ndvi": "Yüksek (Nemli/Sağlıklı)",
        "slope": "%11.1 - Düşük/Düzlük",
        "distance_to_road": "Uzak (>150m)",
        "label": "Unburned Point"
      }
    },
    {
      "type": "Feature",
      "geometry": {
        "type": "Point",
        "coordinates": [
          29.30281998915776,
          40.26792584170588
        ]
      },
      "properties": {
        "probability": 0.0009,
        "risk_level": "Low",
        "color": "#27ae60",
        "ndvi": "Yüksek (Nemli/Sağlıklı)",
        "slope": "%11.5 - Düşük/Düzlük",
        "distance_to_road": "Uzak (>150m)",
        "label": "Unburned Point"
      }
    },
    {
      "type": "Feature",
      "geometry": {
        "type": "Point",
        "coordinates": [
          29.29078256435056,
          40.26568005349558
        ]
      },
      "properties": {
        "probability": 0.18,
        "risk_level": "Low",
        "color": "#27ae60",
        "ndvi": "Yüksek (Nemli/Sağlıklı)",
        "slope": "%15.2 - Yüksek Eğim",
        "distance_to_road": "Uzak (>150m)",
        "label": "Unburned Point"
      }
    },
    {
      "type": "Feature",
      "geometry": {
        "type": "Point",
        "coordinates": [
          29.268414513775983,
          40.243850992091474
        ]
      },
      "properties": {
        "probability": 0.3041,
        "risk_level": "Low",
        "color": "#27ae60",
        "ndvi": "Yüksek (Nemli/Sağlıklı)",
        "slope": "%32.5 - Yüksek Eğim",
        "distance_to_road": "Uzak (>150m)",
        "label": "Unburned Point"
      }
    },
    {
      "type": "Feature",
      "geometry": {
        "type": "Point",
        "coordinates": [
          29.303089483743,
          40.26954280921729
        ]
      },
      "properties": {
        "probability": 0.0341,
        "risk_level": "Low",
        "color": "#27ae60",
        "ndvi": "Yüksek (Nemli/Sağlıklı)",
        "slope": "%27.0 - Yüksek Eğim",
        "distance_to_road": "Uzak (>150m)",
        "label": "Unburned Point"
      }
    },
    {
      "type": "Feature",
      "geometry": {
        "type": "Point",
        "coordinates": [
          29.30326914679982,
          40.26729702100699
        ]
      },
      "properties": {
        "probability": 0.0524,
        "risk_level": "Low",
        "color": "#27ae60",
        "ndvi": "Yüksek (Nemli/Sağlıklı)",
        "slope": "%25.2 - Yüksek Eğim",
        "distance_to_road": "Uzak (>150m)",
        "label": "Unburned Point"
      }
    },
    {
      "type": "Feature",
      "geometry": {
        "type": "Point",
        "coordinates": [
          29.27092979657152,
          40.24762391628477
        ]
      },
      "properties": {
        "probability": 0.1459,
        "risk_level": "Low",
        "color": "#27ae60",
        "ndvi": "Yüksek (Nemli/Sağlıklı)",
        "slope": "%33.8 - Yüksek Eğim",
        "distance_to_road": "Uzak (>150m)",
        "label": "Unburned Point"
      }
    },
    {
      "type": "Feature",
      "geometry": {
        "type": "Point",
        "coordinates": [
          29.267516198491865,
          40.24232385610847
        ]
      },
      "properties": {
        "probability": 0.5414,
        "risk_level": "Medium",
        "color": "#f1c40f",
        "ndvi": "Yüksek (Nemli/Sağlıklı)",
        "slope": "%22.3 - Yüksek Eğim",
        "distance_to_road": "Uzak (>150m)",
        "label": "Unburned Point"
      }
    },
    {
      "type": "Feature",
      "geometry": {
        "type": "Point",
        "coordinates": [
          29.29087239587897,
          40.26550039043875
        ]
      },
      "properties": {
        "probability": 0.0501,
        "risk_level": "Low",
        "color": "#27ae60",
        "ndvi": "Yüksek (Nemli/Sağlıklı)",
        "slope": "%15.2 - Yüksek Eğim",
        "distance_to_road": "Uzak (>150m)",
        "label": "Unburned Point"
      }
    },
    {
      "type": "Feature",
      "geometry": {
        "type": "Point",
        "coordinates": [
          29.291411385049443,
          40.26792584170588
        ]
      },
      "properties": {
        "probability": 0.1703,
        "risk_level": "Low",
        "color": "#27ae60",
        "ndvi": "Yüksek (Nemli/Sağlıklı)",
        "slope": "%7.3 - Düşük/Düzlük",
        "distance_to_road": "Uzak (>150m)",
        "label": "Unburned Point"
      }
    },
    {
      "type": "Feature",
      "geometry": {
        "type": "Point",
        "coordinates": [
          29.300574200947462,
          40.26873432546159
        ]
      },
      "properties": {
        "probability": 0.0006,
        "risk_level": "Low",
        "color": "#27ae60",
        "ndvi": "Yüksek (Nemli/Sağlıklı)",
        "slope": "%16.0 - Yüksek Eğim",
        "distance_to_road": "Uzak (>150m)",
        "label": "Unburned Point"
      }
    },
    {
      "type": "Feature",
      "geometry": {
        "type": "Point",
        "coordinates": [
          29.292758857975624,
          40.26873432546159
        ]
      },
      "properties": {
        "probability": 0.123,
        "risk_level": "Low",
        "color": "#27ae60",
        "ndvi": "Yüksek (Nemli/Sağlıklı)",
        "slope": "%19.1 - Yüksek Eğim",
        "distance_to_road": "Uzak (>150m)",
        "label": "Unburned Point"
      }
    },
    {
      "type": "Feature",
      "geometry": {
        "type": "Point",
        "coordinates": [
          29.291950374219915,
          40.26630887419446
        ]
      },
      "properties": {
        "probability": 0.1032,
        "risk_level": "Low",
        "color": "#27ae60",
        "ndvi": "Yüksek (Nemli/Sağlıklı)",
        "slope": "%14.2 - Düşük/Düzlük",
        "distance_to_road": "Uzak (>150m)",
        "label": "Unburned Point"
      }
    },
    {
      "type": "Feature",
      "geometry": {
        "type": "Point",
        "coordinates": [
          29.2685043453044,
          40.24537812807448
        ]
      },
      "properties": {
        "probability": 0.1966,
        "risk_level": "Low",
        "color": "#27ae60",
        "ndvi": "Yüksek (Nemli/Sağlıklı)",
        "slope": "%30.3 - Yüksek Eğim",
        "distance_to_road": "Uzak (>150m)",
        "label": "Unburned Point"
      }
    },
    {
      "type": "Feature",
      "geometry": {
        "type": "Point",
        "coordinates": [
          29.304257293612352,
          40.26855466240476
        ]
      },
      "properties": {
        "probability": 0.2109,
        "risk_level": "Low",
        "color": "#27ae60",
        "ndvi": "Yüksek (Nemli/Sağlıklı)",
        "slope": "%23.1 - Yüksek Eğim",
        "distance_to_road": "Uzak (>150m)",
        "label": "Unburned Point"
      }
    },
    {
      "type": "Feature",
      "geometry": {
        "type": "Point",
        "coordinates": [
          29.269492492116928,
          40.24564762265971
        ]
      },
      "properties": {
        "probability": 0.1371,
        "risk_level": "Low",
        "color": "#27ae60",
        "ndvi": "Yüksek (Nemli/Sağlıklı)",
        "slope": "%36.2 - Yüksek Eğim",
        "distance_to_road": "Uzak (>150m)",
        "label": "Unburned Point"
      }
    },
    {
      "type": "Feature",
      "geometry": {
        "type": "Point",
        "coordinates": [
          29.29042323823691,
          40.26684786336493
        ]
      },
      "properties": {
        "probability": 0.1024,
        "risk_level": "Low",
        "color": "#27ae60",
        "ndvi": "Yüksek (Nemli/Sağlıklı)",
        "slope": "%12.1 - Düşük/Düzlük",
        "distance_to_road": "Uzak (>150m)",
        "label": "Unburned Point"
      }
    },
    {
      "type": "Feature",
      "geometry": {
        "type": "Point",
        "coordinates": [
          29.29221986880515,
          40.2665783687797
        ]
      },
      "properties": {
        "probability": 0.074,
        "risk_level": "Low",
        "color": "#27ae60",
        "ndvi": "Yüksek (Nemli/Sağlıklı)",
        "slope": "%15.9 - Yüksek Eğim",
        "distance_to_road": "Uzak (>150m)",
        "label": "Unburned Point"
      }
    },
    {
      "type": "Feature",
      "geometry": {
        "type": "Point",
        "coordinates": [
          29.26922299753169,
          40.24537812807448
        ]
      },
      "properties": {
        "probability": 0.1191,
        "risk_level": "Low",
        "color": "#27ae60",
        "ndvi": "Yüksek (Nemli/Sağlıklı)",
        "slope": "%43.2 - Yüksek Eğim",
        "distance_to_road": "Uzak (>150m)",
        "label": "Unburned Point"
      }
    },
    {
      "type": "Feature",
      "geometry": {
        "type": "Point",
        "coordinates": [
          29.28907576531073,
          40.26271561305799
        ]
      },
      "properties": {
        "probability": 0.1251,
        "risk_level": "Low",
        "color": "#27ae60",
        "ndvi": "Yüksek (Nemli/Sağlıklı)",
        "slope": "%13.0 - Düşük/Düzlük",
        "distance_to_road": "Uzak (>150m)",
        "label": "Unburned Point"
      }
    },
    {
      "type": "Feature",
      "geometry": {
        "type": "Point",
        "coordinates": [
          29.28898593378232,
          40.24510863348924
        ]
      },
      "properties": {
        "probability": 0.0192,
        "risk_level": "Low",
        "color": "#27ae60",
        "ndvi": "Yüksek (Nemli/Sağlıklı)",
        "slope": "%16.4 - Yüksek Eğim",
        "distance_to_road": "Uzak (>150m)",
        "label": "Unburned Point"
      }
    },
    {
      "type": "Feature",
      "geometry": {
        "type": "Point",
        "coordinates": [
          29.30264032610094,
          40.26981230380253
        ]
      },
      "properties": {
        "probability": 0.0341,
        "risk_level": "Low",
        "color": "#27ae60",
        "ndvi": "Yüksek (Nemli/Sağlıklı)",
        "slope": "%26.1 - Yüksek Eğim",
        "distance_to_road": "Uzak (>150m)",
        "label": "Unburned Point"
      }
    },
    {
      "type": "Feature",
      "geometry": {
        "type": "Point",
        "coordinates": [
          29.302550494572525,
          40.26873432546159
        ]
      },
      "properties": {
        "probability": 0.0638,
        "risk_level": "Low",
        "color": "#27ae60",
        "ndvi": "Yüksek (Nemli/Sağlıklı)",
        "slope": "%14.4 - Düşük/Düzlük",
        "distance_to_road": "Uzak (>150m)",
        "label": "Unburned Point"
      }
    },
    {
      "type": "Feature",
      "geometry": {
        "type": "Point",
        "coordinates": [
          29.29213003727674,
          40.26783601017746
        ]
      },
      "properties": {
        "probability": 0.1126,
        "risk_level": "Low",
        "color": "#27ae60",
        "ndvi": "Yüksek (Nemli/Sağlıklı)",
        "slope": "%20.5 - Yüksek Eğim",
        "distance_to_road": "Uzak (>150m)",
        "label": "Unburned Point"
      }
    },
    {
      "type": "Feature",
      "geometry": {
        "type": "Point",
        "coordinates": [
          29.304616619726,
          40.27089028214347
        ]
      },
      "properties": {
        "probability": 0.3102,
        "risk_level": "Low",
        "color": "#27ae60",
        "ndvi": "Yüksek (Nemli/Sağlıklı)",
        "slope": "%18.3 - Yüksek Eğim",
        "distance_to_road": "Uzak (>150m)",
        "label": "Unburned Point"
      }
    },
    {
      "type": "Feature",
      "geometry": {
        "type": "Point",
        "coordinates": [
          29.291950374219915,
          40.26729702100699
        ]
      },
      "properties": {
        "probability": 0.2573,
        "risk_level": "Low",
        "color": "#27ae60",
        "ndvi": "Yüksek (Nemli/Sağlıklı)",
        "slope": "%23.3 - Yüksek Eğim",
        "distance_to_road": "Uzak (>150m)",
        "label": "Unburned Point"
      }
    },
    {
      "type": "Feature",
      "geometry": {
        "type": "Point",
        "coordinates": [
          29.290962227407384,
          40.26630887419446
        ]
      },
      "properties": {
        "probability": 0.1107,
        "risk_level": "Low",
        "color": "#27ae60",
        "ndvi": "Yüksek (Nemli/Sağlıklı)",
        "slope": "%17.8 - Yüksek Eğim",
        "distance_to_road": "Uzak (>150m)",
        "label": "Unburned Point"
      }
    },
    {
      "type": "Feature",
      "geometry": {
        "type": "Point",
        "coordinates": [
          29.29087239587897,
          40.265590221967166
        ]
      },
      "properties": {
        "probability": 0.1242,
        "risk_level": "Low",
        "color": "#27ae60",
        "ndvi": "Yüksek (Nemli/Sağlıklı)",
        "slope": "%15.2 - Yüksek Eğim",
        "distance_to_road": "Uzak (>150m)",
        "label": "Unburned Point"
      }
    },
    {
      "type": "Feature",
      "geometry": {
        "type": "Point",
        "coordinates": [
          29.30264032610094,
          40.27008179838776
        ]
      },
      "properties": {
        "probability": 0.052,
        "risk_level": "Low",
        "color": "#27ae60",
        "ndvi": "Yüksek (Nemli/Sağlıklı)",
        "slope": "%38.9 - Yüksek Eğim",
        "distance_to_road": "Uzak (>150m)",
        "label": "Unburned Point"
      }
    },
    {
      "type": "Feature",
      "geometry": {
        "type": "Point",
        "coordinates": [
          29.291052058935797,
          40.26478173821146
        ]
      },
      "properties": {
        "probability": 0.2718,
        "risk_level": "Low",
        "color": "#27ae60",
        "ndvi": "Yüksek (Nemli/Sağlıklı)",
        "slope": "%17.2 - Yüksek Eğim",
        "distance_to_road": "Uzak (>150m)",
        "label": "Unburned Point"
      }
    },
    {
      "type": "Feature",
      "geometry": {
        "type": "Point",
        "coordinates": [
          29.302999652214584,
          40.26783601017746
        ]
      },
      "properties": {
        "probability": 0.0017,
        "risk_level": "Low",
        "color": "#27ae60",
        "ndvi": "Yüksek (Nemli/Sağlıklı)",
        "slope": "%19.2 - Yüksek Eğim",
        "distance_to_road": "Uzak (>150m)",
        "label": "Unburned Point"
      }
    },
    {
      "type": "Feature",
      "geometry": {
        "type": "Point",
        "coordinates": [
          29.30407763055553,
          40.26846483087635
        ]
      },
      "properties": {
        "probability": 0.1236,
        "risk_level": "Low",
        "color": "#27ae60",
        "ndvi": "Yüksek (Nemli/Sağlıklı)",
        "slope": "%20.4 - Yüksek Eğim",
        "distance_to_road": "Uzak (>150m)",
        "label": "Unburned Point"
      }
    },
    {
      "type": "Feature",
      "geometry": {
        "type": "Point",
        "coordinates": [
          29.29177071116309,
          40.26630887419446
        ]
      },
      "properties": {
        "probability": 0.241,
        "risk_level": "Low",
        "color": "#27ae60",
        "ndvi": "Yüksek (Nemli/Sağlıklı)",
        "slope": "%15.6 - Yüksek Eğim",
        "distance_to_road": "Uzak (>150m)",
        "label": "Unburned Point"
      }
    },
    {
      "type": "Feature",
      "geometry": {
        "type": "Point",
        "coordinates": [
          29.291591048106262,
          40.26765634712064
        ]
      },
      "properties": {
        "probability": 0.0769,
        "risk_level": "Low",
        "color": "#27ae60",
        "ndvi": "Yüksek (Nemli/Sağlıklı)",
        "slope": "%14.0 - Düşük/Düzlük",
        "distance_to_road": "Uzak (>150m)",
        "label": "Unburned Point"
      }
    },
    {
      "type": "Feature",
      "geometry": {
        "type": "Point",
        "coordinates": [
          29.29221986880515,
          40.26684786336493
        ]
      },
      "properties": {
        "probability": 0.3048,
        "risk_level": "Low",
        "color": "#27ae60",
        "ndvi": "Yüksek (Nemli/Sağlıklı)",
        "slope": "%19.4 - Yüksek Eğim",
        "distance_to_road": "Uzak (>150m)",
        "label": "Unburned Point"
      }
    },
    {
      "type": "Feature",
      "geometry": {
        "type": "Point",
        "coordinates": [
          29.302460663044112,
          40.26990213533094
        ]
      },
      "properties": {
        "probability": 0.0645,
        "risk_level": "Low",
        "color": "#27ae60",
        "ndvi": "Yüksek (Nemli/Sağlıklı)",
        "slope": "%27.8 - Yüksek Eğim",
        "distance_to_road": "Uzak (>150m)",
        "label": "Unburned Point"
      }
    },
    {
      "type": "Feature",
      "geometry": {
        "type": "Point",
        "coordinates": [
          29.292758857975624,
          40.26819533629112
        ]
      },
      "properties": {
        "probability": 0.038,
        "risk_level": "Low",
        "color": "#27ae60",
        "ndvi": "Yüksek (Nemli/Sağlıklı)",
        "slope": "%17.1 - Yüksek Eğim",
        "distance_to_road": "Uzak (>150m)",
        "label": "Unburned Point"
      }
    },
    {
      "type": "Feature",
      "geometry": {
        "type": "Point",
        "coordinates": [
          29.30470645125441,
          40.27062078755824
        ]
      },
      "properties": {
        "probability": 0.2769,
        "risk_level": "Low",
        "color": "#27ae60",
        "ndvi": "Yüksek (Nemli/Sağlıklı)",
        "slope": "%18.5 - Yüksek Eğim",
        "distance_to_road": "Uzak (>150m)",
        "label": "Unburned Point"
      }
    },
    {
      "type": "Feature",
      "geometry": {
        "type": "Point",
        "coordinates": [
          29.30326914679982,
          40.26756651559223
        ]
      },
      "properties": {
        "probability": 0.0029,
        "risk_level": "Low",
        "color": "#27ae60",
        "ndvi": "Yüksek (Nemli/Sağlıklı)",
        "slope": "%25.2 - Yüksek Eğim",
        "distance_to_road": "Uzak (>150m)",
        "label": "Unburned Point"
      }
    },
    {
      "type": "Feature",
      "geometry": {
        "type": "Point",
        "coordinates": [
          29.2700314812874,
          40.24726459017113
        ]
      },
      "properties": {
        "probability": 0.2187,
        "risk_level": "Low",
        "color": "#27ae60",
        "ndvi": "Yüksek (Nemli/Sağlıklı)",
        "slope": "%22.5 - Yüksek Eğim",
        "distance_to_road": "Uzak (>150m)",
        "label": "Unburned Point"
      }
    },
    {
      "type": "Feature",
      "geometry": {
        "type": "Point",
        "coordinates": [
          29.292758857975624,
          40.26729702100699
        ]
      },
      "properties": {
        "probability": 0.2648,
        "risk_level": "Low",
        "color": "#27ae60",
        "ndvi": "Yüksek (Nemli/Sağlıklı)",
        "slope": "%20.0 - Yüksek Eğim",
        "distance_to_road": "Uzak (>150m)",
        "label": "Unburned Point"
      }
    },
    {
      "type": "Feature",
      "geometry": {
        "type": "Point",
        "coordinates": [
          29.269043334474866,
          40.24546795960289
        ]
      },
      "properties": {
        "probability": 0.09,
        "risk_level": "Low",
        "color": "#27ae60",
        "ndvi": "Yüksek (Nemli/Sağlıklı)",
        "slope": "%42.4 - Yüksek Eğim",
        "distance_to_road": "Uzak (>150m)",
        "label": "Unburned Point"
      }
    },
    {
      "type": "Feature",
      "geometry": {
        "type": "Point",
        "coordinates": [
          29.292758857975624,
          40.26783601017746
        ]
      },
      "properties": {
        "probability": 0.0396,
        "risk_level": "Low",
        "color": "#27ae60",
        "ndvi": "Yüksek (Nemli/Sağlıklı)",
        "slope": "%17.1 - Yüksek Eğim",
        "distance_to_road": "Uzak (>150m)",
        "label": "Unburned Point"
      }
    },
    {
      "type": "Feature",
      "geometry": {
        "type": "Point",
        "coordinates": [
          29.289345259895967,
          40.244839138904005
        ]
      },
      "properties": {
        "probability": 0.0535,
        "risk_level": "Low",
        "color": "#27ae60",
        "ndvi": "Yüksek (Nemli/Sağlıklı)",
        "slope": "%18.3 - Yüksek Eğim",
        "distance_to_road": "Uzak (>150m)",
        "label": "Unburned Point"
      }
    },
    {
      "type": "Feature",
      "geometry": {
        "type": "Point",
        "coordinates": [
          29.291052058935797,
          40.26666820030811
        ]
      },
      "properties": {
        "probability": 0.1739,
        "risk_level": "Low",
        "color": "#27ae60",
        "ndvi": "Yüksek (Nemli/Sağlıklı)",
        "slope": "%20.7 - Yüksek Eğim",
        "distance_to_road": "Uzak (>150m)",
        "label": "Unburned Point"
      }
    },
    {
      "type": "Feature",
      "geometry": {
        "type": "Point",
        "coordinates": [
          29.29024357518009,
          40.265320727381926
        ]
      },
      "properties": {
        "probability": 0.0932,
        "risk_level": "Low",
        "color": "#27ae60",
        "ndvi": "Yüksek (Nemli/Sağlıklı)",
        "slope": "%17.2 - Yüksek Eğim",
        "distance_to_road": "Uzak (>150m)",
        "label": "Unburned Point"
      }
    },
    {
      "type": "Feature",
      "geometry": {
        "type": "Point",
        "coordinates": [
          29.26787552460551,
          40.24304250833576
        ]
      },
      "properties": {
        "probability": 0.4514,
        "risk_level": "Medium",
        "color": "#f1c40f",
        "ndvi": "Yüksek (Nemli/Sağlıklı)",
        "slope": "%16.6 - Yüksek Eğim",
        "distance_to_road": "Uzak (>150m)",
        "label": "Unburned Point"
      }
    },
    {
      "type": "Feature",
      "geometry": {
        "type": "Point",
        "coordinates": [
          29.30443695666917,
          40.27115977672871
        ]
      },
      "properties": {
        "probability": 0.2882,
        "risk_level": "Low",
        "color": "#27ae60",
        "ndvi": "Yüksek (Nemli/Sağlıklı)",
        "slope": "%25.3 - Yüksek Eğim",
        "distance_to_road": "Uzak (>150m)",
        "label": "Unburned Point"
      }
    },
    {
      "type": "Feature",
      "geometry": {
        "type": "Point",
        "coordinates": [
          29.268145019190747,
          40.24510863348924
        ]
      },
      "properties": {
        "probability": 0.111,
        "risk_level": "Low",
        "color": "#27ae60",
        "ndvi": "Yüksek (Nemli/Sağlıklı)",
        "slope": "%22.1 - Yüksek Eğim",
        "distance_to_road": "Uzak (>150m)",
        "label": "Unburned Point"
      }
    },
    {
      "type": "Feature",
      "geometry": {
        "type": "Point",
        "coordinates": [
          29.291950374219915,
          40.26630887419446
        ]
      },
      "properties": {
        "probability": 0.1032,
        "risk_level": "Low",
        "color": "#27ae60",
        "ndvi": "Yüksek (Nemli/Sağlıklı)",
        "slope": "%14.2 - Düşük/Düzlük",
        "distance_to_road": "Uzak (>150m)",
        "label": "Unburned Point"
      }
    },
    {
      "type": "Feature",
      "geometry": {
        "type": "Point",
        "coordinates": [
          29.29177071116309,
          40.26666820030811
        ]
      },
      "properties": {
        "probability": 0.2371,
        "risk_level": "Low",
        "color": "#27ae60",
        "ndvi": "Yüksek (Nemli/Sağlıklı)",
        "slope": "%19.1 - Yüksek Eğim",
        "distance_to_road": "Uzak (>150m)",
        "label": "Unburned Point"
      }
    },
    {
      "type": "Feature",
      "geometry": {
        "type": "Point",
        "coordinates": [
          29.269043334474866,
          40.24492897043242
        ]
      },
      "properties": {
        "probability": 0.2293,
        "risk_level": "Low",
        "color": "#27ae60",
        "ndvi": "Yüksek (Nemli/Sağlıklı)",
        "slope": "%37.9 - Yüksek Eğim",
        "distance_to_road": "Uzak (>150m)",
        "label": "Unburned Point"
      }
    },
    {
      "type": "Feature",
      "geometry": {
        "type": "Point",
        "coordinates": [
          29.30147251623158,
          40.26927331463205
        ]
      },
      "properties": {
        "probability": 0.6121,
        "risk_level": "Medium",
        "color": "#f1c40f",
        "ndvi": "Yüksek (Nemli/Sağlıklı)",
        "slope": "%20.1 - Yüksek Eğim",
        "distance_to_road": "Uzak (>150m)",
        "label": "Unburned Point"
      }
    },
    {
      "type": "Feature",
      "geometry": {
        "type": "Point",
        "coordinates": [
          29.26787552460551,
          40.24367132903465
        ]
      },
      "properties": {
        "probability": 0.3742,
        "risk_level": "Medium",
        "color": "#f1c40f",
        "ndvi": "Yüksek (Nemli/Sağlıklı)",
        "slope": "%27.4 - Yüksek Eğim",
        "distance_to_road": "Uzak (>150m)",
        "label": "Unburned Point"
      }
    },
    {
      "type": "Feature",
      "geometry": {
        "type": "Point",
        "coordinates": [
          29.30407763055553,
          40.26972247227412
        ]
      },
      "properties": {
        "probability": 0.0023,
        "risk_level": "Low",
        "color": "#27ae60",
        "ndvi": "Yüksek (Nemli/Sağlıklı)",
        "slope": "%18.7 - Yüksek Eğim",
        "distance_to_road": "Uzak (>150m)",
        "label": "Unburned Point"
      }
    },
    {
      "type": "Feature",
      "geometry": {
        "type": "Point",
        "coordinates": [
          29.300753864004285,
          40.268913988518406
        ]
      },
      "properties": {
        "probability": 0.0811,
        "risk_level": "Low",
        "color": "#27ae60",
        "ndvi": "Yüksek (Nemli/Sağlıklı)",
        "slope": "%15.3 - Yüksek Eğim",
        "distance_to_road": "Uzak (>150m)",
        "label": "Unburned Point"
      }
    },
    {
      "type": "Feature",
      "geometry": {
        "type": "Point",
        "coordinates": [
          29.292938521032447,
          40.2673868525354
        ]
      },
      "properties": {
        "probability": 0.357,
        "risk_level": "Medium",
        "color": "#f1c40f",
        "ndvi": "Yüksek (Nemli/Sağlıklı)",
        "slope": "%20.4 - Yüksek Eğim",
        "distance_to_road": "Uzak (>150m)",
        "label": "Unburned Point"
      }
    },
    {
      "type": "Feature",
      "geometry": {
        "type": "Point",
        "coordinates": [
          29.303897967498703,
          40.27160893437077
        ]
      },
      "properties": {
        "probability": 0.0229,
        "risk_level": "Low",
        "color": "#27ae60",
        "ndvi": "Yüksek (Nemli/Sağlıklı)",
        "slope": "%7.8 - Düşük/Düzlük",
        "distance_to_road": "Uzak (>150m)",
        "label": "Unburned Point"
      }
    },
    {
      "type": "Feature",
      "geometry": {
        "type": "Point",
        "coordinates": [
          29.302460663044112,
          40.26954280921729
        ]
      },
      "properties": {
        "probability": 0.1008,
        "risk_level": "Low",
        "color": "#27ae60",
        "ndvi": "Yüksek (Nemli/Sağlıklı)",
        "slope": "%11.1 - Düşük/Düzlük",
        "distance_to_road": "Uzak (>150m)",
        "label": "Unburned Point"
      }
    },
    {
      "type": "Feature",
      "geometry": {
        "type": "Point",
        "coordinates": [
          29.30407763055553,
          40.26828516781952
        ]
      },
      "properties": {
        "probability": 0.1398,
        "risk_level": "Low",
        "color": "#27ae60",
        "ndvi": "Yüksek (Nemli/Sağlıklı)",
        "slope": "%20.4 - Yüksek Eğim",
        "distance_to_road": "Uzak (>150m)",
        "label": "Unburned Point"
      }
    },
    {
      "type": "Feature",
      "geometry": {
        "type": "Point",
        "coordinates": [
          29.304616619726,
          40.27098011367188
        ]
      },
      "properties": {
        "probability": 0.1588,
        "risk_level": "Low",
        "color": "#27ae60",
        "ndvi": "Yüksek (Nemli/Sağlıklı)",
        "slope": "%26.0 - Yüksek Eğim",
        "distance_to_road": "Uzak (>150m)",
        "label": "Unburned Point"
      }
    },
    {
      "type": "Feature",
      "geometry": {
        "type": "Point",
        "coordinates": [
          29.26985181823057,
          40.24600694877336
        ]
      },
      "properties": {
        "probability": 0.0755,
        "risk_level": "Low",
        "color": "#27ae60",
        "ndvi": "Yüksek (Nemli/Sağlıklı)",
        "slope": "%39.7 - Yüksek Eğim",
        "distance_to_road": "Uzak (>150m)",
        "label": "Unburned Point"
      }
    },
    {
      "type": "Feature",
      "geometry": {
        "type": "Point",
        "coordinates": [
          29.26733653543504,
          40.24394082361989
        ]
      },
      "properties": {
        "probability": 0.3303,
        "risk_level": "Low",
        "color": "#27ae60",
        "ndvi": "Yüksek (Nemli/Sağlıklı)",
        "slope": "%25.1 - Yüksek Eğim",
        "distance_to_road": "Uzak (>150m)",
        "label": "Unburned Point"
      }
    },
    {
      "type": "Feature",
      "geometry": {
        "type": "Point",
        "coordinates": [
          29.289614754481203,
          40.26253595000116
        ]
      },
      "properties": {
        "probability": 0.2951,
        "risk_level": "Low",
        "color": "#27ae60",
        "ndvi": "Yüksek (Nemli/Sağlıklı)",
        "slope": "%13.1 - Düşük/Düzlük",
        "distance_to_road": "Uzak (>150m)",
        "label": "Unburned Point"
      }
    },
    {
      "type": "Feature",
      "geometry": {
        "type": "Point",
        "coordinates": [
          29.26985181823057,
          40.246725601000655
        ]
      },
      "properties": {
        "probability": 0.4251,
        "risk_level": "Medium",
        "color": "#f1c40f",
        "ndvi": "Yüksek (Nemli/Sağlıklı)",
        "slope": "%27.4 - Yüksek Eğim",
        "distance_to_road": "Uzak (>150m)",
        "label": "Unburned Point"
      }
    },
    {
      "type": "Feature",
      "geometry": {
        "type": "Point",
        "coordinates": [
          29.28898593378232,
          40.26325460222846
        ]
      },
      "properties": {
        "probability": 0.2387,
        "risk_level": "Low",
        "color": "#27ae60",
        "ndvi": "Yüksek (Nemli/Sağlıklı)",
        "slope": "%15.4 - Yüksek Eğim",
        "distance_to_road": "Uzak (>150m)",
        "label": "Unburned Point"
      }
    },
    {
      "type": "Feature",
      "geometry": {
        "type": "Point",
        "coordinates": [
          29.303448809856643,
          40.26792584170588
        ]
      },
      "properties": {
        "probability": 0.0062,
        "risk_level": "Low",
        "color": "#27ae60",
        "ndvi": "Yüksek (Nemli/Sağlıklı)",
        "slope": "%18.4 - Yüksek Eğim",
        "distance_to_road": "Uzak (>150m)",
        "label": "Unburned Point"
      }
    },
    {
      "type": "Feature",
      "geometry": {
        "type": "Point",
        "coordinates": [
          29.26877383988963,
          40.24582728571654
        ]
      },
      "properties": {
        "probability": 0.3261,
        "risk_level": "Low",
        "color": "#27ae60",
        "ndvi": "Yüksek (Nemli/Sağlıklı)",
        "slope": "%28.6 - Yüksek Eğim",
        "distance_to_road": "Uzak (>150m)",
        "label": "Unburned Point"
      }
    },
    {
      "type": "Feature",
      "geometry": {
        "type": "Point",
        "coordinates": [
          29.301652179288407,
          40.27026146144458
        ]
      },
      "properties": {
        "probability": 0.0348,
        "risk_level": "Low",
        "color": "#27ae60",
        "ndvi": "Yüksek (Nemli/Sağlıklı)",
        "slope": "%26.0 - Yüksek Eğim",
        "distance_to_road": "Uzak (>150m)",
        "label": "Unburned Point"
      }
    },
    {
      "type": "Feature",
      "geometry": {
        "type": "Point",
        "coordinates": [
          29.27092979657152,
          40.24753408475636
        ]
      },
      "properties": {
        "probability": 0.3836,
        "risk_level": "Medium",
        "color": "#f1c40f",
        "ndvi": "Yüksek (Nemli/Sağlıklı)",
        "slope": "%33.8 - Yüksek Eğim",
        "distance_to_road": "Uzak (>150m)",
        "label": "Unburned Point"
      }
    },
    {
      "type": "Feature",
      "geometry": {
        "type": "Point",
        "coordinates": [
          29.30371830444188,
          40.26801567323429
        ]
      },
      "properties": {
        "probability": 0.0058,
        "risk_level": "Low",
        "color": "#27ae60",
        "ndvi": "Yüksek (Nemli/Sağlıklı)",
        "slope": "%24.2 - Yüksek Eğim",
        "distance_to_road": "Uzak (>150m)",
        "label": "Unburned Point"
      }
    },
    {
      "type": "Feature",
      "geometry": {
        "type": "Point",
        "coordinates": [
          29.28979441753803,
          40.26478173821146
        ]
      },
      "properties": {
        "probability": 0.078,
        "risk_level": "Low",
        "color": "#27ae60",
        "ndvi": "Yüksek (Nemli/Sağlıklı)",
        "slope": "%12.5 - Düşük/Düzlük",
        "distance_to_road": "Uzak (>150m)",
        "label": "Unburned Point"
      }
    },
    {
      "type": "Feature",
      "geometry": {
        "type": "Point",
        "coordinates": [
          29.289165596839144,
          40.26505123279669
        ]
      },
      "properties": {
        "probability": 0.2642,
        "risk_level": "Low",
        "color": "#27ae60",
        "ndvi": "Yüksek (Nemli/Sağlıklı)",
        "slope": "%11.9 - Düşük/Düzlük",
        "distance_to_road": "Uzak (>150m)",
        "label": "Unburned Point"
      }
    },
    {
      "type": "Feature",
      "geometry": {
        "type": "Point",
        "coordinates": [
          29.26985181823057,
          40.24654593794383
        ]
      },
      "properties": {
        "probability": 0.4289,
        "risk_level": "Medium",
        "color": "#f1c40f",
        "ndvi": "Yüksek (Nemli/Sağlıklı)",
        "slope": "%27.4 - Yüksek Eğim",
        "distance_to_road": "Uzak (>150m)",
        "label": "Unburned Point"
      }
    },
    {
      "type": "Feature",
      "geometry": {
        "type": "Point",
        "coordinates": [
          29.27057047045787,
          40.247444253227954
        ]
      },
      "properties": {
        "probability": 0.4658,
        "risk_level": "Medium",
        "color": "#f1c40f",
        "ndvi": "Yüksek (Nemli/Sağlıklı)",
        "slope": "%30.8 - Yüksek Eğim",
        "distance_to_road": "Uzak (>150m)",
        "label": "Unburned Point"
      }
    },
    {
      "type": "Feature",
      "geometry": {
        "type": "Point",
        "coordinates": [
          29.27092979657152,
          40.24681543252907
        ]
      },
      "properties": {
        "probability": 0.1408,
        "risk_level": "Low",
        "color": "#27ae60",
        "ndvi": "Yüksek (Nemli/Sağlıklı)",
        "slope": "%29.8 - Yüksek Eğim",
        "distance_to_road": "Uzak (>150m)",
        "label": "Unburned Point"
      }
    },
    {
      "type": "Feature",
      "geometry": {
        "type": "Point",
        "coordinates": [
          29.26868400836122,
          40.244839138904005
        ]
      },
      "properties": {
        "probability": 0.255,
        "risk_level": "Low",
        "color": "#27ae60",
        "ndvi": "Yüksek (Nemli/Sağlıklı)",
        "slope": "%37.5 - Yüksek Eğim",
        "distance_to_road": "Uzak (>150m)",
        "label": "Unburned Point"
      }
    },
    {
      "type": "Feature",
      "geometry": {
        "type": "Point",
        "coordinates": [
          29.304526788197588,
          40.26909365157523
        ]
      },
      "properties": {
        "probability": 0.0654,
        "risk_level": "Low",
        "color": "#27ae60",
        "ndvi": "Yüksek (Nemli/Sağlıklı)",
        "slope": "%20.9 - Yüksek Eğim",
        "distance_to_road": "Uzak (>150m)",
        "label": "Unburned Point"
      }
    },
    {
      "type": "Feature",
      "geometry": {
        "type": "Point",
        "coordinates": [
          29.291591048106262,
          40.26550039043875
        ]
      },
      "properties": {
        "probability": 0.0189,
        "risk_level": "Low",
        "color": "#27ae60",
        "ndvi": "Yüksek (Nemli/Sağlıklı)",
        "slope": "%14.6 - Düşük/Düzlük",
        "distance_to_road": "Uzak (>150m)",
        "label": "Unburned Point"
      }
    },
    {
      "type": "Feature",
      "geometry": {
        "type": "Point",
        "coordinates": [
          29.28898593378232,
          40.24492897043242
        ]
      },
      "properties": {
        "probability": 0.0213,
        "risk_level": "Low",
        "color": "#27ae60",
        "ndvi": "Yüksek (Nemli/Sağlıklı)",
        "slope": "%16.4 - Yüksek Eğim",
        "distance_to_road": "Uzak (>150m)",
        "label": "Unburned Point"
      }
    },
    {
      "type": "Feature",
      "geometry": {
        "type": "Point",
        "coordinates": [
          29.303538641385057,
          40.271069945200296
        ]
      },
      "properties": {
        "probability": 0.0169,
        "risk_level": "Low",
        "color": "#27ae60",
        "ndvi": "Yüksek (Nemli/Sağlıklı)",
        "slope": "%3.6 - Düşük/Düzlük",
        "distance_to_road": "Uzak (>150m)",
        "label": "Unburned Point"
      }
    },
    {
      "type": "Feature",
      "geometry": {
        "type": "Point",
        "coordinates": [
          29.292938521032447,
          40.26756651559223
        ]
      },
      "properties": {
        "probability": 0.2937,
        "risk_level": "Low",
        "color": "#27ae60",
        "ndvi": "Yüksek (Nemli/Sağlıklı)",
        "slope": "%20.4 - Yüksek Eğim",
        "distance_to_road": "Uzak (>150m)",
        "label": "Unburned Point"
      }
    },
    {
      "type": "Feature",
      "geometry": {
        "type": "Point",
        "coordinates": [
          29.290513069765325,
          40.2643325805694
        ]
      },
      "properties": {
        "probability": 0.0934,
        "risk_level": "Low",
        "color": "#27ae60",
        "ndvi": "Yüksek (Nemli/Sağlıklı)",
        "slope": "%12.1 - Düşük/Düzlük",
        "distance_to_road": "Uzak (>150m)",
        "label": "Unburned Point"
      }
    },
    {
      "type": "Feature",
      "geometry": {
        "type": "Point",
        "coordinates": [
          29.267156872378216,
          40.24412048667671
        ]
      },
      "properties": {
        "probability": 0.5246,
        "risk_level": "Medium",
        "color": "#f1c40f",
        "ndvi": "Yüksek (Nemli/Sağlıklı)",
        "slope": "%22.3 - Yüksek Eğim",
        "distance_to_road": "Uzak (>150m)",
        "label": "Unburned Point"
      }
    },
    {
      "type": "Feature",
      "geometry": {
        "type": "Point",
        "coordinates": [
          29.30264032610094,
          40.267746178649055
        ]
      },
      "properties": {
        "probability": 0.0012,
        "risk_level": "Low",
        "color": "#27ae60",
        "ndvi": "Yüksek (Nemli/Sağlıklı)",
        "slope": "%22.4 - Yüksek Eğim",
        "distance_to_road": "Uzak (>150m)",
        "label": "Unburned Point"
      }
    },
    {
      "type": "Feature",
      "geometry": {
        "type": "Point",
        "coordinates": [
          29.292040205748325,
          40.26819533629112
        ]
      },
      "properties": {
        "probability": 0.1251,
        "risk_level": "Low",
        "color": "#27ae60",
        "ndvi": "Yüksek (Nemli/Sağlıklı)",
        "slope": "%16.6 - Yüksek Eğim",
        "distance_to_road": "Uzak (>150m)",
        "label": "Unburned Point"
      }
    },
    {
      "type": "Feature",
      "geometry": {
        "type": "Point",
        "coordinates": [
          29.28898593378232,
          40.24510863348924
        ]
      },
      "properties": {
        "probability": 0.0192,
        "risk_level": "Low",
        "color": "#27ae60",
        "ndvi": "Yüksek (Nemli/Sağlıklı)",
        "slope": "%16.4 - Yüksek Eğim",
        "distance_to_road": "Uzak (>150m)",
        "label": "Unburned Point"
      }
    },
    {
      "type": "Feature",
      "geometry": {
        "type": "Point",
        "coordinates": [
          29.303897967498703,
          40.267476684063816
        ]
      },
      "properties": {
        "probability": 0.0564,
        "risk_level": "Low",
        "color": "#27ae60",
        "ndvi": "Yüksek (Nemli/Sağlıklı)",
        "slope": "%29.7 - Yüksek Eğim",
        "distance_to_road": "Uzak (>150m)",
        "label": "Unburned Point"
      }
    },
    {
      "type": "Feature",
      "geometry": {
        "type": "Point",
        "coordinates": [
          29.303808135970293,
          40.269183483103646
        ]
      },
      "properties": {
        "probability": 0.0282,
        "risk_level": "Low",
        "color": "#27ae60",
        "ndvi": "Yüksek (Nemli/Sağlıklı)",
        "slope": "%15.4 - Yüksek Eğim",
        "distance_to_road": "Uzak (>150m)",
        "label": "Unburned Point"
      }
    },
    {
      "type": "Feature",
      "geometry": {
        "type": "Point",
        "coordinates": [
          29.268863671418043,
          40.24582728571654
        ]
      },
      "properties": {
        "probability": 0.2886,
        "risk_level": "Low",
        "color": "#27ae60",
        "ndvi": "Yüksek (Nemli/Sağlıklı)",
        "slope": "%28.6 - Yüksek Eğim",
        "distance_to_road": "Uzak (>150m)",
        "label": "Unburned Point"
      }
    },
    {
      "type": "Feature",
      "geometry": {
        "type": "Point",
        "coordinates": [
          29.303179315271407,
          40.27124960825712
        ]
      },
      "properties": {
        "probability": 0.0267,
        "risk_level": "Low",
        "color": "#27ae60",
        "ndvi": "Yüksek (Nemli/Sağlıklı)",
        "slope": "%24.3 - Yüksek Eğim",
        "distance_to_road": "Uzak (>150m)",
        "label": "Unburned Point"
      }
    },
    {
      "type": "Feature",
      "geometry": {
        "type": "Point",
        "coordinates": [
          29.29266902644721,
          40.26801567323429
        ]
      },
      "properties": {
        "probability": 0.0375,
        "risk_level": "Low",
        "color": "#27ae60",
        "ndvi": "Yüksek (Nemli/Sağlıklı)",
        "slope": "%15.6 - Yüksek Eğim",
        "distance_to_road": "Uzak (>150m)",
        "label": "Unburned Point"
      }
    },
    {
      "type": "Feature",
      "geometry": {
        "type": "Point",
        "coordinates": [
          29.30102335858952,
          40.26954280921729
        ]
      },
      "properties": {
        "probability": 0.47,
        "risk_level": "Medium",
        "color": "#f1c40f",
        "ndvi": "Yüksek (Nemli/Sağlıklı)",
        "slope": "%21.1 - Yüksek Eğim",
        "distance_to_road": "Uzak (>150m)",
        "label": "Unburned Point"
      }
    },
    {
      "type": "Feature",
      "geometry": {
        "type": "Point",
        "coordinates": [
          29.267606030020275,
          40.24421031820512
        ]
      },
      "properties": {
        "probability": 0.1926,
        "risk_level": "Low",
        "color": "#27ae60",
        "ndvi": "Yüksek (Nemli/Sağlıklı)",
        "slope": "%24.1 - Yüksek Eğim",
        "distance_to_road": "Uzak (>150m)",
        "label": "Unburned Point"
      }
    },
    {
      "type": "Feature",
      "geometry": {
        "type": "Point",
        "coordinates": [
          29.30326914679982,
          40.26909365157523
        ]
      },
      "properties": {
        "probability": 0.1257,
        "risk_level": "Low",
        "color": "#27ae60",
        "ndvi": "Yüksek (Nemli/Sağlıklı)",
        "slope": "%27.1 - Yüksek Eğim",
        "distance_to_road": "Uzak (>150m)",
        "label": "Unburned Point"
      }
    },
    {
      "type": "Feature",
      "geometry": {
        "type": "Point",
        "coordinates": [
          29.29132155352103,
          40.26702752642176
        ]
      },
      "properties": {
        "probability": 0.1433,
        "risk_level": "Low",
        "color": "#27ae60",
        "ndvi": "Yüksek (Nemli/Sağlıklı)",
        "slope": "%20.7 - Yüksek Eğim",
        "distance_to_road": "Uzak (>150m)",
        "label": "Unburned Point"
      }
    },
    {
      "type": "Feature",
      "geometry": {
        "type": "Point",
        "coordinates": [
          29.30416746208394,
          40.267746178649055
        ]
      },
      "properties": {
        "probability": 0.0257,
        "risk_level": "Low",
        "color": "#27ae60",
        "ndvi": "Yüksek (Nemli/Sağlıklı)",
        "slope": "%20.0 - Yüksek Eğim",
        "distance_to_road": "Uzak (>150m)",
        "label": "Unburned Point"
      }
    },
    {
      "type": "Feature",
      "geometry": {
        "type": "Point",
        "coordinates": [
          29.292758857975624,
          40.267476684063816
        ]
      },
      "properties": {
        "probability": 0.2717,
        "risk_level": "Low",
        "color": "#27ae60",
        "ndvi": "Yüksek (Nemli/Sağlıklı)",
        "slope": "%18.7 - Yüksek Eğim",
        "distance_to_road": "Uzak (>150m)",
        "label": "Unburned Point"
      }
    },
    {
      "type": "Feature",
      "geometry": {
        "type": "Point",
        "coordinates": [
          29.28988424906644,
          40.263883422927336
        ]
      },
      "properties": {
        "probability": 0.305,
        "risk_level": "Low",
        "color": "#27ae60",
        "ndvi": "Yüksek (Nemli/Sağlıklı)",
        "slope": "%11.2 - Düşük/Düzlük",
        "distance_to_road": "Uzak (>150m)",
        "label": "Unburned Point"
      }
    },
    {
      "type": "Feature",
      "geometry": {
        "type": "Point",
        "coordinates": [
          29.28907576531073,
          40.2636139283421
        ]
      },
      "properties": {
        "probability": 0.1986,
        "risk_level": "Low",
        "color": "#27ae60",
        "ndvi": "Yüksek (Nemli/Sağlıklı)",
        "slope": "%13.6 - Düşük/Düzlük",
        "distance_to_road": "Uzak (>150m)",
        "label": "Unburned Point"
      }
    },
    {
      "type": "Feature",
      "geometry": {
        "type": "Point",
        "coordinates": [
          29.269492492116928,
          40.2462764433586
        ]
      },
      "properties": {
        "probability": 0.5741,
        "risk_level": "Medium",
        "color": "#f1c40f",
        "ndvi": "Yüksek (Nemli/Sağlıklı)",
        "slope": "%27.2 - Yüksek Eğim",
        "distance_to_road": "Uzak (>150m)",
        "label": "Unburned Point"
      }
    },
    {
      "type": "Feature",
      "geometry": {
        "type": "Point",
        "coordinates": [
          29.302101336930463,
          40.269632640745705
        ]
      },
      "properties": {
        "probability": 0.04,
        "risk_level": "Low",
        "color": "#27ae60",
        "ndvi": "Yüksek (Nemli/Sağlıklı)",
        "slope": "%15.6 - Yüksek Eğim",
        "distance_to_road": "Uzak (>150m)",
        "label": "Unburned Point"
      }
    },
    {
      "type": "Feature",
      "geometry": {
        "type": "Point",
        "coordinates": [
          29.28907576531073,
          40.26190712930227
        ]
      },
      "properties": {
        "probability": 0.1204,
        "risk_level": "Low",
        "color": "#27ae60",
        "ndvi": "Yüksek (Nemli/Sağlıklı)",
        "slope": "%14.2 - Düşük/Düzlük",
        "distance_to_road": "Uzak (>150m)",
        "label": "Unburned Point"
      }
    },
    {
      "type": "Feature",
      "geometry": {
        "type": "Point",
        "coordinates": [
          29.2685043453044,
          40.24367132903465
        ]
      },
      "properties": {
        "probability": 0.6283,
        "risk_level": "Medium",
        "color": "#f1c40f",
        "ndvi": "Yüksek (Nemli/Sağlıklı)",
        "slope": "%22.9 - Yüksek Eğim",
        "distance_to_road": "Uzak (>150m)",
        "label": "Unburned Point"
      }
    },
    {
      "type": "Feature",
      "geometry": {
        "type": "Point",
        "coordinates": [
          29.29311818408927,
          40.26756651559223
        ]
      },
      "properties": {
        "probability": 0.5125,
        "risk_level": "Medium",
        "color": "#f1c40f",
        "ndvi": "Yüksek (Nemli/Sağlıklı)",
        "slope": "%20.4 - Yüksek Eğim",
        "distance_to_road": "Uzak (>150m)",
        "label": "Unburned Point"
      }
    },
    {
      "type": "Feature",
      "geometry": {
        "type": "Point",
        "coordinates": [
          29.29042323823691,
          40.26621904266605
        ]
      },
      "properties": {
        "probability": 0.0808,
        "risk_level": "Low",
        "color": "#27ae60",
        "ndvi": "Yüksek (Nemli/Sağlıklı)",
        "slope": "%14.0 - Düşük/Düzlük",
        "distance_to_road": "Uzak (>150m)",
        "label": "Unburned Point"
      }
    },
    {
      "type": "Feature",
      "geometry": {
        "type": "Point",
        "coordinates": [
          29.30326914679982,
          40.2681055047627
        ]
      },
      "properties": {
        "probability": 0.002,
        "risk_level": "Low",
        "color": "#27ae60",
        "ndvi": "Yüksek (Nemli/Sağlıklı)",
        "slope": "%18.4 - Yüksek Eğim",
        "distance_to_road": "Uzak (>150m)",
        "label": "Unburned Point"
      }
    },
    {
      "type": "Feature",
      "geometry": {
        "type": "Point",
        "coordinates": [
          29.270660301986283,
          40.24699509558589
        ]
      },
      "properties": {
        "probability": 0.1266,
        "risk_level": "Low",
        "color": "#27ae60",
        "ndvi": "Yüksek (Nemli/Sağlıklı)",
        "slope": "%32.5 - Yüksek Eğim",
        "distance_to_road": "Uzak (>150m)",
        "label": "Unburned Point"
      }
    },
    {
      "type": "Feature",
      "geometry": {
        "type": "Point",
        "coordinates": [
          29.301562347759997,
          40.26882415698999
        ]
      },
      "properties": {
        "probability": 0.1941,
        "risk_level": "Low",
        "color": "#27ae60",
        "ndvi": "Yüksek (Nemli/Sağlıklı)",
        "slope": "%18.8 - Yüksek Eğim",
        "distance_to_road": "Uzak (>150m)",
        "label": "Unburned Point"
      }
    },
    {
      "type": "Feature",
      "geometry": {
        "type": "Point",
        "coordinates": [
          29.28988424906644,
          40.24528829654607
        ]
      },
      "properties": {
        "probability": 0.0261,
        "risk_level": "Low",
        "color": "#27ae60",
        "ndvi": "Yüksek (Nemli/Sağlıklı)",
        "slope": "%14.5 - Düşük/Düzlük",
        "distance_to_road": "Uzak (>150m)",
        "label": "Unburned Point"
      }
    },
    {
      "type": "Feature",
      "geometry": {
        "type": "Point",
        "coordinates": [
          29.28979441753803,
          40.26343426528528
        ]
      },
      "properties": {
        "probability": 0.3019,
        "risk_level": "Low",
        "color": "#27ae60",
        "ndvi": "Yüksek (Nemli/Sağlıklı)",
        "slope": "%15.4 - Yüksek Eğim",
        "distance_to_road": "Uzak (>150m)",
        "label": "Unburned Point"
      }
    },
    {
      "type": "Feature",
      "geometry": {
        "type": "Point",
        "coordinates": [
          29.30371830444188,
          40.26783601017746
        ]
      },
      "properties": {
        "probability": 0.0182,
        "risk_level": "Low",
        "color": "#27ae60",
        "ndvi": "Yüksek (Nemli/Sağlıklı)",
        "slope": "%28.0 - Yüksek Eğim",
        "distance_to_road": "Uzak (>150m)",
        "label": "Unburned Point"
      }
    },
    {
      "type": "Feature",
      "geometry": {
        "type": "Point",
        "coordinates": [
          29.267516198491865,
          40.24421031820512
        ]
      },
      "properties": {
        "probability": 0.1926,
        "risk_level": "Low",
        "color": "#27ae60",
        "ndvi": "Yüksek (Nemli/Sağlıklı)",
        "slope": "%24.1 - Yüksek Eğim",
        "distance_to_road": "Uzak (>150m)",
        "label": "Unburned Point"
      }
    },
    {
      "type": "Feature",
      "geometry": {
        "type": "Point",
        "coordinates": [
          29.28979441753803,
          40.24528829654607
        ]
      },
      "properties": {
        "probability": 0.1558,
        "risk_level": "Low",
        "color": "#27ae60",
        "ndvi": "Yüksek (Nemli/Sağlıklı)",
        "slope": "%16.3 - Yüksek Eğim",
        "distance_to_road": "Uzak (>150m)",
        "label": "Unburned Point"
      }
    },
    {
      "type": "Feature",
      "geometry": {
        "type": "Point",
        "coordinates": [
          29.267516198491865,
          40.24232385610847
        ]
      },
      "properties": {
        "probability": 0.5414,
        "risk_level": "Medium",
        "color": "#f1c40f",
        "ndvi": "Yüksek (Nemli/Sağlıklı)",
        "slope": "%22.3 - Yüksek Eğim",
        "distance_to_road": "Uzak (>150m)",
        "label": "Unburned Point"
      }
    },
    {
      "type": "Feature",
      "geometry": {
        "type": "Point",
        "coordinates": [
          29.290692732822148,
          40.245018801960825
        ]
      },
      "properties": {
        "probability": 0.092,
        "risk_level": "Low",
        "color": "#27ae60",
        "ndvi": "Yüksek (Nemli/Sağlıklı)",
        "slope": "%13.1 - Düşük/Düzlük",
        "distance_to_road": "Uzak (>150m)",
        "label": "Unburned Point"
      }
    },
    {
      "type": "Feature",
      "geometry": {
        "type": "Point",
        "coordinates": [
          29.30219116845888,
          40.2681055047627
        ]
      },
      "properties": {
        "probability": 0.0067,
        "risk_level": "Low",
        "color": "#27ae60",
        "ndvi": "Yüksek (Nemli/Sağlıklı)",
        "slope": "%21.8 - Yüksek Eğim",
        "distance_to_road": "Uzak (>150m)",
        "label": "Unburned Point"
      }
    },
    {
      "type": "Feature",
      "geometry": {
        "type": "Point",
        "coordinates": [
          29.30228099998729,
          40.26990213533094
        ]
      },
      "properties": {
        "probability": 0.0899,
        "risk_level": "Low",
        "color": "#27ae60",
        "ndvi": "Yüksek (Nemli/Sağlıklı)",
        "slope": "%22.2 - Yüksek Eğim",
        "distance_to_road": "Uzak (>150m)",
        "label": "Unburned Point"
      }
    },
    {
      "type": "Feature",
      "geometry": {
        "type": "Point",
        "coordinates": [
          29.292938521032447,
          40.26846483087635
        ]
      },
      "properties": {
        "probability": 0.0988,
        "risk_level": "Low",
        "color": "#27ae60",
        "ndvi": "Yüksek (Nemli/Sağlıklı)",
        "slope": "%13.3 - Düşük/Düzlük",
        "distance_to_road": "Uzak (>150m)",
        "label": "Unburned Point"
      }
    },
    {
      "type": "Feature",
      "geometry": {
        "type": "Point",
        "coordinates": [
          29.267965356133924,
          40.24349166597783
        ]
      },
      "properties": {
        "probability": 0.3368,
        "risk_level": "Low",
        "color": "#27ae60",
        "ndvi": "Yüksek (Nemli/Sağlıklı)",
        "slope": "%29.8 - Yüksek Eğim",
        "distance_to_road": "Uzak (>150m)",
        "label": "Unburned Point"
      }
    },
    {
      "type": "Feature",
      "geometry": {
        "type": "Point",
        "coordinates": [
          29.30398779902712,
          40.27169876589918
        ]
      },
      "properties": {
        "probability": 0.0262,
        "risk_level": "Low",
        "color": "#27ae60",
        "ndvi": "Yüksek (Nemli/Sağlıklı)",
        "slope": "%7.8 - Düşük/Düzlük",
        "distance_to_road": "Uzak (>150m)",
        "label": "Unburned Point"
      }
    },
    {
      "type": "Feature",
      "geometry": {
        "type": "Point",
        "coordinates": [
          29.302370831515702,
          40.267746178649055
        ]
      },
      "properties": {
        "probability": 0.001,
        "risk_level": "Low",
        "color": "#27ae60",
        "ndvi": "Yüksek (Nemli/Sağlıklı)",
        "slope": "%25.5 - Yüksek Eğim",
        "distance_to_road": "Uzak (>150m)",
        "label": "Unburned Point"
      }
    },
    {
      "type": "Feature",
      "geometry": {
        "type": "Point",
        "coordinates": [
          29.29042323823691,
          40.24519846501765
        ]
      },
      "properties": {
        "probability": 0.2139,
        "risk_level": "Low",
        "color": "#27ae60",
        "ndvi": "Yüksek (Nemli/Sağlıklı)",
        "slope": "%15.9 - Yüksek Eğim",
        "distance_to_road": "Uzak (>150m)",
        "label": "Unburned Point"
      }
    },
    {
      "type": "Feature",
      "geometry": {
        "type": "Point",
        "coordinates": [
          29.291860542691506,
          40.2681055047627
        ]
      },
      "properties": {
        "probability": 0.0822,
        "risk_level": "Low",
        "color": "#27ae60",
        "ndvi": "Yüksek (Nemli/Sağlıklı)",
        "slope": "%17.7 - Yüksek Eğim",
        "distance_to_road": "Uzak (>150m)",
        "label": "Unburned Point"
      }
    },
    {
      "type": "Feature",
      "geometry": {
        "type": "Point",
        "coordinates": [
          29.29213003727674,
          40.26765634712064
        ]
      },
      "properties": {
        "probability": 0.1754,
        "risk_level": "Low",
        "color": "#27ae60",
        "ndvi": "Yüksek (Nemli/Sağlıklı)",
        "slope": "%20.5 - Yüksek Eğim",
        "distance_to_road": "Uzak (>150m)",
        "label": "Unburned Point"
      }
    },
    {
      "type": "Feature",
      "geometry": {
        "type": "Point",
        "coordinates": [
          29.30362847291347,
          40.27008179838776
        ]
      },
      "properties": {
        "probability": 0.0023,
        "risk_level": "Low",
        "color": "#27ae60",
        "ndvi": "Yüksek (Nemli/Sağlıklı)",
        "slope": "%21.2 - Yüksek Eğim",
        "distance_to_road": "Uzak (>150m)",
        "label": "Unburned Point"
      }
    },
    {
      "type": "Feature",
      "geometry": {
        "type": "Point",
        "coordinates": [
          29.29239953186197,
          40.26846483087635
        ]
      },
      "properties": {
        "probability": 0.0866,
        "risk_level": "Low",
        "color": "#27ae60",
        "ndvi": "Yüksek (Nemli/Sağlıklı)",
        "slope": "%17.1 - Yüksek Eğim",
        "distance_to_road": "Uzak (>150m)",
        "label": "Unburned Point"
      }
    },
    {
      "type": "Feature",
      "geometry": {
        "type": "Point",
        "coordinates": [
          29.30371830444188,
          40.27133943978553
        ]
      },
      "properties": {
        "probability": 0.0274,
        "risk_level": "Low",
        "color": "#27ae60",
        "ndvi": "Yüksek (Nemli/Sağlıklı)",
        "slope": "%14.9 - Düşük/Düzlük",
        "distance_to_road": "Uzak (>150m)",
        "label": "Unburned Point"
      }
    },
    {
      "type": "Feature",
      "geometry": {
        "type": "Point",
        "coordinates": [
          29.303179315271407,
          40.268374999347934
        ]
      },
      "properties": {
        "probability": 0.0201,
        "risk_level": "Low",
        "color": "#27ae60",
        "ndvi": "Yüksek (Nemli/Sağlıklı)",
        "slope": "%11.7 - Düşük/Düzlük",
        "distance_to_road": "Uzak (>150m)",
        "label": "Unburned Point"
      }
    },
    {
      "type": "Feature",
      "geometry": {
        "type": "Point",
        "coordinates": [
          29.303358978328237,
          40.26990213533094
        ]
      },
      "properties": {
        "probability": 0.0035,
        "risk_level": "Low",
        "color": "#27ae60",
        "ndvi": "Yüksek (Nemli/Sağlıklı)",
        "slope": "%32.3 - Yüksek Eğim",
        "distance_to_road": "Uzak (>150m)",
        "label": "Unburned Point"
      }
    },
    {
      "type": "Feature",
      "geometry": {
        "type": "Point",
        "coordinates": [
          29.290513069765325,
          40.244839138904005
        ]
      },
      "properties": {
        "probability": 0.0372,
        "risk_level": "Low",
        "color": "#27ae60",
        "ndvi": "Yüksek (Nemli/Sağlıklı)",
        "slope": "%13.7 - Düşük/Düzlük",
        "distance_to_road": "Uzak (>150m)",
        "label": "Unburned Point"
      }
    },
    {
      "type": "Feature",
      "geometry": {
        "type": "Point",
        "coordinates": [
          29.2903334067085,
          40.26496140126828
        ]
      },
      "properties": {
        "probability": 0.1536,
        "risk_level": "Low",
        "color": "#27ae60",
        "ndvi": "Yüksek (Nemli/Sağlıklı)",
        "slope": "%17.2 - Yüksek Eğim",
        "distance_to_road": "Uzak (>150m)",
        "label": "Unburned Point"
      }
    },
    {
      "type": "Feature",
      "geometry": {
        "type": "Point",
        "coordinates": [
          29.288357113083435,
          40.244569644318766
        ]
      },
      "properties": {
        "probability": 0.0325,
        "risk_level": "Low",
        "color": "#27ae60",
        "ndvi": "Yüksek (Nemli/Sağlıklı)",
        "slope": "%11.1 - Düşük/Düzlük",
        "distance_to_road": "Uzak (>150m)",
        "label": "Unburned Point"
      }
    },
    {
      "type": "Feature",
      "geometry": {
        "type": "Point",
        "coordinates": [
          29.268414513775983,
          40.24465947584718
        ]
      },
      "properties": {
        "probability": 0.1323,
        "risk_level": "Low",
        "color": "#27ae60",
        "ndvi": "Yüksek (Nemli/Sağlıklı)",
        "slope": "%31.3 - Yüksek Eğim",
        "distance_to_road": "Uzak (>150m)",
        "label": "Unburned Point"
      }
    },
    {
      "type": "Feature",
      "geometry": {
        "type": "Point",
        "coordinates": [
          29.302550494572525,
          40.26882415698999
        ]
      },
      "properties": {
        "probability": 0.2673,
        "risk_level": "Low",
        "color": "#27ae60",
        "ndvi": "Yüksek (Nemli/Sağlıklı)",
        "slope": "%16.9 - Yüksek Eğim",
        "distance_to_road": "Uzak (>150m)",
        "label": "Unburned Point"
      }
    },
    {
      "type": "Feature",
      "geometry": {
        "type": "Point",
        "coordinates": [
          29.26868400836122,
          40.24510863348924
        ]
      },
      "properties": {
        "probability": 0.2833,
        "risk_level": "Low",
        "color": "#27ae60",
        "ndvi": "Yüksek (Nemli/Sağlıklı)",
        "slope": "%36.5 - Yüksek Eğim",
        "distance_to_road": "Uzak (>150m)",
        "label": "Unburned Point"
      }
    },
    {
      "type": "Feature",
      "geometry": {
        "type": "Point",
        "coordinates": [
          29.30407763055553,
          40.27017162991618
        ]
      },
      "properties": {
        "probability": 0.064,
        "risk_level": "Low",
        "color": "#27ae60",
        "ndvi": "Yüksek (Nemli/Sağlıklı)",
        "slope": "%6.6 - Düşük/Düzlük",
        "distance_to_road": "Uzak (>150m)",
        "label": "Unburned Point"
      }
    },
    {
      "type": "Feature",
      "geometry": {
        "type": "Point",
        "coordinates": [
          29.303179315271407,
          40.26954280921729
        ]
      },
      "properties": {
        "probability": 0.0496,
        "risk_level": "Low",
        "color": "#27ae60",
        "ndvi": "Yüksek (Nemli/Sağlıklı)",
        "slope": "%27.0 - Yüksek Eğim",
        "distance_to_road": "Uzak (>150m)",
        "label": "Unburned Point"
      }
    },
    {
      "type": "Feature",
      "geometry": {
        "type": "Point",
        "coordinates": [
          29.290063912123266,
          40.24474930737559
        ]
      },
      "properties": {
        "probability": 0.0125,
        "risk_level": "Low",
        "color": "#27ae60",
        "ndvi": "Yüksek (Nemli/Sağlıklı)",
        "slope": "%14.5 - Düşük/Düzlük",
        "distance_to_road": "Uzak (>150m)",
        "label": "Unburned Point"
      }
    },
    {
      "type": "Feature",
      "geometry": {
        "type": "Point",
        "coordinates": [
          29.28943509142438,
          40.24537812807448
        ]
      },
      "properties": {
        "probability": 0.023,
        "risk_level": "Low",
        "color": "#27ae60",
        "ndvi": "Yüksek (Nemli/Sağlıklı)",
        "slope": "%15.9 - Yüksek Eğim",
        "distance_to_road": "Uzak (>150m)",
        "label": "Unburned Point"
      }
    },
    {
      "type": "Feature",
      "geometry": {
        "type": "Point",
        "coordinates": [
          29.302370831515702,
          40.27017162991618
        ]
      },
      "properties": {
        "probability": 0.0131,
        "risk_level": "Low",
        "color": "#27ae60",
        "ndvi": "Yüksek (Nemli/Sağlıklı)",
        "slope": "%37.7 - Yüksek Eğim",
        "distance_to_road": "Uzak (>150m)",
        "label": "Unburned Point"
      }
    },
    {
      "type": "Feature",
      "geometry": {
        "type": "Point",
        "coordinates": [
          29.290063912123266,
          40.265590221967166
        ]
      },
      "properties": {
        "probability": 0.1101,
        "risk_level": "Low",
        "color": "#27ae60",
        "ndvi": "Yüksek (Nemli/Sağlıklı)",
        "slope": "%13.3 - Düşük/Düzlük",
        "distance_to_road": "Uzak (>150m)",
        "label": "Unburned Point"
      }
    },
    {
      "type": "Feature",
      "geometry": {
        "type": "Point",
        "coordinates": [
          29.28898593378232,
          40.26271561305799
        ]
      },
      "properties": {
        "probability": 0.1923,
        "risk_level": "Low",
        "color": "#27ae60",
        "ndvi": "Yüksek (Nemli/Sağlıklı)",
        "slope": "%17.7 - Yüksek Eğim",
        "distance_to_road": "Uzak (>150m)",
        "label": "Unburned Point"
      }
    },
    {
      "type": "Feature",
      "geometry": {
        "type": "Point",
        "coordinates": [
          29.29132155352103,
          40.26666820030811
        ]
      },
      "properties": {
        "probability": 0.0833,
        "risk_level": "Low",
        "color": "#27ae60",
        "ndvi": "Yüksek (Nemli/Sağlıklı)",
        "slope": "%17.4 - Yüksek Eğim",
        "distance_to_road": "Uzak (>150m)",
        "label": "Unburned Point"
      }
    },
    {
      "type": "Feature",
      "geometry": {
        "type": "Point",
        "coordinates": [
          29.304347125140765,
          40.270800450615056
        ]
      },
      "properties": {
        "probability": 0.0898,
        "risk_level": "Low",
        "color": "#27ae60",
        "ndvi": "Yüksek (Nemli/Sağlıklı)",
        "slope": "%18.9 - Yüksek Eğim",
        "distance_to_road": "Uzak (>150m)",
        "label": "Unburned Point"
      }
    },
    {
      "type": "Feature",
      "geometry": {
        "type": "Point",
        "coordinates": [
          29.28880627072549,
          40.26334443375686
        ]
      },
      "properties": {
        "probability": 0.2737,
        "risk_level": "Low",
        "color": "#27ae60",
        "ndvi": "Yüksek (Nemli/Sağlıklı)",
        "slope": "%15.4 - Yüksek Eğim",
        "distance_to_road": "Uzak (>150m)",
        "label": "Unburned Point"
      }
    },
    {
      "type": "Feature",
      "geometry": {
        "type": "Point",
        "coordinates": [
          29.26868400836122,
          40.24447981279036
        ]
      },
      "properties": {
        "probability": 0.2958,
        "risk_level": "Low",
        "color": "#27ae60",
        "ndvi": "Yüksek (Nemli/Sağlıklı)",
        "slope": "%39.1 - Yüksek Eğim",
        "distance_to_road": "Uzak (>150m)",
        "label": "Unburned Point"
      }
    },
    {
      "type": "Feature",
      "geometry": {
        "type": "Point",
        "coordinates": [
          29.30147251623158,
          40.26900382004682
        ]
      },
      "properties": {
        "probability": 0.2397,
        "risk_level": "Low",
        "color": "#27ae60",
        "ndvi": "Yüksek (Nemli/Sağlıklı)",
        "slope": "%16.6 - Yüksek Eğim",
        "distance_to_road": "Uzak (>150m)",
        "label": "Unburned Point"
      }
    },
    {
      "type": "Feature",
      "geometry": {
        "type": "Point",
        "coordinates": [
          29.290063912123266,
          40.24582728571654
        ]
      },
      "properties": {
        "probability": 0.0404,
        "risk_level": "Low",
        "color": "#27ae60",
        "ndvi": "Yüksek (Nemli/Sağlıklı)",
        "slope": "%14.9 - Düşük/Düzlük",
        "distance_to_road": "Uzak (>150m)",
        "label": "Unburned Point"
      }
    },
    {
      "type": "Feature",
      "geometry": {
        "type": "Point",
        "coordinates": [
          29.28907576531073,
          40.26442241209781
        ]
      },
      "properties": {
        "probability": 0.329,
        "risk_level": "Low",
        "color": "#27ae60",
        "ndvi": "Yüksek (Nemli/Sağlıklı)",
        "slope": "%10.7 - Düşük/Düzlük",
        "distance_to_road": "Uzak (>150m)",
        "label": "Unburned Point"
      }
    },
    {
      "type": "Feature",
      "geometry": {
        "type": "Point",
        "coordinates": [
          29.28925542836756,
          40.26235628694433
        ]
      },
      "properties": {
        "probability": 0.1117,
        "risk_level": "Low",
        "color": "#27ae60",
        "ndvi": "Yüksek (Nemli/Sağlıklı)",
        "slope": "%11.7 - Düşük/Düzlük",
        "distance_to_road": "Uzak (>150m)",
        "label": "Unburned Point"
      }
    },
    {
      "type": "Feature",
      "geometry": {
        "type": "Point",
        "coordinates": [
          29.28880627072549,
          40.26451224362622
        ]
      },
      "properties": {
        "probability": 0.1217,
        "risk_level": "Low",
        "color": "#27ae60",
        "ndvi": "Yüksek (Nemli/Sağlıklı)",
        "slope": "%12.8 - Düşük/Düzlük",
        "distance_to_road": "Uzak (>150m)",
        "label": "Unburned Point"
      }
    },
    {
      "type": "Feature",
      "geometry": {
        "type": "Point",
        "coordinates": [
          29.292040205748325,
          40.26927331463205
        ]
      },
      "properties": {
        "probability": 0.0946,
        "risk_level": "Low",
        "color": "#27ae60",
        "ndvi": "Yüksek (Nemli/Sağlıklı)",
        "slope": "%10.0 - Düşük/Düzlük",
        "distance_to_road": "Uzak (>150m)",
        "label": "Unburned Point"
      }
    },
    {
      "type": "Feature",
      "geometry": {
        "type": "Point",
        "coordinates": [
          29.291052058935797,
          40.26783601017746
        ]
      },
      "properties": {
        "probability": 0.152,
        "risk_level": "Low",
        "color": "#27ae60",
        "ndvi": "Yüksek (Nemli/Sağlıklı)",
        "slope": "%5.9 - Düşük/Düzlük",
        "distance_to_road": "Uzak (>150m)",
        "label": "Unburned Point"
      }
    },
    {
      "type": "Feature",
      "geometry": {
        "type": "Point",
        "coordinates": [
          29.267516198491865,
          40.24403065514829
        ]
      },
      "properties": {
        "probability": 0.1653,
        "risk_level": "Low",
        "color": "#27ae60",
        "ndvi": "Yüksek (Nemli/Sağlıklı)",
        "slope": "%24.1 - Yüksek Eğim",
        "distance_to_road": "Uzak (>150m)",
        "label": "Unburned Point"
      }
    },
    {
      "type": "Feature",
      "geometry": {
        "type": "Point",
        "coordinates": [
          29.26877383988963,
          40.244839138904005
        ]
      },
      "properties": {
        "probability": 0.0808,
        "risk_level": "Low",
        "color": "#27ae60",
        "ndvi": "Yüksek (Nemli/Sağlıklı)",
        "slope": "%37.7 - Yüksek Eğim",
        "distance_to_road": "Uzak (>150m)",
        "label": "Unburned Point"
      }
    },
    {
      "type": "Feature",
      "geometry": {
        "type": "Point",
        "coordinates": [
          29.28907576531073,
          40.26469190668305
        ]
      },
      "properties": {
        "probability": 0.2296,
        "risk_level": "Low",
        "color": "#27ae60",
        "ndvi": "Yüksek (Nemli/Sağlıklı)",
        "slope": "%10.7 - Düşük/Düzlük",
        "distance_to_road": "Uzak (>150m)",
        "label": "Unburned Point"
      }
    },
    {
      "type": "Feature",
      "geometry": {
        "type": "Point",
        "coordinates": [
          29.289614754481203,
          40.26307493917163
        ]
      },
      "properties": {
        "probability": 0.3527,
        "risk_level": "Medium",
        "color": "#f1c40f",
        "ndvi": "Yüksek (Nemli/Sağlıklı)",
        "slope": "%11.1 - Düşük/Düzlük",
        "distance_to_road": "Uzak (>150m)",
        "label": "Unburned Point"
      }
    },
    {
      "type": "Feature",
      "geometry": {
        "type": "Point",
        "coordinates": [
          29.267516198491865,
          40.243312002921
        ]
      },
      "properties": {
        "probability": 0.3366,
        "risk_level": "Low",
        "color": "#27ae60",
        "ndvi": "Yüksek (Nemli/Sağlıklı)",
        "slope": "%23.7 - Yüksek Eğim",
        "distance_to_road": "Uzak (>150m)",
        "label": "Unburned Point"
      }
    },
    {
      "type": "Feature",
      "geometry": {
        "type": "Point",
        "coordinates": [
          29.30407763055553,
          40.27160893437077
        ]
      },
      "properties": {
        "probability": 0.0807,
        "risk_level": "Low",
        "color": "#27ae60",
        "ndvi": "Yüksek (Nemli/Sağlıklı)",
        "slope": "%14.4 - Düşük/Düzlük",
        "distance_to_road": "Uzak (>150m)",
        "label": "Unburned Point"
      }
    },
    {
      "type": "Feature",
      "geometry": {
        "type": "Point",
        "coordinates": [
          29.28988424906644,
          40.24519846501765
        ]
      },
      "properties": {
        "probability": 0.0298,
        "risk_level": "Low",
        "color": "#27ae60",
        "ndvi": "Yüksek (Nemli/Sağlıklı)",
        "slope": "%14.5 - Düşük/Düzlük",
        "distance_to_road": "Uzak (>150m)",
        "label": "Unburned Point"
      }
    },
    {
      "type": "Feature",
      "geometry": {
        "type": "Point",
        "coordinates": [
          29.303448809856643,
          40.26882415698999
        ]
      },
      "properties": {
        "probability": 0.1472,
        "risk_level": "Low",
        "color": "#27ae60",
        "ndvi": "Yüksek (Nemli/Sağlıklı)",
        "slope": "%19.3 - Yüksek Eğim",
        "distance_to_road": "Uzak (>150m)",
        "label": "Unburned Point"
      }
    },
    {
      "type": "Feature",
      "geometry": {
        "type": "Point",
        "coordinates": [
          29.288357113083435,
          40.24573745418813
        ]
      },
      "properties": {
        "probability": 0.0278,
        "risk_level": "Low",
        "color": "#27ae60",
        "ndvi": "Yüksek (Nemli/Sağlıklı)",
        "slope": "%18.6 - Yüksek Eğim",
        "distance_to_road": "Uzak (>150m)",
        "label": "Unburned Point"
      }
    },
    {
      "type": "Feature",
      "geometry": {
        "type": "Point",
        "coordinates": [
          29.26985181823057,
          40.2462764433586
        ]
      },
      "properties": {
        "probability": 0.0835,
        "risk_level": "Low",
        "color": "#27ae60",
        "ndvi": "Yüksek (Nemli/Sağlıklı)",
        "slope": "%34.2 - Yüksek Eğim",
        "distance_to_road": "Uzak (>150m)",
        "label": "Unburned Point"
      }
    },
    {
      "type": "Feature",
      "geometry": {
        "type": "Point",
        "coordinates": [
          29.30192167387364,
          40.26828516781952
        ]
      },
      "properties": {
        "probability": 0.001,
        "risk_level": "Low",
        "color": "#27ae60",
        "ndvi": "Yüksek (Nemli/Sağlıklı)",
        "slope": "%16.6 - Yüksek Eğim",
        "distance_to_road": "Uzak (>150m)",
        "label": "Unburned Point"
      }
    },
    {
      "type": "Feature",
      "geometry": {
        "type": "Point",
        "coordinates": [
          29.29311818408927,
          40.26828516781952
        ]
      },
      "properties": {
        "probability": 0.1246,
        "risk_level": "Low",
        "color": "#27ae60",
        "ndvi": "Yüksek (Nemli/Sağlıklı)",
        "slope": "%13.3 - Düşük/Düzlük",
        "distance_to_road": "Uzak (>150m)",
        "label": "Unburned Point"
      }
    },
    {
      "type": "Feature",
      "geometry": {
        "type": "Point",
        "coordinates": [
          29.289345259895967,
          40.2628952761148
        ]
      },
      "properties": {
        "probability": 0.1896,
        "risk_level": "Low",
        "color": "#27ae60",
        "ndvi": "Yüksek (Nemli/Sağlıklı)",
        "slope": "%7.3 - Düşük/Düzlük",
        "distance_to_road": "Uzak (>150m)",
        "label": "Unburned Point"
      }
    },
    {
      "type": "Feature",
      "geometry": {
        "type": "Point",
        "coordinates": [
          29.302999652214584,
          40.26846483087635
        ]
      },
      "properties": {
        "probability": 0.0646,
        "risk_level": "Low",
        "color": "#27ae60",
        "ndvi": "Yüksek (Nemli/Sağlıklı)",
        "slope": "%11.7 - Düşük/Düzlük",
        "distance_to_road": "Uzak (>150m)",
        "label": "Unburned Point"
      }
    },
    {
      "type": "Feature",
      "geometry": {
        "type": "Point",
        "coordinates": [
          29.3008436955327,
          40.269632640745705
        ]
      },
      "properties": {
        "probability": 0.0916,
        "risk_level": "Low",
        "color": "#27ae60",
        "ndvi": "Yüksek (Nemli/Sağlıklı)",
        "slope": "%15.2 - Yüksek Eğim",
        "distance_to_road": "Uzak (>150m)",
        "label": "Unburned Point"
      }
    },
    {
      "type": "Feature",
      "geometry": {
        "type": "Point",
        "coordinates": [
          29.303089483743,
          40.27053095602982
        ]
      },
      "properties": {
        "probability": 0.0056,
        "risk_level": "Low",
        "color": "#27ae60",
        "ndvi": "Yüksek (Nemli/Sağlıklı)",
        "slope": "%23.0 - Yüksek Eğim",
        "distance_to_road": "Uzak (>150m)",
        "label": "Unburned Point"
      }
    },
    {
      "type": "Feature",
      "geometry": {
        "type": "Point",
        "coordinates": [
          29.303179315271407,
          40.2681055047627
        ]
      },
      "properties": {
        "probability": 0.0042,
        "risk_level": "Low",
        "color": "#27ae60",
        "ndvi": "Yüksek (Nemli/Sağlıklı)",
        "slope": "%13.5 - Düşük/Düzlük",
        "distance_to_road": "Uzak (>150m)",
        "label": "Unburned Point"
      }
    },
    {
      "type": "Feature",
      "geometry": {
        "type": "Point",
        "coordinates": [
          29.268414513775983,
          40.24412048667671
        ]
      },
      "properties": {
        "probability": 0.1094,
        "risk_level": "Low",
        "color": "#27ae60",
        "ndvi": "Yüksek (Nemli/Sağlıklı)",
        "slope": "%36.0 - Yüksek Eğim",
        "distance_to_road": "Uzak (>150m)",
        "label": "Unburned Point"
      }
    },
    {
      "type": "Feature",
      "geometry": {
        "type": "Point",
        "coordinates": [
          29.290153743651675,
          40.24465947584718
        ]
      },
      "properties": {
        "probability": 0.0127,
        "risk_level": "Low",
        "color": "#27ae60",
        "ndvi": "Yüksek (Nemli/Sağlıklı)",
        "slope": "%14.6 - Düşük/Düzlük",
        "distance_to_road": "Uzak (>150m)",
        "label": "Unburned Point"
      }
    },
    {
      "type": "Feature",
      "geometry": {
        "type": "Point",
        "coordinates": [
          29.27048063892946,
          40.24645610641542
        ]
      },
      "properties": {
        "probability": 0.1627,
        "risk_level": "Low",
        "color": "#27ae60",
        "ndvi": "Yüksek (Nemli/Sağlıklı)",
        "slope": "%27.9 - Yüksek Eğim",
        "distance_to_road": "Uzak (>150m)",
        "label": "Unburned Point"
      }
    },
    {
      "type": "Feature",
      "geometry": {
        "type": "Point",
        "coordinates": [
          29.292489363390388,
          40.26819533629112
        ]
      },
      "properties": {
        "probability": 0.0408,
        "risk_level": "Low",
        "color": "#27ae60",
        "ndvi": "Yüksek (Nemli/Sağlıklı)",
        "slope": "%17.1 - Yüksek Eğim",
        "distance_to_road": "Uzak (>150m)",
        "label": "Unburned Point"
      }
    },
    {
      "type": "Feature",
      "geometry": {
        "type": "Point",
        "coordinates": [
          29.29060290129373,
          40.24492897043242
        ]
      },
      "properties": {
        "probability": 0.0939,
        "risk_level": "Low",
        "color": "#27ae60",
        "ndvi": "Yüksek (Nemli/Sağlıklı)",
        "slope": "%13.1 - Düşük/Düzlük",
        "distance_to_road": "Uzak (>150m)",
        "label": "Unburned Point"
      }
    },
    {
      "type": "Feature",
      "geometry": {
        "type": "Point",
        "coordinates": [
          29.301742010816817,
          40.26945297768888
        ]
      },
      "properties": {
        "probability": 0.1436,
        "risk_level": "Low",
        "color": "#27ae60",
        "ndvi": "Yüksek (Nemli/Sağlıklı)",
        "slope": "%14.8 - Düşük/Düzlük",
        "distance_to_road": "Uzak (>150m)",
        "label": "Unburned Point"
      }
    },
    {
      "type": "Feature",
      "geometry": {
        "type": "Point",
        "coordinates": [
          29.289614754481203,
          40.26576988502399
        ]
      },
      "properties": {
        "probability": 0.0586,
        "risk_level": "Low",
        "color": "#27ae60",
        "ndvi": "Yüksek (Nemli/Sağlıklı)",
        "slope": "%15.9 - Yüksek Eğim",
        "distance_to_road": "Uzak (>150m)",
        "label": "Unburned Point"
      }
    },
    {
      "type": "Feature",
      "geometry": {
        "type": "Point",
        "coordinates": [
          29.304886114311238,
          40.272237755069646
        ]
      },
      "properties": {
        "probability": 0.2232,
        "risk_level": "Low",
        "color": "#27ae60",
        "ndvi": "Yüksek (Nemli/Sağlıklı)",
        "slope": "%25.9 - Yüksek Eğim",
        "distance_to_road": "Uzak (>150m)",
        "label": "Unburned Point"
      }
    },
    {
      "type": "Feature",
      "geometry": {
        "type": "Point",
        "coordinates": [
          29.292040205748325,
          40.26765634712064
        ]
      },
      "properties": {
        "probability": 0.1852,
        "risk_level": "Low",
        "color": "#27ae60",
        "ndvi": "Yüksek (Nemli/Sağlıklı)",
        "slope": "%18.4 - Yüksek Eğim",
        "distance_to_road": "Uzak (>150m)",
        "label": "Unburned Point"
      }
    },
    {
      "type": "Feature",
      "geometry": {
        "type": "Point",
        "coordinates": [
          29.291141890464207,
          40.26711735795017
        ]
      },
      "properties": {
        "probability": 0.0666,
        "risk_level": "Low",
        "color": "#27ae60",
        "ndvi": "Yüksek (Nemli/Sağlıklı)",
        "slope": "%13.8 - Düşük/Düzlük",
        "distance_to_road": "Uzak (>150m)",
        "label": "Unburned Point"
      }
    },
    {
      "type": "Feature",
      "geometry": {
        "type": "Point",
        "coordinates": [
          29.28988424906644,
          40.24447981279036
        ]
      },
      "properties": {
        "probability": 0.0296,
        "risk_level": "Low",
        "color": "#27ae60",
        "ndvi": "Yüksek (Nemli/Sağlıklı)",
        "slope": "%12.6 - Düşük/Düzlük",
        "distance_to_road": "Uzak (>150m)",
        "label": "Unburned Point"
      }
    },
    {
      "type": "Feature",
      "geometry": {
        "type": "Point",
        "coordinates": [
          29.291141890464207,
          40.26478173821146
        ]
      },
      "properties": {
        "probability": 0.1075,
        "risk_level": "Low",
        "color": "#27ae60",
        "ndvi": "Yüksek (Nemli/Sağlıklı)",
        "slope": "%17.2 - Yüksek Eğim",
        "distance_to_road": "Uzak (>150m)",
        "label": "Unburned Point"
      }
    },
    {
      "type": "Feature",
      "geometry": {
        "type": "Point",
        "coordinates": [
          29.300933527061108,
          40.26909365157523
        ]
      },
      "properties": {
        "probability": 0.3993,
        "risk_level": "Medium",
        "color": "#f1c40f",
        "ndvi": "Yüksek (Nemli/Sağlıklı)",
        "slope": "%20.7 - Yüksek Eğim",
        "distance_to_road": "Uzak (>150m)",
        "label": "Unburned Point"
      }
    },
    {
      "type": "Feature",
      "geometry": {
        "type": "Point",
        "coordinates": [
          29.26832468224757,
          40.24465947584718
        ]
      },
      "properties": {
        "probability": 0.2836,
        "risk_level": "Low",
        "color": "#27ae60",
        "ndvi": "Yüksek (Nemli/Sağlıklı)",
        "slope": "%31.3 - Yüksek Eğim",
        "distance_to_road": "Uzak (>150m)",
        "label": "Unburned Point"
      }
    },
    {
      "type": "Feature",
      "geometry": {
        "type": "Point",
        "coordinates": [
          29.303089483743,
          40.26828516781952
        ]
      },
      "properties": {
        "probability": 0.0041,
        "risk_level": "Low",
        "color": "#27ae60",
        "ndvi": "Yüksek (Nemli/Sağlıklı)",
        "slope": "%11.7 - Düşük/Düzlük",
        "distance_to_road": "Uzak (>150m)",
        "label": "Unburned Point"
      }
    },
    {
      "type": "Feature",
      "geometry": {
        "type": "Point",
        "coordinates": [
          29.290153743651675,
          40.24519846501765
        ]
      },
      "properties": {
        "probability": 0.1314,
        "risk_level": "Low",
        "color": "#27ae60",
        "ndvi": "Yüksek (Nemli/Sağlıklı)",
        "slope": "%13.5 - Düşük/Düzlük",
        "distance_to_road": "Uzak (>150m)",
        "label": "Unburned Point"
      }
    },
    {
      "type": "Feature",
      "geometry": {
        "type": "Point",
        "coordinates": [
          29.26832468224757,
          40.24447981279036
        ]
      },
      "properties": {
        "probability": 0.2355,
        "risk_level": "Low",
        "color": "#27ae60",
        "ndvi": "Yüksek (Nemli/Sağlıklı)",
        "slope": "%36.6 - Yüksek Eğim",
        "distance_to_road": "Uzak (>150m)",
        "label": "Unburned Point"
      }
    },
    {
      "type": "Feature",
      "geometry": {
        "type": "Point",
        "coordinates": [
          29.28907576531073,
          40.2636139283421
        ]
      },
      "properties": {
        "probability": 0.1986,
        "risk_level": "Low",
        "color": "#27ae60",
        "ndvi": "Yüksek (Nemli/Sağlıklı)",
        "slope": "%13.6 - Düşük/Düzlük",
        "distance_to_road": "Uzak (>150m)",
        "label": "Unburned Point"
      }
    },
    {
      "type": "Feature",
      "geometry": {
        "type": "Point",
        "coordinates": [
          29.26976198670216,
          40.24573745418813
        ]
      },
      "properties": {
        "probability": 0.1494,
        "risk_level": "Low",
        "color": "#27ae60",
        "ndvi": "Yüksek (Nemli/Sağlıklı)",
        "slope": "%33.2 - Yüksek Eğim",
        "distance_to_road": "Uzak (>150m)",
        "label": "Unburned Point"
      }
    },
    {
      "type": "Feature",
      "geometry": {
        "type": "Point",
        "coordinates": [
          29.268594176832806,
          40.24376116056306
        ]
      },
      "properties": {
        "probability": 0.4097,
        "risk_level": "Medium",
        "color": "#f1c40f",
        "ndvi": "Yüksek (Nemli/Sağlıklı)",
        "slope": "%28.1 - Yüksek Eğim",
        "distance_to_road": "Uzak (>150m)",
        "label": "Unburned Point"
      }
    },
    {
      "type": "Feature",
      "geometry": {
        "type": "Point",
        "coordinates": [
          29.290962227407384,
          40.267746178649055
        ]
      },
      "properties": {
        "probability": 0.1915,
        "risk_level": "Low",
        "color": "#27ae60",
        "ndvi": "Yüksek (Nemli/Sağlıklı)",
        "slope": "%3.9 - Düşük/Düzlük",
        "distance_to_road": "Uzak (>150m)",
        "label": "Unburned Point"
      }
    },
    {
      "type": "Feature",
      "geometry": {
        "type": "Point",
        "coordinates": [
          29.291501216577856,
          40.26621904266605
        ]
      },
      "properties": {
        "probability": 0.1473,
        "risk_level": "Low",
        "color": "#27ae60",
        "ndvi": "Yüksek (Nemli/Sağlıklı)",
        "slope": "%14.0 - Düşük/Düzlük",
        "distance_to_road": "Uzak (>150m)",
        "label": "Unburned Point"
      }
    },
    {
      "type": "Feature",
      "geometry": {
        "type": "Point",
        "coordinates": [
          29.28988424906644,
          40.26352409681369
        ]
      },
      "properties": {
        "probability": 0.0437,
        "risk_level": "Low",
        "color": "#27ae60",
        "ndvi": "Yüksek (Nemli/Sağlıklı)",
        "slope": "%14.4 - Düşük/Düzlük",
        "distance_to_road": "Uzak (>150m)",
        "label": "Unburned Point"
      }
    },
    {
      "type": "Feature",
      "geometry": {
        "type": "Point",
        "coordinates": [
          29.288896102253908,
          40.24528829654607
        ]
      },
      "properties": {
        "probability": 0.0122,
        "risk_level": "Low",
        "color": "#27ae60",
        "ndvi": "Yüksek (Nemli/Sağlıklı)",
        "slope": "%14.1 - Düşük/Düzlük",
        "distance_to_road": "Uzak (>150m)",
        "label": "Unburned Point"
      }
    },
    {
      "type": "Feature",
      "geometry": {
        "type": "Point",
        "coordinates": [
          29.290513069765325,
          40.26711735795017
        ]
      },
      "properties": {
        "probability": 0.1319,
        "risk_level": "Low",
        "color": "#27ae60",
        "ndvi": "Yüksek (Nemli/Sağlıklı)",
        "slope": "%7.1 - Düşük/Düzlük",
        "distance_to_road": "Uzak (>150m)",
        "label": "Unburned Point"
      }
    },
    {
      "type": "Feature",
      "geometry": {
        "type": "Point",
        "coordinates": [
          29.291591048106262,
          40.26630887419446
        ]
      },
      "properties": {
        "probability": 0.1538,
        "risk_level": "Low",
        "color": "#27ae60",
        "ndvi": "Yüksek (Nemli/Sağlıklı)",
        "slope": "%15.6 - Yüksek Eğim",
        "distance_to_road": "Uzak (>150m)",
        "label": "Unburned Point"
      }
    },
    {
      "type": "Feature",
      "geometry": {
        "type": "Point",
        "coordinates": [
          29.30326914679982,
          40.26801567323429
        ]
      },
      "properties": {
        "probability": 0.0048,
        "risk_level": "Low",
        "color": "#27ae60",
        "ndvi": "Yüksek (Nemli/Sağlıklı)",
        "slope": "%18.4 - Yüksek Eğim",
        "distance_to_road": "Uzak (>150m)",
        "label": "Unburned Point"
      }
    },
    {
      "type": "Feature",
      "geometry": {
        "type": "Point",
        "coordinates": [
          29.302370831515702,
          40.26765634712064
        ]
      },
      "properties": {
        "probability": 0.001,
        "risk_level": "Low",
        "color": "#27ae60",
        "ndvi": "Yüksek (Nemli/Sağlıklı)",
        "slope": "%25.5 - Yüksek Eğim",
        "distance_to_road": "Uzak (>150m)",
        "label": "Unburned Point"
      }
    },
    {
      "type": "Feature",
      "geometry": {
        "type": "Point",
        "coordinates": [
          29.30371830444188,
          40.26729702100699
        ]
      },
      "properties": {
        "probability": 0.052,
        "risk_level": "Low",
        "color": "#27ae60",
        "ndvi": "Yüksek (Nemli/Sağlıklı)",
        "slope": "%29.2 - Yüksek Eğim",
        "distance_to_road": "Uzak (>150m)",
        "label": "Unburned Point"
      }
    },
    {
      "type": "Feature",
      "geometry": {
        "type": "Point",
        "coordinates": [
          29.30192167387364,
          40.268374999347934
        ]
      },
      "properties": {
        "probability": 0.001,
        "risk_level": "Low",
        "color": "#27ae60",
        "ndvi": "Yüksek (Nemli/Sağlıklı)",
        "slope": "%16.6 - Yüksek Eğim",
        "distance_to_road": "Uzak (>150m)",
        "label": "Unburned Point"
      }
    },
    {
      "type": "Feature",
      "geometry": {
        "type": "Point",
        "coordinates": [
          29.28943509142438,
          40.24591711724495
        ]
      },
      "properties": {
        "probability": 0.0144,
        "risk_level": "Low",
        "color": "#27ae60",
        "ndvi": "Yüksek (Nemli/Sağlıklı)",
        "slope": "%15.1 - Yüksek Eğim",
        "distance_to_road": "Uzak (>150m)",
        "label": "Unburned Point"
      }
    },
    {
      "type": "Feature",
      "geometry": {
        "type": "Point",
        "coordinates": [
          29.29024357518009,
          40.24546795960289
        ]
      },
      "properties": {
        "probability": 0.063,
        "risk_level": "Low",
        "color": "#27ae60",
        "ndvi": "Yüksek (Nemli/Sağlıklı)",
        "slope": "%16.9 - Yüksek Eğim",
        "distance_to_road": "Uzak (>150m)",
        "label": "Unburned Point"
      }
    },
    {
      "type": "Feature",
      "geometry": {
        "type": "Point",
        "coordinates": [
          29.304347125140765,
          40.27017162991618
        ]
      },
      "properties": {
        "probability": 0.1095,
        "risk_level": "Low",
        "color": "#27ae60",
        "ndvi": "Yüksek (Nemli/Sağlıklı)",
        "slope": "%14.8 - Düşük/Düzlük",
        "distance_to_road": "Uzak (>150m)",
        "label": "Unburned Point"
      }
    },
    {
      "type": "Feature",
      "geometry": {
        "type": "Point",
        "coordinates": [
          29.304526788197588,
          40.26999196685935
        ]
      },
      "properties": {
        "probability": 0.0826,
        "risk_level": "Low",
        "color": "#27ae60",
        "ndvi": "Yüksek (Nemli/Sağlıklı)",
        "slope": "%6.1 - Düşük/Düzlük",
        "distance_to_road": "Uzak (>150m)",
        "label": "Unburned Point"
      }
    },
    {
      "type": "Feature",
      "geometry": {
        "type": "Point",
        "coordinates": [
          29.290513069765325,
          40.26684786336493
        ]
      },
      "properties": {
        "probability": 0.1,
        "risk_level": "Low",
        "color": "#27ae60",
        "ndvi": "Yüksek (Nemli/Sağlıklı)",
        "slope": "%12.1 - Düşük/Düzlük",
        "distance_to_road": "Uzak (>150m)",
        "label": "Unburned Point"
      }
    },
    {
      "type": "Feature",
      "geometry": {
        "type": "Point",
        "coordinates": [
          29.290513069765325,
          40.26406308598416
        ]
      },
      "properties": {
        "probability": 0.1656,
        "risk_level": "Low",
        "color": "#27ae60",
        "ndvi": "Yüksek (Nemli/Sağlıklı)",
        "slope": "%12.1 - Düşük/Düzlük",
        "distance_to_road": "Uzak (>150m)",
        "label": "Unburned Point"
      }
    },
    {
      "type": "Feature",
      "geometry": {
        "type": "Point",
        "coordinates": [
          29.304257293612352,
          40.26828516781952
        ]
      },
      "properties": {
        "probability": 0.1325,
        "risk_level": "Low",
        "color": "#27ae60",
        "ndvi": "Yüksek (Nemli/Sağlıklı)",
        "slope": "%20.4 - Yüksek Eğim",
        "distance_to_road": "Uzak (>150m)",
        "label": "Unburned Point"
      }
    },
    {
      "type": "Feature",
      "geometry": {
        "type": "Point",
        "coordinates": [
          29.29230970033356,
          40.26819533629112
        ]
      },
      "properties": {
        "probability": 0.0475,
        "risk_level": "Low",
        "color": "#27ae60",
        "ndvi": "Yüksek (Nemli/Sağlıklı)",
        "slope": "%16.6 - Yüksek Eğim",
        "distance_to_road": "Uzak (>150m)",
        "label": "Unburned Point"
      }
    },
    {
      "type": "Feature",
      "geometry": {
        "type": "Point",
        "coordinates": [
          29.28925542836756,
          40.24510863348924
        ]
      },
      "properties": {
        "probability": 0.0164,
        "risk_level": "Low",
        "color": "#27ae60",
        "ndvi": "Yüksek (Nemli/Sağlıklı)",
        "slope": "%14.6 - Düşük/Düzlük",
        "distance_to_road": "Uzak (>150m)",
        "label": "Unburned Point"
      }
    },
    {
      "type": "Feature",
      "geometry": {
        "type": "Point",
        "coordinates": [
          29.28979441753803,
          40.24519846501765
        ]
      },
      "properties": {
        "probability": 0.0407,
        "risk_level": "Low",
        "color": "#27ae60",
        "ndvi": "Yüksek (Nemli/Sağlıklı)",
        "slope": "%16.3 - Yüksek Eğim",
        "distance_to_road": "Uzak (>150m)",
        "label": "Unburned Point"
      }
    },
    {
      "type": "Feature",
      "geometry": {
        "type": "Point",
        "coordinates": [
          29.27075013351469,
          40.24726459017113
        ]
      },
      "properties": {
        "probability": 0.295,
        "risk_level": "Low",
        "color": "#27ae60",
        "ndvi": "Yüksek (Nemli/Sağlıklı)",
        "slope": "%30.9 - Yüksek Eğim",
        "distance_to_road": "Uzak (>150m)",
        "label": "Unburned Point"
      }
    },
    {
      "type": "Feature",
      "geometry": {
        "type": "Point",
        "coordinates": [
          29.289524922952797,
          40.26307493917163
        ]
      },
      "properties": {
        "probability": 0.1489,
        "risk_level": "Low",
        "color": "#27ae60",
        "ndvi": "Yüksek (Nemli/Sağlıklı)",
        "slope": "%11.7 - Düşük/Düzlük",
        "distance_to_road": "Uzak (>150m)",
        "label": "Unburned Point"
      }
    },
    {
      "type": "Feature",
      "geometry": {
        "type": "Point",
        "coordinates": [
          29.30264032610094,
          40.2681055047627
        ]
      },
      "properties": {
        "probability": 0.004,
        "risk_level": "Low",
        "color": "#27ae60",
        "ndvi": "Yüksek (Nemli/Sağlıklı)",
        "slope": "%11.5 - Düşük/Düzlük",
        "distance_to_road": "Uzak (>150m)",
        "label": "Unburned Point"
      }
    },
    {
      "type": "Feature",
      "geometry": {
        "type": "Point",
        "coordinates": [
          29.26823485071916,
          40.24322217139259
        ]
      },
      "properties": {
        "probability": 0.5953,
        "risk_level": "Medium",
        "color": "#f1c40f",
        "ndvi": "Yüksek (Nemli/Sağlıklı)",
        "slope": "%24.2 - Yüksek Eğim",
        "distance_to_road": "Uzak (>150m)",
        "label": "Unburned Point"
      }
    },
    {
      "type": "Feature",
      "geometry": {
        "type": "Point",
        "coordinates": [
          29.304347125140765,
          40.270800450615056
        ]
      },
      "properties": {
        "probability": 0.0898,
        "risk_level": "Low",
        "color": "#27ae60",
        "ndvi": "Yüksek (Nemli/Sağlıklı)",
        "slope": "%18.9 - Yüksek Eğim",
        "distance_to_road": "Uzak (>150m)",
        "label": "Unburned Point"
      }
    },
    {
      "type": "Feature",
      "geometry": {
        "type": "Point",
        "coordinates": [
          29.291591048106262,
          40.2665783687797
        ]
      },
      "properties": {
        "probability": 0.2043,
        "risk_level": "Low",
        "color": "#27ae60",
        "ndvi": "Yüksek (Nemli/Sağlıklı)",
        "slope": "%19.1 - Yüksek Eğim",
        "distance_to_road": "Uzak (>150m)",
        "label": "Unburned Point"
      }
    },
    {
      "type": "Feature",
      "geometry": {
        "type": "Point",
        "coordinates": [
          29.303808135970293,
          40.2673868525354
        ]
      },
      "properties": {
        "probability": 0.0475,
        "risk_level": "Low",
        "color": "#27ae60",
        "ndvi": "Yüksek (Nemli/Sağlıklı)",
        "slope": "%29.7 - Yüksek Eğim",
        "distance_to_road": "Uzak (>150m)",
        "label": "Unburned Point"
      }
    },
    {
      "type": "Feature",
      "geometry": {
        "type": "Point",
        "coordinates": [
          29.29168087963468,
          40.26801567323429
        ]
      },
      "properties": {
        "probability": 0.1736,
        "risk_level": "Low",
        "color": "#27ae60",
        "ndvi": "Yüksek (Nemli/Sağlıklı)",
        "slope": "%14.3 - Düşük/Düzlük",
        "distance_to_road": "Uzak (>150m)",
        "label": "Unburned Point"
      }
    },
    {
      "type": "Feature",
      "geometry": {
        "type": "Point",
        "coordinates": [
          29.30290982068617,
          40.268913988518406
        ]
      },
      "properties": {
        "probability": 0.1205,
        "risk_level": "Low",
        "color": "#27ae60",
        "ndvi": "Yüksek (Nemli/Sağlıklı)",
        "slope": "%20.1 - Yüksek Eğim",
        "distance_to_road": "Uzak (>150m)",
        "label": "Unburned Point"
      }
    },
    {
      "type": "Feature",
      "geometry": {
        "type": "Point",
        "coordinates": [
          29.30416746208394,
          40.2681055047627
        ]
      },
      "properties": {
        "probability": 0.0568,
        "risk_level": "Low",
        "color": "#27ae60",
        "ndvi": "Yüksek (Nemli/Sağlıklı)",
        "slope": "%16.5 - Yüksek Eğim",
        "distance_to_road": "Uzak (>150m)",
        "label": "Unburned Point"
      }
    },
    {
      "type": "Feature",
      "geometry": {
        "type": "Point",
        "coordinates": [
          29.290063912123266,
          40.264152917512575
        ]
      },
      "properties": {
        "probability": 0.0601,
        "risk_level": "Low",
        "color": "#27ae60",
        "ndvi": "Yüksek (Nemli/Sağlıklı)",
        "slope": "%10.2 - Düşük/Düzlük",
        "distance_to_road": "Uzak (>150m)",
        "label": "Unburned Point"
      }
    },
    {
      "type": "Feature",
      "geometry": {
        "type": "Point",
        "coordinates": [
          29.267606030020275,
          40.244389981261946
        ]
      },
      "properties": {
        "probability": 0.2893,
        "risk_level": "Low",
        "color": "#27ae60",
        "ndvi": "Yüksek (Nemli/Sağlıklı)",
        "slope": "%19.8 - Yüksek Eğim",
        "distance_to_road": "Uzak (>150m)",
        "label": "Unburned Point"
      }
    },
    {
      "type": "Feature",
      "geometry": {
        "type": "Point",
        "coordinates": [
          29.302460663044112,
          40.269183483103646
        ]
      },
      "properties": {
        "probability": 0.1245,
        "risk_level": "Low",
        "color": "#27ae60",
        "ndvi": "Yüksek (Nemli/Sağlıklı)",
        "slope": "%17.2 - Yüksek Eğim",
        "distance_to_road": "Uzak (>150m)",
        "label": "Unburned Point"
      }
    },
    {
      "type": "Feature",
      "geometry": {
        "type": "Point",
        "coordinates": [
          29.2903334067085,
          40.244569644318766
        ]
      },
      "properties": {
        "probability": 0.0126,
        "risk_level": "Low",
        "color": "#27ae60",
        "ndvi": "Yüksek (Nemli/Sağlıklı)",
        "slope": "%10.1 - Düşük/Düzlük",
        "distance_to_road": "Uzak (>150m)",
        "label": "Unburned Point"
      }
    },
    {
      "type": "Feature",
      "geometry": {
        "type": "Point",
        "coordinates": [
          29.304347125140765,
          40.267746178649055
        ]
      },
      "properties": {
        "probability": 0.0605,
        "risk_level": "Low",
        "color": "#27ae60",
        "ndvi": "Yüksek (Nemli/Sağlıklı)",
        "slope": "%8.2 - Düşük/Düzlük",
        "distance_to_road": "Uzak (>150m)",
        "label": "Unburned Point"
      }
    }
  ]
}