system:index,aspect,dNBR,dNDMI,dNDVI,elevation,label,landcover,postNBR,postNDMI,postNDVI,postNIR,preNBR,preNDMI,preNDVI,preNIR,slope,.geo,longitude,latitude,susceptibility,risk_class
1_0_0,131.26862,0.8659381,0.5282979,0.56615037,497,1,10,-0.4236501,-0.36462557,0.12974203,744.5,0.44228804,0.16367233,0.6958924,1765.0,29.443417,"{""geodesic"":false,""type"":""Point"",""coordinates"":[29.24856174599694,40.262895276114804]}",29.24856174599694,40.262895276114804,0.8279685337232927,Very High
1_1_0,244.49937,1.0616755,0.71349096,0.6159711,317,1,10,-0.5170501,-0.46279493,0.15715402,740.0,0.5446255,0.25069603,0.7731251,2583.0,20.606472,"{""geodesic"":false,""type"":""Point"",""coordinates"":[29.252873659360716,40.25445111244408]}",29.252873659360716,40.25445111244408,0.8923572629416617,Very High
1_2_0,194.68573,0.9168583,0.58307797,0.6030014,410,1,10,-0.4412002,-0.38043284,0.12212504,866.0,0.47565812,0.20264511,0.7251265,2046.0,22.70257,"{""geodesic"":false,""type"":""Point"",""coordinates"":[29.240476908439867,40.25921218344992]}",29.240476908439867,40.25921218344992,0.9538470240295203,Very High
1_3_0,151.11131,0.8857333,0.55315155,0.6545458,514,1,10,-0.38671806,-0.3243243,0.08527132,875.0,0.4990152,0.22882724,0.73981714,2093.0,19.355412,"{""geodesic"":false,""type"":""Point"",""coordinates"":[29.24757359918441,40.262446118472745]}",29.24757359918441,40.262446118472745,0.7550762837294391,Very High
1_4_0,134.64159,0.7411404,0.4451778,0.4095183,426,1,10,-0.33112296,-0.27192846,0.102661595,1160.0,0.41001746,0.17324933,0.5121799,2421.0,26.877056,"{""geodesic"":false,""type"":""Point"",""coordinates"":[29.247393936127587,40.25993083567721]}",29.247393936127587,40.25993083567721,0.5797401882813347,High
1_5_0,240.6495,0.919182,0.5888136,0.58911425,343,1,10,-0.41039824,-0.35511193,0.14592852,1066.0,0.50878376,0.23370166,0.73504275,2233.0,24.814186,"{""geodesic"":false,""type"":""Point"",""coordinates"":[29.243800674991107,40.25570875384185]}",29.243800674991107,40.25570875384185,0.9632692730837804,Very High
1_6_0,243.9664,0.81813776,0.51867133,0.5806109,237,1,10,-0.37597454,-0.33705208,0.1387921,980.5,0.44216326,0.18161926,0.71940297,2160.0,30.545874,"{""geodesic"":false,""type"":""Point"",""coordinates"":[29.252334670190244,40.25130700894967]}",29.252334670190244,40.25130700894967,0.8872310637311897,Very High
1_7_0,200.1486,0.9367177,0.57981664,0.61580694,416,1,10,-0.42762363,-0.36627713,0.13043478,949.0,0.50909406,0.2135395,0.74624175,2178.0,23.319668,"{""geodesic"":false,""type"":""Point"",""coordinates"":[29.242632865121752,40.25921218344992]}",29.242632865121752,40.25921218344992,0.9682240871370459,Very High
1_8_0,177.32056,0.85108405,0.5083213,0.5975312,372,1,10,-0.37687272,-0.33354077,0.13423352,1071.0,0.4742113,0.17478053,0.73176473,2208.0,24.406345,"{""geodesic"":false,""type"":""Point"",""coordinates"":[29.241734549837634,40.258403699694206]}",29.241734549837634,40.258403699694206,0.9241025376742698,Very High
1_9_0,244.49937,1.0616755,0.71349096,0.6159711,317,1,10,-0.5170501,-0.46279493,0.15715402,740.0,0.5446255,0.25069603,0.7731251,2583.0,20.606472,"{""geodesic"":false,""type"":""Point"",""coordinates"":[29.252873659360716,40.25445111244408]}",29.252873659360716,40.25445111244408,0.8923572629416617,Very High
1_10_0,262.75104,0.9456679,0.6206552,0.61769754,341,1,10,-0.4384406,-0.39620897,0.12878133,979.5,0.50722736,0.22444622,0.74647886,2294.0,21.050243,"{""geodesic"":false,""type"":""Point"",""coordinates"":[29.253861806173248,40.25427144938726]}",29.253861806173248,40.25427144938726,0.9032459414856139,Very High
1_11_0,234.83633,1.0213888,0.685029,0.59889466,318,1,10,-0.49246308,-0.4399863,0.15733522,816.5,0.5289256,0.24504267,0.7562299,2590.0,18.639023,"{""geodesic"":false,""type"":""Point"",""coordinates"":[29.25260416477548,40.25481043855773]}",29.25260416477548,40.25481043855773,0.792656884323779,Very High
1_12_0,180.0,0.8532812,0.53375167,0.5448832,386,1,10,-0.45855954,-0.3989554,0.13376279,748.0,0.39472163,0.13479623,0.67864597,1810.0,19.602388,"{""geodesic"":false,""type"":""Point"",""coordinates"":[29.240117582326217,40.25849353122262]}",29.240117582326217,40.25849353122262,0.8370261345987992,Very High
1_13_0,139.57872,0.9041623,0.5686805,0.62479115,333,1,10,-0.4455624,-0.3880325,0.10472771,923.0,0.4585999,0.18064803,0.72951883,1995.0,23.038492,"{""geodesic"":false,""type"":""Point"",""coordinates"":[29.244968484860465,40.255349427728206]}",29.244968484860465,40.255349427728206,0.9111871839394773,Very High
1_14_0,225.83519,1.0324609,0.6346398,0.68882275,410,1,10,-0.45737195,-0.36862147,0.098376945,829.0,0.575089,0.2660183,0.7871997,2213.0,18.018538,"{""geodesic"":false,""type"":""Point"",""coordinates"":[29.244968484860465,40.258673194279446]}",29.244968484860465,40.258673194279446,0.9528227091113329,Very High
1_15_0,266.03134,0.9472062,0.6141157,0.5618231,314,1,10,-0.4339825,-0.37192705,0.152,792.0,0.5132237,0.24218865,0.71382314,2117.0,25.069355,"{""geodesic"":false,""type"":""Point"",""coordinates"":[29.237871794115918,40.2575952159385]}",29.237871794115918,40.2575952159385,0.8824779982512422,Very High
1_16_0,174.65285,0.9152797,0.5831869,0.5368702,329,1,10,-0.42724636,-0.36909324,0.1272105,988.0,0.4880333,0.21409367,0.6640807,2145.0,24.476862,"{""geodesic"":false,""type"":""Point"",""coordinates"":[29.24020741385463,40.2575952159385]}",29.24020741385463,40.2575952159385,0.9307746496829227,Very High
1_17_0,199.66559,0.9410681,0.5987968,0.63986367,366,1,10,-0.42514253,-0.36218375,0.1126597,958.0,0.51592565,0.23661304,0.75252336,2344.0,20.7161,"{""geodesic"":false,""type"":""Point"",""coordinates"":[29.242812528178575,40.25795454205215]}",29.242812528178575,40.25795454205215,0.9660104614695189,Very High
1_18_0,284.74402,0.89738435,0.55398804,0.60446614,248,1,10,-0.39770466,-0.3361444,0.14385353,984.0,0.49967968,0.21784367,0.7483196,2341.0,32.458782,"{""geodesic"":false,""type"":""Point"",""coordinates"":[29.250538039622004,40.25454094397249]}",29.250538039622004,40.25454094397249,0.6604333990224146,High
1_19_0,202.63347,0.8126928,0.47455165,0.59467316,420,1,10,-0.3635125,-0.3055831,0.13376483,1051.0,0.44918033,0.16896856,0.72843796,1989.0,21.098944,"{""geodesic"":false,""type"":""Point"",""coordinates"":[29.24020741385463,40.25939184650674]}",29.24020741385463,40.25939184650674,0.922036950844391,Very High
1_20_0,254.49077,0.8600681,0.5215562,0.5329384,413,1,10,-0.45156533,-0.4001434,0.14510609,836.5,0.4085028,0.121412806,0.6780445,1905.0,25.841501,"{""geodesic"":false,""type"":""Point"",""coordinates"":[29.239398930098922,40.25993083567721]}",29.239398930098922,40.25993083567721,0.7953857643367418,Very High
1_21_0,258.64386,0.9043207,0.5760186,0.5719695,247,1,10,-0.4410896,-0.390043,0.1308101,851.5,0.46323115,0.18597561,0.7027796,1945.0,22.34516,"{""geodesic"":false,""type"":""Point"",""coordinates"":[29.250448208093594,40.25391212327361]}",29.250448208093594,40.25391212327361,0.8724824246137681,Very High
1_22_0,199.02512,0.8920491,0.5799357,0.5790232,313,1,10,-0.45928338,-0.41228536,0.11935266,830.0,0.43276572,0.16765034,0.6983759,1830.0,18.021729,"{""geodesic"":false,""type"":""Point"",""coordinates"":[29.24433966416158,40.25481043855773]}",29.24433966416158,40.25481043855773,0.9237017615154787,Very High
1_23_0,174.8362,0.9530375,0.6050628,0.63375473,342,1,10,-0.40379712,-0.34810224,0.1472192,1052.0,0.5492404,0.25696057,0.7809739,2167.0,25.237238,"{""geodesic"":false,""type"":""Point"",""coordinates"":[29.24065657149669,40.25777487899533]}",29.24065657149669,40.25777487899533,0.9665872104497449,Very High
1_24_0,225.54149,0.90976804,0.5746812,0.5910225,326,1,10,-0.45290858,-0.40309784,0.14492753,790.0,0.45685944,0.17158338,0.73595005,1946.0,22.588467,"{""geodesic"":false,""type"":""Point"",""coordinates"":[29.254580458400543,40.2515765035349]}",29.254580458400543,40.2515765035349,0.9303143567633305,Very High
1_25_0,280.43762,0.840346,0.5162976,0.5038739,270,1,10,-0.40206814,-0.35307667,0.17233154,983.0,0.43827784,0.1632209,0.6762054,2138.0,32.024975,"{""geodesic"":false,""type"":""Point"",""coordinates"":[29.251436354906126,40.25543925925661]}",29.251436354906126,40.25543925925661,0.6499708100919247,High
1_26_0,197.45822,0.94022024,0.5896582,0.60689425,452,1,10,-0.4625783,-0.40029433,0.115292504,815.0,0.4776419,0.1893639,0.72218674,2024.0,22.988419,"{""geodesic"":false,""type"":""Point"",""coordinates"":[29.244519327218406,40.259841004148804]}",29.244519327218406,40.259841004148804,0.9550764557766578,Very High
1_27_0,166.97925,0.7998491,0.47249648,0.5434338,474,1,10,-0.37166324,-0.3245033,0.14250156,918.0,0.42818585,0.14799318,0.6859354,1852.0,29.46249,"{""geodesic"":false,""type"":""Point"",""coordinates"":[29.245956631672996,40.26020033026245]}",29.245956631672996,40.26020033026245,0.8817774948669004,Very High
1_28_0,152.33789,0.7641118,0.46712032,0.5200384,496,1,10,-0.34208432,-0.32599837,0.1747159,827.0,0.4220275,0.14112194,0.6947543,1785.0,24.5566,"{""geodesic"":false,""type"":""Point"",""coordinates"":[29.245058316388874,40.26064948790451]}",29.245058316388874,40.26064948790451,0.7723907034189247,Very High
1_29_0,291.78967,0.9026609,0.5630583,0.6284251,233,1,10,-0.38730255,-0.32519236,0.122426264,1008.5,0.5153584,0.23786592,0.7508514,2442.0,25.627121,"{""geodesic"":false,""type"":""Point"",""coordinates"":[29.25035837656518,40.25454094397249]}",29.25035837656518,40.25454094397249,0.6713848338188139,High
1_30_0,224.50287,0.87884134,0.5617401,0.5521694,396,1,10,-0.46537444,-0.40649453,0.10327273,758.5,0.4134669,0.1552456,0.6554421,1905.0,19.958504,"{""geodesic"":false,""type"":""Point"",""coordinates"":[29.239398930098922,40.259122351921505]}",29.239398930098922,40.259122351921505,0.9032526793562983,Very High
1_31_0,275.0324,0.9458389,0.6045073,0.58832157,308,1,10,-0.42843676,-0.36730435,0.12736288,909.5,0.5174022,0.23720299,0.7156844,2278.0,28.969957,"{""geodesic"":false,""type"":""Point"",""coordinates"":[29.252334670190244,40.255349427728206]}",29.252334670190244,40.255349427728206,0.8065838438985843,Very High
1_32_0,140.1742,0.86272085,0.5272,0.5774771,513,1,10,-0.40155488,-0.34234056,0.13784806,827.5,0.461166,0.18485942,0.7153252,1886.0,24.877867,"{""geodesic"":false,""type"":""Point"",""coordinates"":[29.248112588354882,40.2628054445864]}",29.248112588354882,40.2628054445864,0.8983586936558515,Very High
1_33_0,237.27046,0.7693702,0.49547642,0.5220496,187,1,10,-0.34198177,-0.32920653,0.12771997,1192.0,0.42738843,0.1662699,0.6497696,2327.0,25.59627,"{""geodesic"":false,""type"":""Point"",""coordinates"":[29.25170584949136,40.25067818825078]}",29.25170584949136,40.25067818825078,0.7803936372088307,Very High
1_34_0,285.97058,0.79117906,0.4807758,0.47990566,276,1,10,-0.38615847,-0.34835848,0.18528083,918.0,0.4050206,0.13241734,0.6651865,1875.0,27.90143,"{""geodesic"":false,""type"":""Point"",""coordinates"":[29.251526186434536,40.25525959619979]}",29.251526186434536,40.25525959619979,0.6580049111722845,High
1_35_0,216.82484,0.94502515,0.60830903,0.609304,313,1,10,-0.45960352,-0.39296407,0.12482663,811.0,0.4854216,0.21534494,0.7341306,1885.0,15.807832,"{""geodesic"":false,""type"":""Point"",""coordinates"":[29.238141288701154,40.256966395239616]}",29.238141288701154,40.256966395239616,0.9259544675774163,Very High
1_36_0,138.12024,0.95203555,0.60037637,0.62285787,461,1,10,-0.44024792,-0.3834009,0.13155834,722.5,0.51178765,0.2169755,0.7544162,2036.0,22.445198,"{""geodesic"":false,""type"":""Point"",""coordinates"":[29.247663430712823,40.261008814018155]}",29.247663430712823,40.261008814018155,0.8783152196090892,Very High
1_37_0,290.05148,0.9629442,0.61036295,0.60228896,288,1,10,-0.4142466,-0.3454768,0.15598811,1069.0,0.54869765,0.2648861,0.75827706,2735.0,27.444954,"{""geodesic"":false,""type"":""Point"",""coordinates"":[29.252334670190244,40.25669690065438]}",29.252334670190244,40.25669690065438,0.7512765228815346,Very High
1_38_0,241.14357,0.79166245,0.5011685,0.5129355,606,1,10,-0.43837085,-0.41365162,0.13789359,786.0,0.35329157,0.087516874,0.65082914,2215.0,23.55922,"{""geodesic"":false,""type"":""Point"",""coordinates"":[29.271828111855637,40.27286657576853]}",29.271828111855637,40.27286657576853,0.7221766970131936,High
1_39_0,168.15918,0.96090186,0.61878985,0.5950714,283,1,10,-0.45983422,-0.40006694,0.14395149,896.0,0.50106764,0.21872291,0.7390229,2109.0,22.46474,"{""geodesic"":false,""type"":""Point"",""coordinates"":[29.239309098570512,40.256517237597556]}",29.239309098570512,40.256517237597556,0.9585620036980187,Very High
1_40_0,188.59778,0.95003295,0.59720683,0.63042307,342,1,10,-0.41776577,-0.3628934,0.1446423,916.0,0.53226715,0.23431343,0.77506536,2036.0,23.057785,"{""geodesic"":false,""type"":""Point"",""coordinates"":[29.24110572913875,40.25786471052374]}",29.24110572913875,40.25786471052374,0.9748320296151753,Very High
1_41_0,217.62633,0.9844881,0.6211422,0.6235588,457,1,10,-0.45424622,-0.38649398,0.13135448,829.0,0.5302419,0.23464823,0.7549133,2277.0,19.160332,"{""geodesic"":false,""type"":""Point"",""coordinates"":[29.240476908439867,40.26064948790451]}",29.240476908439867,40.26064948790451,0.9527803854024754,Very High
1_42_0,234.83722,1.0507034,0.6934431,0.6863904,320,1,10,-0.451066,-0.37832698,0.13818309,817.5,0.5996374,0.31511614,0.8245735,2647.0,18.639404,"{""geodesic"":false,""type"":""Point"",""coordinates"":[29.24200404442287,40.25705622676803]}",29.24200404442287,40.25705622676803,0.6173683904870773,High
1_43_0,272.4277,0.88679016,0.5587411,0.5597203,332,1,10,-0.40173507,-0.35975718,0.15491143,896.5,0.48505506,0.19898391,0.7146317,2124.0,20.91482,"{""geodesic"":false,""type"":""Point"",""coordinates"":[29.23832095175798,40.25804437358056]}",29.23832095175798,40.25804437358056,0.7693692440757315,Very High
1_44_0,188.59813,0.94383305,0.5841017,0.66306525,482,1,10,-0.41432562,-0.35220432,0.0993926,995.5,0.5295074,0.23189734,0.76245785,2352.0,23.057804,"{""geodesic"":false,""type"":""Point"",""coordinates"":[29.24308202276381,40.260559656376095]}",29.24308202276381,40.260559656376095,0.9343553501593547,Very High
1_45_0,235.51776,0.9920711,0.6113776,0.62977123,406,1,10,-0.45307225,-0.37354988,0.13524878,810.0,0.53899884,0.23782772,0.76502,1983.0,14.431055,"{""geodesic"":false,""type"":""Point"",""coordinates"":[29.244968484860465,40.258403699694206]}",29.244968484860465,40.258403699694206,0.9040148016929707,Very High
1_46_0,161.23546,0.6574907,0.37988624,0.48405117,481,1,10,-0.26123065,-0.2554689,0.1947497,978.5,0.39626002,0.12441736,0.6788009,1568.0,24.778275,"{""geodesic"":false,""type"":""Point"",""coordinates"":[29.2452379794457,40.26037999331927]}",29.2452379794457,40.26037999331927,0.7259919823546668,High
1_47_0,248.2878,0.8613446,0.56395686,0.56442994,266,1,10,-0.41933623,-0.3820639,0.12465064,1006.0,0.44200838,0.181893,0.6890806,2154.0,27.70339,"{""geodesic"":false,""type"":""Point"",""coordinates"":[29.252334670190244,40.25211549270537]}",29.252334670190244,40.25211549270537,0.9030372255526226,Very High
1_48_0,207.0033,0.88794184,0.5697989,0.55710083,400,1,10,-0.46304226,-0.4032692,0.14172605,721.0,0.4248996,0.16652967,0.6988269,1774.0,18.109446,"{""geodesic"":false,""type"":""Point"",""coordinates"":[29.23975825621257,40.25930201497833]}",29.23975825621257,40.25930201497833,0.9120524613345045,Very High
1_49_0,257.45428,0.8874292,0.59457135,0.4489173,607,1,10,-0.41721067,-0.3909448,0.14407767,736.5,0.4702185,0.20362656,0.592995,2456.0,27.549297,"{""geodesic"":false,""type"":""Point"",""coordinates"":[29.2715586172704,40.273675059524244]}",29.2715586172704,40.273675059524244,0.7368436077503918,High
1_50_0,180.0,0.90312105,0.56792486,0.56297153,386,1,10,-0.50544906,-0.44,0.115727,658.0,0.39767197,0.12792484,0.67869854,1651.0,19.602388,"{""geodesic"":false,""type"":""Point"",""coordinates"":[29.240027750797807,40.25858336275103]}",29.240027750797807,40.25858336275103,0.8413075972196737,Very High
1_51_0,283.7827,0.9103006,0.57520306,0.56566626,286,1,10,-0.4161324,-0.35101095,0.124318115,979.0,0.4941682,0.22419213,0.6899844,2434.0,31.446829,"{""geodesic"":false,""type"":""Point"",""coordinates"":[29.25170584949136,40.25570875384185]}",29.25170584949136,40.25570875384185,0.6455982934978024,High
1_52_0,238.34827,0.7304732,0.46813032,0.5085111,212,1,10,-0.32019705,-0.3142356,0.14578755,1173.0,0.4102762,0.15389471,0.65429866,2285.0,32.93571,"{""geodesic"":false,""type"":""Point"",""coordinates"":[29.251885512548185,40.25085785130761]}",29.251885512548185,40.25085785130761,0.6834317313741067,High
1_53_0,225.96799,0.7754544,0.48696837,0.5421974,167,1,10,-0.3908873,-0.36180905,0.14543405,1016.0,0.38456714,0.12515932,0.6876314,2207.0,23.869633,"{""geodesic"":false,""type"":""Point"",""coordinates"":[29.252065175605008,40.24951037838142]}",29.252065175605008,40.24951037838142,0.7474630051293053,High
1_54_0,187.85341,1.0331768,0.6629564,0.6850417,339,1,10,-0.46457413,-0.40156674,0.11910828,878.5,0.5686026,0.26138967,0.80415,2478.0,17.248507,"{""geodesic"":false,""type"":""Point"",""coordinates"":[29.24200404442287,40.2575952159385]}",29.24200404442287,40.2575952159385,0.8723152562760964,Very High
1_55_0,260.87485,0.83628875,0.52293456,0.4891683,555,1,10,-0.43525252,-0.39328688,0.14730538,718.5,0.40103626,0.12964769,0.63647366,2028.0,22.209612,"{""geodesic"":false,""type"":""Point"",""coordinates"":[29.27048063892946,40.27349539646742]}",29.27048063892946,40.27349539646742,0.879823957027593,Very High
1_56_0,157.36754,1.0222844,0.66430104,0.6300459,276,1,10,-0.51292044,-0.4524505,0.12767379,843.5,0.509364,0.21185052,0.7577197,2035.0,21.098804,"{""geodesic"":false,""type"":""Point"",""coordinates"":[29.238590446343213,40.255978248427084]}",29.238590446343213,40.255978248427084,0.9209846917237394,Very High
1_57_0,204.6379,1.0021973,0.6260464,0.6336636,420,1,10,-0.48266768,-0.40043667,0.10325432,686.5,0.5195296,0.22560975,0.7369179,1809.0,19.604986,"{""geodesic"":false,""type"":""Point"",""coordinates"":[29.245058316388874,40.25885285733627]}",29.245058316388874,40.25885285733627,0.9683055745033359,Very High
1_58_0,165.31392,0.84034264,0.54962754,0.5593284,506,1,10,-0.41805184,-0.3843827,0.1239213,814.0,0.42229077,0.16524486,0.68324965,1844.0,22.702602,"{""geodesic"":false,""type"":""Point"",""coordinates"":[29.2452379794457,40.260829150961335]}",29.2452379794457,40.260829150961335,0.8907988359670767,Very High
1_59_0,247.85185,1.0579687,0.7111963,0.6530788,314,1,10,-0.45985603,-0.41464147,0.1479847,975.5,0.5981127,0.29655483,0.8010635,2879.0,18.957827,"{""geodesic"":false,""type"":""Point"",""coordinates"":[29.25341264853119,40.25337313410314]}",29.25341264853119,40.25337313410314,0.7719152917790779,Very High
1_60_0,232.64977,1.0297586,0.69410354,0.6600418,311,1,10,-0.46637404,-0.408,0.14304903,851.0,0.56338453,0.28610355,0.8030908,2596.0,16.357246,"{""geodesic"":false,""type"":""Point"",""coordinates"":[29.252424501718657,40.25454094397249]}",29.252424501718657,40.25454094397249,0.8456704740383606,Very High
1_61_0,208.63493,0.97104937,0.60501415,0.64514476,491,1,10,-0.44955993,-0.3915809,0.120606475,813.0,0.5214895,0.21343325,0.7657512,2186.0,23.87639,"{""geodesic"":false,""type"":""Point"",""coordinates"":[29.243800674991107,40.26064948790451]}",29.243800674991107,40.26064948790451,0.9363120051716356,Very High
1_62_0,253.02393,0.9485796,0.6096067,0.62176424,279,1,10,-0.40672246,-0.34848484,0.12747559,1010.5,0.5418572,0.26112187,0.74923986,2445.0,18.400059,"{""geodesic"":false,""type"":""Point"",""coordinates"":[29.251346523377713,40.25418161785885]}",29.251346523377713,40.25418161785885,0.9242284155402513,Very High
1_63_0,194.68561,0.90796214,0.5610536,0.6149371,396,1,10,-0.40813342,-0.3523291,0.12859136,1011.5,0.4998287,0.20872447,0.7435285,2189.0,26.6582,"{""geodesic"":false,""type"":""Point"",""coordinates"":[29.242812528178575,40.258673194279446]}",29.242812528178575,40.258673194279446,0.9616856983936615,Very High
1_64_0,254.92516,0.9750108,0.62533164,0.64643383,325,1,10,-0.4291393,-0.36214554,0.117964074,933.5,0.54587156,0.26318607,0.7643979,2359.0,20.478062,"{""geodesic"":false,""type"":""Point"",""coordinates"":[29.242273539008107,40.25660706912597]}",29.242273539008107,40.25660706912597,0.9501306401055492,Very High
1_65_0,208.19453,0.8498187,0.5259719,0.5654958,416,1,10,-0.41905856,-0.36941427,0.1451665,885.5,0.43076017,0.15655763,0.7106623,1821.0,22.002405,"{""geodesic"":false,""type"":""Point"",""coordinates"":[29.239937919269394,40.25948167803515]}",29.239937919269394,40.25948167803515,0.927150429994795,Very High
1_66_0,140.68115,0.85060966,0.509598,0.63371855,519,1,10,-0.4036504,-0.33852443,0.06420294,849.5,0.44695926,0.17107359,0.69792145,1838.0,18.51004,"{""geodesic"":false,""type"":""Point"",""coordinates"":[29.247753262241233,40.262715613057985]}",29.247753262241233,40.262715613057985,0.8190127273340183,Very High
1_67_0,222.21326,0.97694564,0.62565887,0.65659255,352,1,10,-0.44276336,-0.38568056,0.10688971,976.0,0.5341823,0.23997833,0.7634823,2289.0,15.8614645,"{""geodesic"":false,""type"":""Point"",""coordinates"":[29.243351517349048,40.25687656371121]}",29.243351517349048,40.25687656371121,0.9519716851436921,Very High
1_68_0,127.34865,0.9453473,0.63432705,0.61477995,405,1,10,-0.43832484,-0.39636913,0.11064718,798.0,0.5070225,0.2379579,0.72542715,2146.0,16.35781,"{""geodesic"":false,""type"":""Point"",""coordinates"":[29.245866800144583,40.25822403663739]}",29.245866800144583,40.25822403663739,0.6886389399058345,High
1_69_0,172.00821,0.93987286,0.5947436,0.58513784,309,1,10,-0.45477387,-0.38711387,0.14398682,868.0,0.48509902,0.20762977,0.72912467,1931.0,24.593702,"{""geodesic"":false,""type"":""Point"",""coordinates"":[29.239488761627335,40.25705622676803]}",29.239488761627335,40.25705622676803,0.9541608276292645,Very High
1_70_0,171.71591,0.89211726,0.5521949,0.61443853,455,1,10,-0.43831852,-0.35844874,0.10742748,868.5,0.45379877,0.19374616,0.721866,1947.0,23.83001,"{""geodesic"":false,""type"":""Point"",""coordinates"":[29.244968484860465,40.25966134109198]}",29.244968484860465,40.25966134109198,0.932805414977498,Very High
1_71_0,172.00821,0.9373285,0.5935989,0.57456356,309,1,10,-0.47320998,-0.40731356,0.14076655,818.5,0.46411857,0.18628535,0.7153301,1877.0,24.593702,"{""geodesic"":false,""type"":""Point"",""coordinates"":[29.239309098570512,40.25705622676803]}",29.239309098570512,40.25705622676803,0.9491787622013728,Very High
1_72_0,243.03326,0.9459203,0.6210282,0.6176655,252,1,10,-0.46799192,-0.41290203,0.124243505,789.5,0.4779284,0.20812616,0.741909,2126.0,19.645193,"{""geodesic"":false,""type"":""Point"",""coordinates"":[29.250717702678827,40.253642628688375]}",29.250717702678827,40.253642628688375,0.9350866309449085,Very High
1_73_0,145.40791,0.97468376,0.6044616,0.6098306,361,1,10,-0.4677566,-0.40071586,0.1437866,879.0,0.5069272,0.20374574,0.75361717,2121.0,20.48658,"{""geodesic"":false,""type"":""Point"",""coordinates"":[29.245148147917288,40.255978248427084]}",29.245148147917288,40.255978248427084,0.8854525520239798,Very High
1_74_0,296.96588,0.9706433,0.63999933,0.5677123,290,1,10,-0.43141025,-0.3773254,0.15269655,887.0,0.539233,0.2626739,0.72040886,2609.0,29.733868,"{""geodesic"":false,""type"":""Point"",""coordinates"":[29.251885512548185,40.2560680799555]}",29.251885512548185,40.2560680799555,0.6014632269917816,High
1_75_0,141.11592,0.86281806,0.52303845,0.5956864,505,1,10,-0.42815033,-0.3703854,0.113342896,776.0,0.43466774,0.15265307,0.7090293,1765.0,28.399612,"{""geodesic"":false,""type"":""Point"",""coordinates"":[29.248202419883295,40.2628054445864]}",29.248202419883295,40.2628054445864,0.8207896076961,Very High
1_76_0,236.04361,0.9711271,0.63455987,0.5716732,282,1,10,-0.46677017,-0.4230511,0.16131215,858.5,0.5043569,0.21150877,0.7329853,2158.0,23.495426,"{""geodesic"":false,""type"":""Point"",""coordinates"":[29.25161601796295,40.25391212327361]}",29.25161601796295,40.25391212327361,0.9644610738201317,Very High
1_77_0,208.63326,0.9060404,0.58934754,0.510599,279,1,10,-0.4487065,-0.3932849,0.17624667,772.5,0.45733386,0.19606261,0.6868457,1853.0,12.47951,"{""geodesic"":false,""type"":""Point"",""coordinates"":[29.23733280494545,40.255798585370265]}",29.23733280494545,40.255798585370265,0.830293148534114,Very High
1_78_0,290.05148,0.99433386,0.6401072,0.60161394,288,1,10,-0.43182507,-0.3684388,0.14329362,935.5,0.56250876,0.27166837,0.74490756,2784.0,27.444954,"{""geodesic"":false,""type"":""Point"",""coordinates"":[29.25224483866183,40.256786732182796]}",29.25224483866183,40.256786732182796,0.7271203031438563,High
1_79_0,270.0,0.9143791,0.60696524,0.5154249,333,1,10,-0.4284049,-0.38024014,0.18485703,735.5,0.48597422,0.22672509,0.7002819,1960.0,17.649973,"{""geodesic"":false,""type"":""Point"",""coordinates"":[29.238231120229567,40.25777487899533]}",29.238231120229567,40.25777487899533,0.821609243467128,Very High
1_80_0,114.91424,0.81046295,0.47573242,0.4975032,483,1,10,-0.39218798,-0.3324032,0.11117562,957.0,0.41827497,0.1433292,0.6086788,2076.0,28.279222,"{""geodesic"":false,""type"":""Point"",""coordinates"":[29.249100735167413,40.26307493917163]}",29.249100735167413,40.26307493917163,0.6113617611613839,High
1_81_0,168.15918,0.9499555,0.5951461,0.5033448,283,1,10,-0.45712242,-0.39685065,0.16319019,948.0,0.49283314,0.19829546,0.66653496,2109.0,22.46474,"{""geodesic"":false,""type"":""Point"",""coordinates"":[29.239578593155745,40.256517237597556]}",29.239578593155745,40.256517237597556,0.9330521995327656,Very High
1_82_0,187.85323,0.8937584,0.5495864,0.59738064,359,1,10,-0.44345695,-0.38367555,0.120987654,908.0,0.4503015,0.16591087,0.7183683,1864.0,17.248499,"{""geodesic"":false,""type"":""Point"",""coordinates"":[29.24478882180364,40.25570875384185]}",29.24478882180364,40.25570875384185,0.9022921567134891,Very High
1_83_0,132.04701,0.82342345,0.51291007,0.62834364,379,1,10,-0.39323607,-0.36347827,0.09482501,915.0,0.43018734,0.14943182,0.7231687,2023.0,17.443394,"{""geodesic"":false,""type"":""Point"",""coordinates"":[29.246944778485528,40.258403699694206]}",29.246944778485528,40.258403699694206,0.5572845698710932,High
1_84_0,203.59492,0.932269,0.5809294,0.6348736,312,1,10,-0.41221267,-0.3602456,0.12193809,1042.0,0.5200563,0.22068381,0.75681174,2160.0,20.352625,"{""geodesic"":false,""type"":""Point"",""coordinates"":[29.241375223723985,40.25705622676803]}",29.241375223723985,40.25705622676803,0.9734947313883036,Very High
1_85_0,259.19885,0.82560456,0.5104401,0.57404906,399,1,10,-0.39803773,-0.35604715,0.13975422,997.0,0.4275668,0.15439294,0.7138033,2030.0,31.159822,"{""geodesic"":false,""type"":""Point"",""coordinates"":[29.239129435513686,40.25966134109198]}",29.239129435513686,40.25966134109198,0.8711013911066523,Very High
1_86_0,205.76953,1.0804493,0.7233979,0.6655444,329,1,10,-0.45217392,-0.39272064,0.1490566,913.5,0.62827545,0.3306773,0.814601,2672.0,18.856733,"{""geodesic"":false,""type"":""Point"",""coordinates"":[29.241824381366044,40.25714605829644]}",29.241824381366044,40.25714605829644,0.5649298522102643,High
1_87_0,114.60091,0.83465797,0.5278249,0.5489748,464,1,10,-0.360154,-0.3242529,0.17372881,831.0,0.474504,0.20357198,0.72270364,1988.0,19.288406,"{""geodesic"":false,""type"":""Point"",""coordinates"":[29.24937022975265,40.262446118472745]}",29.24937022975265,40.262446118472745,0.723548719751465,High
1_88_0,259.19852,0.94075334,0.60808563,0.5817805,369,1,10,-0.38976067,-0.34075344,0.1634935,962.5,0.5509927,0.26733223,0.745274,2285.0,14.527692,"{""geodesic"":false,""type"":""Point"",""coordinates"":[29.243710843462697,40.2575952159385]}",29.243710843462697,40.2575952159385,0.8823759971551713,Very High
1_89_0,246.43744,0.87389666,0.5466759,0.58070433,230,1,10,-0.4221941,-0.3641115,0.09183368,912.5,0.45170256,0.1825644,0.67253804,2089.0,17.950132,"{""geodesic"":false,""type"":""Point"",""coordinates"":[29.250088881979945,40.25337313410314]}",29.250088881979945,40.25337313410314,0.7958950972906055,Very High
1_90_0,238.0196,0.922777,0.59915835,0.55966467,332,1,10,-0.4313289,-0.37710917,0.1277144,766.0,0.4914481,0.2220492,0.68737906,1962.0,15.380469,"{""geodesic"":false,""type"":""Point"",""coordinates"":[29.238231120229567,40.25750538441009]}",29.238231120229567,40.25750538441009,0.9288297522802772,Very High
1_91_0,292.60056,0.9247595,0.5916115,0.59289134,349,1,10,-0.38963103,-0.33575633,0.15082459,959.5,0.5351284,0.25585517,0.74371594,2480.0,26.815113,"{""geodesic"":false,""type"":""Point"",""coordinates"":[29.253232985474362,40.256247743012324]}",29.253232985474362,40.256247743012324,0.7452788903224147,High
1_92_0,235.67332,0.9293926,0.5970605,0.59803593,335,1,10,-0.43263647,-0.37780607,0.1285013,977.0,0.4967561,0.21925439,0.7265372,2134.0,26.012682,"{""geodesic"":false,""type"":""Point"",""coordinates"":[29.243800674991107,40.25543925925661]}",29.243800674991107,40.25543925925661,0.9546405898765677,Very High
1_93_0,295.9034,1.0036715,0.64657044,0.63078356,268,1,10,-0.41553748,-0.34985766,0.148181,970.5,0.58813405,0.29671282,0.7789645,2998.0,27.419067,"{""geodesic"":false,""type"":""Point"",""coordinates"":[29.25179568101977,40.25633757454074]}",29.25179568101977,40.25633757454074,0.5604712836399115,High
1_94_0,165.31491,1.0120597,0.683818,0.61499584,285,1,10,-0.5090483,-0.45549154,0.1144922,732.5,0.50301147,0.22832645,0.729488,1934.0,18.504797,"{""geodesic"":false,""type"":""Point"",""coordinates"":[29.237871794115918,40.256247743012324]}",29.237871794115918,40.256247743012324,0.9488681883066327,Very High
1_95_0,158.04161,0.8648897,0.52396756,0.5238216,375,1,10,-0.41966352,-0.36475757,0.1587057,940.0,0.44522613,0.15921,0.6825273,2157.0,12.784036,"{""geodesic"":false,""type"":""Point"",""coordinates"":[29.24487865333205,40.25642740606914]}",29.24487865333205,40.25642740606914,0.3055438471378269,Medium
1_96_0,246.00116,0.9676973,0.6198768,0.634255,333,1,10,-0.42418846,-0.36876878,0.15462784,1051.0,0.5435088,0.25110802,0.78888285,2470.0,15.568195,"{""geodesic"":false,""type"":""Point"",""coordinates"":[29.254221132286894,40.252205324233785]}",29.254221132286894,40.252205324233785,0.9231982668720214,Very High
1_97_0,215.20357,0.8671099,0.54638654,0.60240054,190,1,10,-0.43449047,-0.3904647,0.10806363,1010.0,0.43261945,0.15592185,0.7104642,2174.0,27.2524,"{""geodesic"":false,""type"":""Point"",""coordinates"":[29.250897365735653,40.25139684047808]}",29.250897365735653,40.25139684047808,0.7859679170611542,Very High
1_98_0,218.17493,1.0140224,0.65480345,0.6958227,387,1,10,-0.469489,-0.4000374,0.08159137,802.0,0.5445333,0.25476602,0.7774141,2172.0,11.635587,"{""geodesic"":false,""type"":""Point"",""coordinates"":[29.24487865333205,40.257235889824855]}",29.24487865333205,40.257235889824855,0.8476221772928731,Very High
1_99_0,148.17169,0.9717887,0.62434566,0.5843672,417,1,10,-0.47482145,-0.4087817,0.13270143,717.0,0.49696726,0.21556395,0.7170687,1851.0,19.900303,"{""geodesic"":false,""type"":""Point"",""coordinates"":[29.245956631672996,40.25876302580786]}",29.245956631672996,40.25876302580786,0.9106266498189395,Very High
1_100_0,273.79675,0.9108559,0.57699245,0.52491236,300,1,10,-0.44305605,-0.39169428,0.16722783,780.0,0.4677998,0.18529816,0.6921402,1943.0,26.055275,"{""geodesic"":false,""type"":""Point"",""coordinates"":[29.252065175605008,40.255079933142966]}",29.252065175605008,40.255079933142966,0.7655876837197612,Very High
1_101_0,254.92487,0.97699726,0.6396684,0.57374257,333,1,10,-0.4525194,-0.39475092,0.16615067,847.5,0.52447784,0.24491745,0.7398932,2281.0,20.477703,"{""geodesic"":false,""type"":""Point"",""coordinates"":[29.25269399630389,40.25525959619979]}",29.25269399630389,40.25525959619979,0.957700247106565,Very High
1_102_0,245.39607,0.95129824,0.6229921,0.5943247,296,1,10,-0.46275252,-0.41622365,0.14304903,851.0,0.48854575,0.20676847,0.7373737,2193.0,19.286345,"{""geodesic"":false,""type"":""Point"",""coordinates"":[29.252873659360716,40.25292397646108]}",29.252873659360716,40.25292397646108,0.950702129459336,Very High
1_103_0,166.35973,0.80842894,0.50757474,0.5639642,484,1,10,-0.38635507,-0.35035914,0.1033548,814.0,0.42207387,0.15721563,0.667319,1704.0,24.216066,"{""geodesic"":false,""type"":""Point"",""coordinates"":[29.24487865333205,40.26029016179086]}",29.24487865333205,40.26029016179086,0.8856846582901449,Very High
1_104_0,180.0,0.9595691,0.5922336,0.6331031,394,1,10,-0.44715446,-0.37037036,0.12922706,935.0,0.5124146,0.22186323,0.7623301,2269.0,17.096203,"{""geodesic"":false,""type"":""Point"",""coordinates"":[29.243710843462697,40.258673194279446]}",29.243710843462697,40.258673194279446,0.8870218076478993,Very High
1_105_0,188.28375,0.91513956,0.5777707,0.5549463,316,1,10,-0.43440935,-0.3683605,0.16108565,823.5,0.48073024,0.2094102,0.71603197,1825.0,16.40717,"{""geodesic"":false,""type"":""Point"",""coordinates"":[29.238231120229567,40.25705622676803]}",29.238231120229567,40.25705622676803,0.924694861333601,Very High
1_106_0,197.45822,0.94426864,0.5947897,0.641409,442,1,10,-0.41255006,-0.36467192,0.13467048,990.0,0.53171855,0.23011777,0.7760795,2324.0,22.988419,"{""geodesic"":false,""type"":""Point"",""coordinates"":[29.24245320206493,40.25966134109198]}",29.24245320206493,40.25966134109198,0.967370440194966,Very High
1_107_0,165.31392,0.79986036,0.5080956,0.47952014,506,1,10,-0.3762359,-0.34127128,0.15367341,899.0,0.4236245,0.16682434,0.63319355,1850.0,22.702602,"{""geodesic"":false,""type"":""Point"",""coordinates"":[29.2452379794457,40.26091898248974]}",29.2452379794457,40.26091898248974,0.8837092421945205,Very High
1_108_0,189.30225,0.8771466,0.5606206,0.5510183,360,1,10,-0.43769744,-0.38086957,0.12816902,801.0,0.43944916,0.17975104,0.67918736,1777.0,21.48875,"{""geodesic"":false,""type"":""Point"",""coordinates"":[29.239488761627335,40.25795454205215]}",29.239488761627335,40.25795454205215,0.9384962480763281,Very High
1_109_0,174.45607,1.0043602,0.6470899,0.6818839,308,1,10,-0.48207286,-0.4205911,0.11744441,892.0,0.5222873,0.22649878,0.79932827,2143.0,23.707424,"{""geodesic"":false,""type"":""Point"",""coordinates"":[29.23984808774098,40.25705622676803]}",29.23984808774098,40.25705622676803,0.9564930979329218,Very High
1_110_0,164.73004,0.7916836,0.49750444,0.5247372,509,1,10,-0.35398394,-0.33538106,0.13919052,865.5,0.43769968,0.16212338,0.6639277,2025.0,21.93585,"{""geodesic"":false,""type"":""Point"",""coordinates"":[29.244968484860465,40.26091898248974]}",29.244968484860465,40.26091898248974,0.8695586768344747,Very High
1_111_0,255.7275,0.94981104,0.59760934,0.5677814,379,1,10,-0.43771887,-0.37101287,0.13688469,843.0,0.5120922,0.22659644,0.7046661,2329.0,11.143695,"{""geodesic"":false,""type"":""Point"",""coordinates"":[29.24478882180364,40.25669690065438]}",29.24478882180364,40.25669690065438,0.837537125871437,Very High
1_112_0,165.85663,1.0293028,0.66919583,0.6246763,267,1,10,-0.5125165,-0.45175034,0.13409962,740.0,0.51678634,0.21744548,0.7587759,1954.0,23.462719,"{""geodesic"":false,""type"":""Point"",""coordinates"":[29.239668424684158,40.25615791148391]}",29.239668424684158,40.25615791148391,0.9613823772627231,Very High
1_113_0,262.75107,0.97541064,0.6211593,0.5889623,298,1,10,-0.4617612,-0.39544672,0.13914925,790.0,0.5136494,0.22571263,0.72811157,2107.0,21.05032,"{""geodesic"":false,""type"":""Point"",""coordinates"":[29.251885512548185,40.25445111244408]}",29.251885512548185,40.25445111244408,0.9098546256078053,Very High
1_114_0,111.58926,0.90825146,0.57441014,0.64721316,354,1,10,-0.41117546,-0.35965958,0.11137371,940.5,0.49707603,0.21475054,0.7585868,2240.0,31.629845,"{""geodesic"":false,""type"":""Point"",""coordinates"":[29.246046463201406,40.25660706912597]}",29.246046463201406,40.25660706912597,0.49350477152829786,Medium
1_115_0,188.28392,0.9132294,0.570045,0.58861333,372,1,10,-0.44099167,-0.3837514,0.13674033,823.0,0.4722377,0.18629359,0.72535366,1982.0,23.83,"{""geodesic"":false,""type"":""Point"",""coordinates"":[29.240926066081926,40.258403699694206]}",29.240926066081926,40.258403699694206,0.9581657284133624,Very High
1_116_0,145.04964,0.8777742,0.5440949,0.62241673,521,1,10,-0.41624978,-0.354568,0.100487806,846.0,0.4615244,0.18952693,0.72290456,1999.0,16.501642,"{""geodesic"":false,""type"":""Point"",""coordinates"":[29.24793292529806,40.26298510764322]}",29.24793292529806,40.26298510764322,0.634383736820994,High
1_117_0,198.8718,0.94924843,0.5821871,0.673253,266,1,10,-0.43193126,-0.36704183,0.10014599,942.0,0.51731724,0.21514529,0.773399,2070.0,21.47814,"{""geodesic"":false,""type"":""Point"",""coordinates"":[29.24065657149669,40.25615791148391]}",29.24065657149669,40.25615791148391,0.9625372848691304,Very High
1_118_0,249.11531,0.7225778,0.4150099,0.5198317,423,1,10,-0.38765433,-0.32262212,0.13150832,1054.0,0.33492348,0.092387766,0.65134007,1679.0,26.54207,"{""geodesic"":false,""type"":""Point"",""coordinates"":[29.239578593155745,40.26046982484768]}",29.239578593155745,40.26046982484768,0.708373135860951,High
1_119_0,177.11485,1.0072168,0.6580582,0.62107396,293,1,10,-0.47104138,-0.4094601,0.1533437,927.0,0.5361755,0.24859813,0.77441764,2171.0,22.851347,"{""geodesic"":false,""type"":""Point"",""coordinates"":[29.240387076911453,40.25669690065438]}",29.240387076911453,40.25669690065438,0.9756528769514601,Very High
1_120_0,260.96558,1.0605584,0.7111703,0.69806355,337,1,10,-0.47743332,-0.4164251,0.12546584,906.0,0.5831252,0.2947452,0.8235294,2852.0,27.26853,"{""geodesic"":false,""type"":""Point"",""coordinates"":[29.254131300758484,40.252654481875844]}",29.254131300758484,40.252654481875844,0.6622631379331821,High
1_121_0,177.22142,0.9349171,0.57930374,0.6138882,435,1,10,-0.45670262,-0.39017642,0.1297661,881.5,0.47821447,0.18912733,0.7436543,2078.0,23.63343,"{""geodesic"":false,""type"":""Point"",""coordinates"":[29.24344134887746,40.259571509563564]}",29.24344134887746,40.259571509563564,0.9485847904319417,Very High
1_122_0,234.67552,1.0361469,0.6836675,0.6640858,254,1,10,-0.49700958,-0.4345268,0.115384616,841.0,0.53913724,0.24914068,0.77947044,2453.0,19.999228,"{""geodesic"":false,""type"":""Point"",""coordinates"":[29.250987197264063,40.25337313410314]}",29.250987197264063,40.25337313410314,0.9133356457953935,Very High
1_123_0,256.4499,0.9377513,0.6010147,0.59046596,311,1,10,-0.4197761,-0.3716114,0.16297913,933.0,0.51797515,0.22940332,0.7534451,2354.0,22.516314,"{""geodesic"":false,""type"":""Point"",""coordinates"":[29.252334670190244,40.25481043855773]}",29.252334670190244,40.25481043855773,0.9301898414182642,Very High
1_124_0,195.42235,0.93227774,0.59727025,0.5907073,337,1,10,-0.4677076,-0.405116,0.11731844,750.0,0.46457013,0.19215426,0.7080257,1793.0,17.695612,"{""geodesic"":false,""type"":""Point"",""coordinates"":[29.23877010940004,40.257415552881675]}",29.23877010940004,40.257415552881675,0.9452318181256514,Very High
1_125_0,157.61594,0.7983241,0.47151342,0.5839131,471,1,10,-0.35374907,-0.3121296,0.10434507,870.5,0.444575,0.15938385,0.6882582,1844.0,31.497501,"{""geodesic"":false,""type"":""Point"",""coordinates"":[29.246226126258232,40.26029016179086]}",29.246226126258232,40.26029016179086,0.8338389987875255,Very High
1_126_0,250.8677,0.8429091,0.51859313,0.56165856,278,1,10,-0.3656518,-0.31721285,0.1363516,1073.0,0.4772573,0.20138027,0.69801015,2176.0,26.28501,"{""geodesic"":false,""type"":""Point"",""coordinates"":[29.252424501718657,40.252205324233785]}",29.252424501718657,40.252205324233785,0.9398997282883215,Very High
1_127_0,213.23163,1.0461632,0.67304564,0.678086,285,1,10,-0.44197953,-0.38282478,0.125,981.0,0.6041837,0.29022083,0.803086,2454.0,19.20568,"{""geodesic"":false,""type"":""Point"",""coordinates"":[29.24101589761034,40.256517237597556]}",29.24101589761034,40.256517237597556,0.8209648267412107,Very High
1_128_0,286.52994,1.033529,0.6695177,0.5976061,283,1,10,-0.45970055,-0.39200574,0.1592618,848.0,0.57382846,0.27751195,0.7568679,2670.0,21.71591,"{""geodesic"":false,""type"":""Point"",""coordinates"":[29.25224483866183,40.25687656371121]}",29.25224483866183,40.25687656371121,0.7670062951382328,Very High
1_129_0,238.01802,0.93066317,0.5943822,0.5461112,241,1,10,-0.4909335,-0.43851852,0.13473053,758.0,0.43972963,0.15586373,0.68084174,1917.0,15.37982,"{""geodesic"":false,""type"":""Point"",""coordinates"":[29.250538039622004,40.25346296563155]}",29.250538039622004,40.25346296563155,0.8009430038567221,Very High
1_130_0,126.17864,0.8613245,0.51175314,0.60790986,467,1,10,-0.4119166,-0.34578288,0.10273262,797.0,0.44940785,0.16597025,0.71064246,1744.0,32.240566,"{""geodesic"":false,""type"":""Point"",""coordinates"":[29.24667528390029,40.26064948790451]}",29.24667528390029,40.26064948790451,0.8203086964009124,Very High
1_131_0,218.57375,0.87610877,0.5512418,0.5897532,197,1,10,-0.43522406,-0.38683128,0.123317175,1043.0,0.4408847,0.16441056,0.7130704,2215.0,25.46514,"{""geodesic"":false,""type"":""Point"",""coordinates"":[29.251077028792476,40.25139684047808]}",29.251077028792476,40.25139684047808,0.7947965315495157,Very High
1_132_0,167.67981,0.7254335,0.43103552,0.54257816,511,1,10,-0.31016636,-0.29291397,0.12919818,933.0,0.41526717,0.13812155,0.67177635,1854.0,16.607126,"{""geodesic"":false,""type"":""Point"",""coordinates"":[29.244609158746815,40.260829150961335]}",29.244609158746815,40.260829150961335,0.6219144973149098,High
1_133_0,140.68323,0.8890388,0.538687,0.54879916,394,1,10,-0.39489916,-0.3232662,0.12662943,907.5,0.49413964,0.21542075,0.67542857,2199.0,9.502648,"{""geodesic"":false,""type"":""Point"",""coordinates"":[29.245507474030937,40.25777487899533]}",29.245507474030937,40.25777487899533,0.5186002912381418,High
1_134_0,262.3297,0.9817384,0.63433254,0.58726734,344,1,10,-0.491006,-0.4292118,0.15233786,764.0,0.4907324,0.20512074,0.7396052,2071.0,19.993734,"{""geodesic"":false,""type"":""Point"",""coordinates"":[29.252963490889126,40.25543925925661]}",29.252963490889126,40.25543925925661,0.904672337665216,Very High
1_135_0,262.3297,0.9817384,0.63433254,0.58726734,344,1,10,-0.491006,-0.4292118,0.15233786,764.0,0.4907324,0.20512074,0.7396052,2071.0,19.993734,"{""geodesic"":false,""type"":""Point"",""coordinates"":[29.252963490889126,40.25543925925661]}",29.252963490889126,40.25543925925661,0.904672337665216,Very High
1_136_0,125.46118,0.92320275,0.5543259,0.62184805,384,1,10,-0.41561246,-0.34475005,0.11938534,947.0,0.5075903,0.2095758,0.74123335,2160.0,21.337477,"{""geodesic"":false,""type"":""Point"",""coordinates"":[29.245956631672996,40.25750538441009]}",29.245956631672996,40.25750538441009,0.7926442655147099,Very High
1_137_0,244.99797,0.8768726,0.53191733,0.5381014,423,1,10,-0.47358868,-0.40341493,0.12098956,725.0,0.40328395,0.12850241,0.65909094,1752.0,22.846018,"{""geodesic"":false,""type"":""Point"",""coordinates"":[29.23984808774098,40.26002066720562]}",29.23984808774098,40.26002066720562,0.887819879450671,Very High
1_138_0,232.64943,1.0380404,0.6848516,0.63135415,312,1,10,-0.50351846,-0.44962656,0.14700796,829.0,0.5345219,0.23522505,0.77836215,2367.0,12.04934,"{""geodesic"":false,""type"":""Point"",""coordinates"":[29.252963490889126,40.25373246021679]}",29.252963490889126,40.25373246021679,0.8862222817519984,Very High
1_139_0,123.725044,0.8950951,0.5512539,0.49968627,559,1,10,-0.45351374,-0.40663508,0.20268972,626.0,0.44158137,0.14461884,0.702376,2042.0,11.535278,"{""geodesic"":false,""type"":""Point"",""coordinates"":[29.28539267264584,40.27825646747325]}",29.28539267264584,40.27825646747325,0.39987986149319993,Medium
1_140_0,223.62065,0.9805203,0.64115834,0.5932228,293,1,10,-0.4998245,-0.44205168,0.14136964,712.5,0.4806958,0.19910668,0.73459244,1745.0,13.818875,"{""geodesic"":false,""type"":""Point"",""coordinates"":[29.23742263647386,40.25633757454074]}",29.23742263647386,40.25633757454074,0.8696471337474122,Very High
1_141_0,222.01534,1.0531733,0.65800166,0.65355814,404,1,10,-0.47267556,-0.38014784,0.13906856,880.5,0.58049774,0.27785382,0.79262674,2334.0,19.219,"{""geodesic"":false,""type"":""Point"",""coordinates"":[29.24478882180364,40.258673194279446]}",29.24478882180364,40.258673194279446,0.9295606066494777,Very High
1_142_0,243.8673,0.8566376,0.5187664,0.5144601,368,1,10,-0.37655303,-0.322603,0.1504997,978.5,0.48008454,0.19616345,0.6649598,2276.0,18.302864,"{""geodesic"":false,""type"":""Point"",""coordinates"":[29.244519327218406,40.25642740606914]}",29.244519327218406,40.25642740606914,0.9076490408437181,Very High
1_143_0,148.17169,0.9567501,0.60252976,0.59460616,417,1,10,-0.49203408,-0.4273183,0.115087435,685.5,0.46471602,0.17521146,0.7096936,1702.0,19.900303,"{""geodesic"":false,""type"":""Point"",""coordinates"":[29.245866800144583,40.25876302580786]}",29.245866800144583,40.25876302580786,0.8938222197842445,Very High
1_144_0,259.90573,0.84016836,0.52772766,0.4603225,601,1,10,-0.44849625,-0.40739244,0.11305007,733.5,0.39167207,0.120335214,0.57337254,2139.0,32.883465,"{""geodesic"":false,""type"":""Point"",""coordinates"":[29.271378954213578,40.27403438563789]}",29.271378954213578,40.27403438563789,0.7424775718581239,High
1_145_0,207.0033,0.8965281,0.5799619,0.55974805,400,1,10,-0.47650513,-0.4209137,0.121069185,713.0,0.42002302,0.15904821,0.68081725,1851.0,18.109446,"{""geodesic"":false,""type"":""Point"",""coordinates"":[29.23975825621257,40.25921218344992]}",29.23975825621257,40.25921218344992,0.9074889204383858,Very High
1_146_0,131.67793,0.8136465,0.5239944,0.56159455,465,1,10,-0.3725567,-0.34596577,0.17410387,802.5,0.44108984,0.1780286,0.73569846,1957.0,18.820366,"{""geodesic"":false,""type"":""Point"",""coordinates"":[29.249190566695827,40.26217662388751]}",29.249190566695827,40.26217662388751,0.7043215227084251,High
1_147_0,208.34927,1.0078897,0.6587824,0.6582772,342,1,10,-0.4631639,-0.40393153,0.10947182,940.0,0.5447259,0.2548509,0.767749,2409.0,17.364132,"{""geodesic"":false,""type"":""Point"",""coordinates"":[29.242992191235402,40.256786732182796]}",29.242992191235402,40.256786732182796,0.9414653229792319,Very High
1_148_0,185.75595,0.9157195,0.5742543,0.64274055,413,1,10,-0.42278636,-0.36765435,0.109819874,955.0,0.49293318,0.20659992,0.75256044,2139.0,22.929083,"{""geodesic"":false,""type"":""Point"",""coordinates"":[29.24110572913875,40.25903252039309]}",29.24110572913875,40.25903252039309,0.9545835742902873,Very High
1_149_0,139.40958,0.968786,0.6311648,0.6149158,438,1,10,-0.47750473,-0.41490263,0.12540716,691.0,0.49128127,0.21626218,0.74032295,1967.0,28.99716,"{""geodesic"":false,""type"":""Point"",""coordinates"":[29.24793292529806,40.26064948790451]}",29.24793292529806,40.26064948790451,0.9289876283347477,Very High
1_150_0,259.19885,0.7242636,0.43227032,0.48639128,399,1,10,-0.31782496,-0.27737564,0.15509601,1173.0,0.40643862,0.15489466,0.6414873,2097.0,31.159822,"{""geodesic"":false,""type"":""Point"",""coordinates"":[29.239129435513686,40.259841004148804]}",29.239129435513686,40.259841004148804,0.8497383457742578,Very High
1_151_0,227.95076,0.99108136,0.62727916,0.622409,240,1,10,-0.4619867,-0.3943464,0.15005931,969.5,0.52909464,0.23293275,0.77246827,2411.0,17.442688,"{""geodesic"":false,""type"":""Point"",""coordinates"":[29.25080753420724,40.2531036395179]}",29.25080753420724,40.2531036395179,0.9061797433658095,Very High
1_152_0,244.99797,0.89950293,0.5573557,0.56196946,423,1,10,-0.4811356,-0.40968975,0.11700844,694.5,0.41836736,0.14766593,0.6789779,1807.0,22.846018,"{""geodesic"":false,""type"":""Point"",""coordinates"":[29.23984808774098,40.25993083567721]}",29.23984808774098,40.25993083567721,0.9212388351652531,Very High
1_153_0,189.91052,0.9285416,0.5692807,0.60967994,378,1,10,-0.43274942,-0.36763456,0.11630695,931.0,0.49579218,0.20164609,0.7259869,2044.0,26.242819,"{""geodesic"":false,""type"":""Point"",""coordinates"":[29.242722696650166,40.25822403663739]}",29.242722696650166,40.25822403663739,0.9574294809638386,Very High
1_154_0,299.78564,0.9671909,0.6330107,0.60442036,308,1,10,-0.4012702,-0.34263074,0.16092919,1037.0,0.5659207,0.2903799,0.76534957,2904.0,26.04957,"{""geodesic"":false,""type"":""Point"",""coordinates"":[29.25260416477548,40.256247743012324]}",29.25260416477548,40.256247743012324,0.7088327303185193,High
1_155_0,132.73056,0.849604,0.52651,0.5476391,445,1,10,-0.40791503,-0.36412144,0.13348639,864.0,0.441689,0.16238855,0.68112546,2151.0,28.753416,"{""geodesic"":false,""type"":""Point"",""coordinates"":[29.24856174599694,40.26109864554657]}",29.24856174599694,40.26109864554657,0.7699333259007843,Very High
1_156_0,138.85861,0.87047225,0.511614,0.5980591,488,1,10,-0.44491228,-0.37346536,0.114869624,791.0,0.42555994,0.13814867,0.7129288,1623.0,17.87076,"{""geodesic"":false,""type"":""Point"",""coordinates"":[29.247393936127587,40.26172746624545]}",29.247393936127587,40.26172746624545,0.5964979380733011,High
1_157_0,203.59596,0.892121,0.5536728,0.5558743,480,1,10,-0.4482998,-0.38598186,0.10455019,795.0,0.44382125,0.16769096,0.6604245,1995.0,32.453472,"{""geodesic"":false,""type"":""Point"",""coordinates"":[29.244160001104756,40.26029016179086]}",29.244160001104756,40.26029016179086,0.9011032924155011,Very High
1_158_0,240.21254,0.72793674,0.46051574,0.5052447,241,1,10,-0.31914893,-0.31288344,0.16955207,1064.0,0.40878782,0.14763232,0.67479676,2060.0,30.392994,"{""geodesic"":false,""type"":""Point"",""coordinates"":[29.252514333247067,40.25103751436443]}",29.252514333247067,40.25103751436443,0.8495318921957554,Very High
1_159_0,127.34921,0.9297823,0.5823742,0.6715812,377,1,10,-0.42234427,-0.3568972,0.10723684,841.5,0.507438,0.22547702,0.778818,2280.0,19.130539,"{""geodesic"":false,""type"":""Point"",""coordinates"":[29.245507474030937,40.25687656371121]}",29.245507474030937,40.25687656371121,0.5997402866670767,High
1_160_0,161.12749,0.8358506,0.4924953,0.6500505,398,1,10,-0.4002226,-0.33894145,0.088600285,943.0,0.43562797,0.15355383,0.7386508,2049.0,21.478224,"{""geodesic"":false,""type"":""Point"",""coordinates"":[29.24658545237188,40.25885285733627]}",29.24658545237188,40.25885285733627,0.8063049526576184,Very High
1_161_0,147.82991,0.913651,0.5584462,0.59059566,456,1,10,-0.38931873,-0.32863072,0.18708731,809.0,0.5243322,0.2298155,0.77768296,2083.0,25.552263,"{""geodesic"":false,""type"":""Point"",""coordinates"":[29.247393936127587,40.26073931943292]}",29.247393936127587,40.26073931943292,0.8242163761839869,Very High
1_162_0,185.54414,0.94303304,0.587674,0.615835,433,1,10,-0.45821148,-0.38973647,0.10657026,880.0,0.4848216,0.19793755,0.72240525,2091.0,23.70743,"{""geodesic"":false,""type"":""Point"",""coordinates"":[29.243800674991107,40.25948167803515]}",29.243800674991107,40.25948167803515,0.9542052069830028,Very High
1_163_0,295.9034,0.92488855,0.69506097,0.62606835,268,1,10,-0.40940043,-0.42225832,0.15080906,889.0,0.5154881,0.27280265,0.77687746,3070.0,27.419067,"{""geodesic"":false,""type"":""Point"",""coordinates"":[29.25170584949136,40.256517237597556]}",29.25170584949136,40.256517237597556,0.46688781063628454,Medium
1_164_0,224.08148,0.8806303,0.5584261,0.5805305,204,1,10,-0.40946338,-0.3634421,0.13921468,1117.0,0.47116694,0.19498402,0.7197452,2430.0,27.39754,"{""geodesic"":false,""type"":""Point"",""coordinates"":[29.2512566918493,40.25130700894967]}",29.2512566918493,40.25130700894967,0.6724946089385889,High
1_165_0,174.65288,0.9090057,0.54930925,0.5743024,326,1,10,-0.44273946,-0.37238494,0.12855741,862.5,0.46626627,0.17692432,0.7028598,1831.0,24.47686,"{""geodesic"":false,""type"":""Point"",""coordinates"":[29.239039603985276,40.257235889824855]}",29.239039603985276,40.257235889824855,0.9481240718922315,Very High
1_166_0,255.20142,0.8999987,0.59017605,0.6043304,362,1,10,-0.38701704,-0.35114294,0.12350978,1178.0,0.5129817,0.23903312,0.7278402,2768.0,29.699974,"{""geodesic"":false,""type"":""Point"",""coordinates"":[29.254670289928953,40.252654481875844]}",29.254670289928953,40.252654481875844,0.5313590254533083,High
1_167_0,129.41316,0.75893736,0.43199238,0.47172046,522,1,10,-0.33370662,-0.29278922,0.21346024,892.5,0.42523077,0.13920315,0.68518066,1737.0,19.643892,"{""geodesic"":false,""type"":""Point"",""coordinates"":[29.24658545237188,40.262266455415926]}",29.24658545237188,40.262266455415926,0.4538325341655413,Medium
1_168_0,189.59709,0.88963187,0.5351997,0.62910557,470,1,10,-0.40108612,-0.32892907,0.0959682,965.0,0.48854575,0.20627062,0.72507375,2193.0,26.973537,"{""geodesic"":false,""type"":""Point"",""coordinates"":[29.244609158746815,40.26002066720562]}",29.244609158746815,40.26002066720562,0.9344140739393729,Very High
1_169_0,279.1956,0.6598514,0.41958332,0.47147912,249,1,10,-0.21258742,-0.22545142,0.17567214,1126.0,0.44726393,0.1941319,0.6471513,2096.0,35.339596,"{""geodesic"":false,""type"":""Point"",""coordinates"":[29.250897365735653,40.25499010161455]}",29.250897365735653,40.25499010161455,0.5308340339956678,High
1_170_0,185.75597,0.87835264,0.5370702,0.5639653,428,1,10,-0.40488967,-0.3597434,0.14613838,998.0,0.47346294,0.1773268,0.7101037,2103.0,22.929083,"{""geodesic"":false,""type"":""Point"",""coordinates"":[29.241824381366044,40.259571509563564]}",29.241824381366044,40.259571509563564,0.9437460906787685,Very High
1_171_0,208.02548,0.8914009,0.57230914,0.63320756,265,1,10,-0.43356112,-0.39072198,0.11376531,932.5,0.45783973,0.18158711,0.74697286,2092.0,30.405258,"{""geodesic"":false,""type"":""Point"",""coordinates"":[29.253771974644835,40.25067818825078]}",29.253771974644835,40.25067818825078,0.9137353349457875,Very High
1_172_0,253.02379,0.95767987,0.61094683,0.5978313,244,1,10,-0.46898663,-0.40462428,0.118046135,824.0,0.48869324,0.20632257,0.7158774,2156.0,18.399931,"{""geodesic"":false,""type"":""Point"",""coordinates"":[29.250538039622004,40.25373246021679]}",29.250538039622004,40.25373246021679,0.892522866412809,Very High
1_173_0,287.63986,0.88611907,0.5342949,0.536734,267,1,10,-0.39249662,-0.33465347,0.16129032,1008.0,0.49362245,0.19964144,0.6980243,2342.0,28.110748,"{""geodesic"":false,""type"":""Point"",""coordinates"":[29.251526186434536,40.255978248427084]}",29.251526186434536,40.255978248427084,0.7523664024571429,Very High
1_174_0,197.45822,0.9176888,0.570124,0.6619879,452,1,10,-0.4172524,-0.35204262,0.095166616,912.0,0.50043637,0.21808134,0.7571545,2149.0,22.988419,"{""geodesic"":false,""type"":""Point"",""coordinates"":[29.244429495689992,40.25975117262039]}",29.244429495689992,40.25975117262039,0.9640758477220087,Very High
1_175_0,250.02724,0.87654793,0.549914,0.57322776,288,1,10,-0.3689808,-0.3199618,0.15803741,1068.0,0.5075671,0.2299522,0.7312652,2316.0,25.357098,"{""geodesic"":false,""type"":""Point"",""coordinates"":[29.252783827832303,40.2522951557622]}",29.252783827832303,40.2522951557622,0.9502196456445491,Very High
1_176_0,134.02661,0.80718124,0.47086444,0.58377814,495,1,10,-0.34647992,-0.29823866,0.114043355,886.5,0.46070132,0.1726258,0.6978215,1812.0,23.871702,"{""geodesic"":false,""type"":""Point"",""coordinates"":[29.247843093769646,40.26235628694433]}",29.247843093769646,40.26235628694433,0.9136179856917691,Very High
1_177_0,193.17003,0.9330954,0.58615583,0.6497173,375,1,10,-0.4015609,-0.34892663,0.115257956,1016.0,0.5315345,0.23722921,0.7649752,2313.0,24.962029,"{""geodesic"":false,""type"":""Point"",""coordinates"":[29.24209387595128,40.258403699694206]}",29.24209387595128,40.258403699694206,0.9690432534480056,Very High
1_178_0,210.2159,0.92111796,0.5785054,0.60657716,356,1,10,-0.43874645,-0.38638842,0.14169806,985.0,0.48237154,0.19211698,0.7482752,2344.0,18.633718,"{""geodesic"":false,""type"":""Point"",""coordinates"":[29.24290235970699,40.25777487899533]}",29.24290235970699,40.25777487899533,0.910765427062236,Very High
1_179_0,244.71333,0.85882825,0.5531946,0.57101613,388,1,10,-0.42253765,-0.38427463,0.13238288,834.0,0.43629062,0.16891992,0.703399,1967.0,26.227896,"{""geodesic"":false,""type"":""Point"",""coordinates"":[29.239129435513686,40.25930201497833]}",29.239129435513686,40.25930201497833,0.9258201743969063,Very High
1_180_0,202.2695,0.6914146,0.39520955,0.5183401,512,1,10,-0.28452337,-0.2669885,0.12414578,987.0,0.4068912,0.12822105,0.64248586,1817.0,15.6358795,"{""geodesic"":false,""type"":""Point"",""coordinates"":[29.244519327218406,40.260829150961335]}",29.244519327218406,40.260829150961335,0.7259150873656823,High
1_181_0,165.85663,1.046892,0.6887002,0.65254265,267,1,10,-0.5278656,-0.4683402,0.1306773,709.5,0.51902646,0.22036003,0.78321993,1966.0,23.462719,"{""geodesic"":false,""type"":""Point"",""coordinates"":[29.239668424684158,40.2560680799555]}",29.239668424684158,40.2560680799555,0.9563753004713094,Very High
1_182_0,119.784935,0.9527125,0.59593546,0.6242601,385,1,10,-0.44587815,-0.37358186,0.10943667,773.0,0.5068343,0.22235364,0.7336968,2067.0,16.34582,"{""geodesic"":false,""type"":""Point"",""coordinates"":[29.246315957786642,40.25795454205215]}",29.246315957786642,40.25795454205215,0.6060229963843803,High
1_183_0,228.63278,1.0168853,0.6542116,0.6232486,298,1,10,-0.4869808,-0.4095612,0.14651887,827.5,0.5299045,0.24465041,0.76976746,2283.0,20.173965,"{""geodesic"":false,""type"":""Point"",""coordinates"":[29.25215500713342,40.25400195480202]}",29.25215500713342,40.25400195480202,0.975189727878694,Very High
1_184_0,230.41566,0.9334752,0.59657574,0.6676496,328,1,10,-0.42781666,-0.38229004,0.128125,1083.0,0.5056585,0.21428572,0.79577464,2295.0,18.275915,"{""geodesic"":false,""type"":""Point"",""coordinates"":[29.254131300758484,40.25184599812014]}",29.254131300758484,40.25184599812014,0.9599885229153775,Very High
1_185_0,238.59433,0.99551314,0.6358994,0.6014527,348,1,10,-0.48824716,-0.42130244,0.14414415,762.0,0.507266,0.21459696,0.7455969,2230.0,20.444431,"{""geodesic"":false,""type"":""Point"",""coordinates"":[29.253322817002775,40.25516976467138]}",29.253322817002775,40.25516976467138,0.9638714548644746,Very High
1_186_0,216.82484,0.94502515,0.60830903,0.609304,313,1,10,-0.45960352,-0.39296407,0.12482663,811.0,0.4854216,0.21534494,0.7341306,1885.0,15.807832,"{""geodesic"":false,""type"":""Point"",""coordinates"":[29.238141288701154,40.256966395239616]}",29.238141288701154,40.256966395239616,0.9259544675774163,Very High
1_187_0,246.43718,0.88910216,0.553239,0.6174735,243,1,10,-0.38980144,-0.34074074,0.118910424,1068.0,0.4993007,0.21249823,0.73638386,2144.0,17.949959,"{""geodesic"":false,""type"":""Point"",""coordinates"":[29.251436354906126,40.25238498729061]}",29.251436354906126,40.25238498729061,0.9207235287594727,Very High
1_188_0,127.3474,0.7231003,0.44096923,0.47592485,505,1,10,-0.23067608,-0.2336148,0.2420984,953.0,0.49242425,0.20735444,0.71802324,1773.0,20.484507,"{""geodesic"":false,""type"":""Point"",""coordinates"":[29.246405789315055,40.261278308603394]}",29.246405789315055,40.261278308603394,0.8107281693705536,Very High
1_189_0,191.39806,0.9154482,0.56918013,0.60837394,426,1,10,-0.43307087,-0.37651956,0.13730255,936.0,0.48237732,0.19266056,0.7456765,2145.0,23.236254,"{""geodesic"":false,""type"":""Point"",""coordinates"":[29.240926066081926,40.25948167803515]}",29.240926066081926,40.25948167803515,0.9500995919394476,Very High
1_190_0,117.487206,0.8150426,0.4871761,0.510903,517,1,10,-0.3871643,-0.34046546,0.18276675,878.5,0.42787835,0.14671062,0.69366974,1913.0,27.748356,"{""geodesic"":false,""type"":""Point"",""coordinates"":[29.248741409053764,40.26334443375686]}",29.248741409053764,40.26334443375686,0.6219855780419592,High
1_191_0,243.03307,0.85115474,0.5453959,0.5010358,218,1,10,-0.4041817,-0.35818577,0.14777778,1033.0,0.4469731,0.18721016,0.64881355,2432.0,19.645075,"{""geodesic"":false,""type"":""Point"",""coordinates"":[29.24981938739471,40.2531036395179]}",29.24981938739471,40.2531036395179,0.6846236394476619,High
1_192_0,246.00256,0.9927891,0.62919205,0.6415986,365,1,10,-0.45261693,-0.38383245,0.13278158,787.0,0.54017216,0.24535963,0.77438015,2147.0,15.569007,"{""geodesic"":false,""type"":""Point"",""coordinates"":[29.244160001104756,40.256786732182796]}",29.244160001104756,40.256786732182796,0.9462542445222248,Very High
1_193_0,125.16079,0.9046548,0.55304354,0.6328428,483,1,10,-0.43971762,-0.3612876,0.09593023,754.0,0.46493718,0.19175598,0.728773,1807.0,18.64026,"{""geodesic"":false,""type"":""Point"",""coordinates"":[29.24802275682647,40.26181729777387]}",29.24802275682647,40.26181729777387,0.8055928731527097,Very High
1_194_0,219.0455,0.7374042,0.45802101,0.5287169,292,1,10,-0.31971496,-0.31472325,0.19832636,1074.0,0.41768923,0.14329778,0.7270433,2224.0,23.639322,"{""geodesic"":false,""type"":""Point"",""coordinates"":[29.253771974644835,40.25103751436443]}",29.253771974644835,40.25103751436443,0.8700850202243869,Very High
1_195_0,158.92299,0.8991323,0.592848,0.62505233,386,1,10,-0.3914447,-0.3557758,0.07930146,942.5,0.5076876,0.2370722,0.7043538,2476.0,16.432005,"{""geodesic"":false,""type"":""Point"",""coordinates"":[29.246854946957114,40.258673194279446]}",29.246854946957114,40.258673194279446,0.41043383440301484,Medium
1_196_0,236.51901,0.9001811,0.5710119,0.56415987,306,1,10,-0.40509388,-0.35051757,0.13154173,800.0,0.49508724,0.22049436,0.6957016,1864.0,20.88028,"{""geodesic"":false,""type"":""Point"",""coordinates"":[29.241914212894457,40.256247743012324]}",29.241914212894457,40.256247743012324,0.957241226810313,Very High
1_197_0,166.83018,0.9106406,0.5652783,0.57662535,324,1,10,-0.4568435,-0.39146638,0.12349501,816.5,0.45379707,0.1738119,0.70012033,1766.0,24.962011,"{""geodesic"":false,""type"":""Point"",""coordinates"":[29.239309098570512,40.257235889824855]}",29.239309098570512,40.257235889824855,0.9315175733985799,Very High
1_198_0,238.01845,1.0687308,0.7066934,0.64080834,336,1,10,-0.51724136,-0.45041817,0.14509246,805.0,0.5514895,0.25627527,0.7859008,2565.0,15.379993,"{""geodesic"":false,""type"":""Point"",""coordinates"":[29.2535024800596,40.25454094397249]}",29.2535024800596,40.25454094397249,0.8580136089431477,Very High
1_199_0,164.73082,1.0092285,0.65148944,0.6545214,318,1,10,-0.46639213,-0.40052876,0.13339582,907.0,0.5428363,0.25096068,0.7879172,2116.0,21.935776,"{""geodesic"":false,""type"":""Point"",""coordinates"":[29.240027750797807,40.25714605829644]}",29.240027750797807,40.25714605829644,0.9615573661727446,Very High
1_200_0,129.14586,0.9563691,0.61142814,0.6718451,411,1,10,-0.4531629,-0.38679245,0.09491415,845.0,0.5032062,0.22463569,0.7667592,2227.0,22.307045,"{""geodesic"":false,""type"":""Point"",""coordinates"":[29.246226126258232,40.25894268886468]}",29.246226126258232,40.25894268886468,0.7360155926543898,High
1_201_0,270.0,0.93170094,0.60716844,0.5583563,333,1,10,-0.47368422,-0.4280287,0.13294314,677.5,0.45801675,0.17913975,0.69129944,1871.0,17.649973,"{""geodesic"":false,""type"":""Point"",""coordinates"":[29.23841078328639,40.25786471052374]}",29.23841078328639,40.25786471052374,0.7858638701998203,Very High
1_202_0,133.2041,0.9114298,0.5696739,0.6585194,516,1,10,-0.40793332,-0.33987266,0.08484163,959.0,0.5034965,0.22980122,0.74336106,2150.0,20.723125,"{""geodesic"":false,""type"":""Point"",""coordinates"":[29.2467651154287,40.26181729777387]}",29.2467651154287,40.26181729777387,0.7114084359396183,High
1_203_0,253.0249,0.86290234,0.5360475,0.5407455,344,1,10,-0.41111472,-0.37268478,0.16228351,906.0,0.45178765,0.16336276,0.70302904,2010.0,29.006586,"{""geodesic"":false,""type"":""Point"",""coordinates"":[29.238680277871627,40.25822403663739]}",29.238680277871627,40.25822403663739,0.9102237769108685,Very High
1_204_0,239.58376,1.0030996,0.6354548,0.68737465,240,1,10,-0.44614944,-0.37366202,0.09591374,965.5,0.5569501,0.26179275,0.7832884,2481.0,17.731184,"{""geodesic"":false,""type"":""Point"",""coordinates"":[29.251077028792476,40.25274431340426]}",29.251077028792476,40.25274431340426,0.8805464351825317,Very High
1_205_0,243.8673,0.9788117,0.618563,0.57256764,361,1,10,-0.45542637,-0.38868746,0.16516931,843.0,0.5233853,0.22987552,0.73773694,2223.0,18.302864,"{""geodesic"":false,""type"":""Point"",""coordinates"":[29.244160001104756,40.25633757454074]}",29.244160001104756,40.25633757454074,0.9679059586713763,Very High
1_206_0,203.59596,0.8735792,0.53020144,0.55595773,480,1,10,-0.4576567,-0.39595488,0.15164998,776.5,0.41592246,0.13424657,0.7076077,1863.0,32.453472,"{""geodesic"":false,""type"":""Point"",""coordinates"":[29.244070169576343,40.26037999331927]}",29.244070169576343,40.26037999331927,0.8555703332009127,Very High
1_207_0,189.69905,0.9406068,0.59295774,0.6296728,317,1,10,-0.41854936,-0.36688784,0.13986014,978.0,0.5220574,0.22606987,0.769533,2027.0,20.69244,"{""geodesic"":false,""type"":""Point"",""coordinates"":[29.240926066081926,40.257235889824855]}",29.240926066081926,40.257235889824855,0.9742148023156852,Very High
1_208_0,240.21243,0.8785476,0.5711683,0.5795443,186,1,10,-0.42559212,-0.38783935,0.1255108,964.0,0.45295545,0.18332894,0.7050551,2243.0,26.048243,"{""geodesic"":false,""type"":""Point"",""coordinates"":[29.251436354906126,40.25085785130761]}",29.251436354906126,40.25085785130761,0.7808182859592346,Very High
1_209_0,247.02945,0.8902132,0.58559775,0.51103324,625,1,10,-0.45751765,-0.42502674,0.12421581,672.0,0.43269554,0.16057104,0.635249,2134.0,22.528513,"{""geodesic"":false,""type"":""Point"",""coordinates"":[29.271828111855637,40.27394455410948]}",29.271828111855637,40.27394455410948,0.8956162979287783,Very High
1_210_0,189.69905,0.96936893,0.6162446,0.6202074,317,1,10,-0.4584519,-0.4018545,0.14397354,951.5,0.510917,0.21439017,0.764181,2076.0,20.69244,"{""geodesic"":false,""type"":""Point"",""coordinates"":[29.240746403025103,40.257235889824855]}",29.240746403025103,40.257235889824855,0.9669832843312073,Very High
1_211_0,254.48932,1.0457933,0.70550424,0.6782402,323,1,10,-0.45007554,-0.40522876,0.13976657,1001.0,0.5957177,0.30027547,0.81800675,2832.0,25.839445,"{""geodesic"":false,""type"":""Point"",""coordinates"":[29.25368214311642,40.25337313410314]}",29.25368214311642,40.25337313410314,0.712050597927044,High
1_212_0,267.42953,0.9460593,0.58959,0.60099465,288,1,10,-0.410339,-0.3462585,0.13292071,961.0,0.5357203,0.24333152,0.7339153,2284.0,19.846954,"{""geodesic"":false,""type"":""Point"",""coordinates"":[29.25161601796295,40.254361280915674]}",29.25161601796295,40.254361280915674,0.8860214927955815,Very High
1_213_0,224.50287,0.8408358,0.5190541,0.542888,396,1,10,-0.43283582,-0.37619698,0.12632322,798.0,0.408,0.14285715,0.6692112,1804.0,19.958504,"{""geodesic"":false,""type"":""Point"",""coordinates"":[29.239488761627335,40.25921218344992]}",29.239488761627335,40.25921218344992,0.9009966523542385,Very High
1_214_0,242.51645,0.8897792,0.5759126,0.48089647,568,1,10,-0.4293774,-0.3858165,0.14378029,708.0,0.4604018,0.19009607,0.62467676,2199.0,27.751255,"{""geodesic"":false,""type"":""Point"",""coordinates"":[29.27092979657152,40.27376489105265]}",29.27092979657152,40.27376489105265,0.8966876033605043,Very High
1_215_0,173.7683,1.0819091,0.7186017,0.6110268,272,1,10,-0.56332433,-0.5062882,0.14691152,687.0,0.5185848,0.21231355,0.7579383,1910.0,21.346344,"{""geodesic"":false,""type"":""Point"",""coordinates"":[29.2392192670421,40.255978248427084]}",29.2392192670421,40.255978248427084,0.9639351594982692,Very High
1_216_0,138.86153,0.84935725,0.52886224,0.5757027,311,1,10,-0.411589,-0.36059722,0.1400463,985.0,0.43776825,0.16826504,0.715749,2010.0,24.293406,"{""geodesic"":false,""type"":""Point"",""coordinates"":[29.24487865333205,40.25472060702932]}",29.24487865333205,40.25472060702932,0.8743228628455131,Very High
1_217_0,173.49957,0.94841665,0.61493134,0.58715415,306,1,10,-0.4724851,-0.41519332,0.12020841,752.5,0.47593153,0.19973806,0.70736253,1832.0,20.542374,"{""geodesic"":false,""type"":""Point"",""coordinates"":[29.23841078328639,40.256786732182796]}",29.23841078328639,40.256786732182796,0.9475026381171398,Very High
1_218_0,185.34705,0.93985635,0.60662097,0.61480063,286,1,10,-0.45029625,-0.39327884,0.101219915,835.0,0.4895601,0.21334215,0.7160205,1837.0,12.823145,"{""geodesic"":false,""type"":""Point"",""coordinates"":[29.23742263647386,40.2560680799555]}",29.23742263647386,40.2560680799555,0.8615278291338462,Very High
1_219_0,185.75587,0.898261,0.59084004,0.5095541,373,1,10,-0.463129,-0.40619308,0.15194346,733.5,0.43513203,0.18464698,0.6614976,1875.0,22.929081,"{""geodesic"":false,""type"":""Point"",""coordinates"":[29.23984808774098,40.2583138681658]}",29.23984808774098,40.2583138681658,0.9316122372828753,Very High
1_220_0,242.42601,0.814658,0.5340642,0.5610576,170,1,10,-0.36634862,-0.34348032,0.13664766,1046.0,0.44830933,0.19058385,0.69770527,2238.0,24.447521,"{""geodesic"":false,""type"":""Point"",""coordinates"":[29.251526186434536,40.25022903060872]}",29.251526186434536,40.25022903060872,0.7802413945917717,Very High
1_221_0,232.64943,0.9604884,0.63547176,0.6172557,273,1,10,-0.43951672,-0.39609462,0.12911843,951.0,0.52097166,0.23937714,0.74637413,2348.0,19.129986,"{""geodesic"":false,""type"":""Point"",""coordinates"":[29.25179568101977,40.253642628688375]}",29.25179568101977,40.253642628688375,0.9567235773891227,Very High
1_222_0,218.68613,0.9101607,0.5789137,0.5946704,341,1,10,-0.4423803,-0.38955027,0.13043478,923.0,0.46778044,0.18936342,0.72510517,1845.0,20.469877,"{""geodesic"":false,""type"":""Point"",""coordinates"":[29.244160001104756,40.25543925925661]}",29.244160001104756,40.25543925925661,0.9514632114897753,Very High
1_223_0,242.14917,1.030019,0.66367775,0.6727416,339,1,10,-0.4664528,-0.40426803,0.13732193,998.0,0.5635662,0.25940973,0.81006354,2635.0,17.320383,"{""geodesic"":false,""type"":""Point"",""coordinates"":[29.254310963815307,40.2522951557622]}",29.254310963815307,40.2522951557622,0.726322442716793,High
1_224_0,250.8677,0.8655998,0.53410786,0.5759822,278,1,10,-0.37752676,-0.32884616,0.13897198,1047.0,0.48807308,0.20526172,0.7149542,2199.0,26.28501,"{""geodesic"":false,""type"":""Point"",""coordinates"":[29.25260416477548,40.252205324233785]}",29.25260416477548,40.252205324233785,0.9388176025090433,Very High
1_225_0,154.7445,0.8768691,0.53887,0.5740273,450,1,10,-0.4220304,-0.3710435,0.14243324,770.0,0.45483872,0.1678265,0.7164605,1804.0,24.106873,"{""geodesic"":false,""type"":""Point"",""coordinates"":[29.246405789315055,40.260110498734036]}",29.246405789315055,40.260110498734036,0.9230969086504799,Very High
1_226_0,274.15714,0.82506067,0.5308815,0.5204592,289,1,10,-0.32439402,-0.29796356,0.17138599,982.5,0.5006667,0.23291798,0.6918452,2251.0,24.065884,"{""geodesic"":false,""type"":""Point"",""coordinates"":[29.25161601796295,40.25490027008614]}",29.25161601796295,40.25490027008614,0.7803875697507258,Very High
1_227_0,142.3739,0.87657154,0.5343114,0.6037448,439,1,10,-0.4121395,-0.35122132,0.097683154,876.5,0.46443203,0.18309012,0.70142794,1966.0,19.160278,"{""geodesic"":false,""type"":""Point"",""coordinates"":[29.246854946957114,40.25993083567721]}",29.246854946957114,40.25993083567721,0.8918478791188986,Very High
1_228_0,220.10962,1.0018152,0.66833246,0.58141005,303,1,10,-0.50335133,-0.4493384,0.121033214,759.5,0.4984639,0.21899407,0.7024433,1951.0,16.505564,"{""geodesic"":false,""type"":""Point"",""coordinates"":[29.237871794115918,40.25660706912597]}",29.237871794115918,40.25660706912597,0.9475022440316343,Very High
1_229_0,187.85323,0.9722444,0.6361522,0.6414261,359,1,10,-0.4481309,-0.39269784,0.12657064,919.0,0.5241135,0.24345437,0.7679967,2149.0,17.248499,"{""geodesic"":false,""type"":""Point"",""coordinates"":[29.24469899027523,40.25588841689868]}",29.24469899027523,40.25588841689868,0.9690780531382075,Very High
1_230_0,210.21304,0.8535007,0.54752964,0.5610067,227,1,10,-0.44274122,-0.40766773,0.15658142,927.0,0.41075948,0.13986193,0.7175881,2229.0,26.8291,"{""geodesic"":false,""type"":""Point"",""coordinates"":[29.253232985474362,40.250049367551895]}",29.253232985474362,40.250049367551895,0.8211251073371518,Very High
1_231_0,223.61877,0.839848,0.5194295,0.5399156,228,1,10,-0.3937397,-0.33951542,0.13814433,1104.0,0.44610828,0.17991407,0.67805994,2197.0,26.193975,"{""geodesic"":false,""type"":""Point"",""coordinates"":[29.251346523377713,40.25184599812014]}",29.251346523377713,40.25184599812014,0.8456896403700427,Very High
1_232_0,198.76411,0.908407,0.5652493,0.6331082,391,1,10,-0.400683,-0.34778568,0.11251981,1053.0,0.507724,0.21746361,0.745628,2196.0,24.77822,"{""geodesic"":false,""type"":""Point"",""coordinates"":[29.242632865121752,40.258673194279446]}",29.242632865121752,40.258673194279446,0.9652208972192724,Very High
1_233_0,134.77115,0.860207,0.5128582,0.62240446,479,1,10,-0.39697024,-0.32995334,0.10170057,826.0,0.46323678,0.18290487,0.724105,1806.0,30.862911,"{""geodesic"":false,""type"":""Point"",""coordinates"":[29.2467651154287,40.26073931943292]}",29.2467651154287,40.26073931943292,0.9192742595318157,Very High
1_234_0,188.59778,0.95003295,0.59720683,0.63042307,342,1,10,-0.41776577,-0.3628934,0.1446423,916.0,0.53226715,0.23431343,0.77506536,2036.0,23.057785,"{""geodesic"":false,""type"":""Point"",""coordinates"":[29.24110572913875,40.25786471052374]}",29.24110572913875,40.25786471052374,0.9748320296151753,Very High
1_235_0,250.02724,0.8655998,0.53410786,0.5759822,288,1,10,-0.37752676,-0.32884616,0.13897198,1047.0,0.48807308,0.20526172,0.7149542,2199.0,25.357098,"{""geodesic"":false,""type"":""Point"",""coordinates"":[29.25269399630389,40.252205324233785]}",29.25269399630389,40.252205324233785,0.9395706145572362,Very High
1_236_0,237.84882,0.7739937,0.5206565,0.5345125,184,1,10,-0.39279047,-0.38295388,0.13533835,1057.0,0.3812032,0.13770267,0.6698508,2491.0,23.06769,"{""geodesic"":false,""type"":""Point"",""coordinates"":[29.252065175605008,40.250049367551895]}",29.252065175605008,40.250049367551895,0.5263920913600345,High
1_237_0,215.20601,1.0059462,0.6320209,0.61089736,343,1,10,-0.46131724,-0.38970348,0.13309135,936.5,0.54462886,0.24231738,0.7439887,2466.0,14.442713,"{""geodesic"":false,""type"":""Point"",""coordinates"":[29.24245320206493,40.25750538441009]}",29.24245320206493,40.25750538441009,0.8623540736482719,Very High
1_238_0,232.65079,1.0229069,0.6684803,0.6839036,364,1,10,-0.45090064,-0.38606465,0.113074206,945.0,0.5720062,0.28241563,0.79697776,2527.0,16.357609,"{""geodesic"":false,""type"":""Point"",""coordinates"":[29.243800674991107,40.256966395239616]}",29.243800674991107,40.256966395239616,0.8141311383622676,Very High
1_239_0,243.03307,0.9485386,0.620585,0.5012689,302,1,10,-0.47474402,-0.43408716,0.20469667,769.5,0.47379455,0.1864979,0.70596564,2109.0,15.9381,"{""geodesic"":false,""type"":""Point"",""coordinates"":[29.252963490889126,40.253193471046316]}",29.252963490889126,40.253193471046316,0.9086445717648155,Very High
1_240_0,235.0241,1.0482064,0.68279004,0.6438148,341,1,10,-0.5030447,-0.43498817,0.14081146,836.5,0.5451618,0.24780186,0.7846263,2519.0,17.256586,"{""geodesic"":false,""type"":""Point"",""coordinates"":[29.25359231158801,40.25463077550091]}",29.25359231158801,40.25463077550091,0.8744905424787546,Very High
1_241_0,251.26433,0.96880627,0.62591136,0.5693025,369,1,10,-0.45330772,-0.39361084,0.17921686,783.0,0.5154985,0.23230053,0.74851936,1919.0,11.397473,"{""geodesic"":false,""type"":""Point"",""coordinates"":[29.243621011934284,40.25777487899533]}",29.243621011934284,40.25777487899533,0.8580950812936887,Very High
1_242_0,124.97303,0.77855074,0.48001888,0.5348032,469,1,10,-0.32576066,-0.30329072,0.1841824,831.0,0.4527901,0.17672819,0.7189856,1881.0,17.25775,"{""geodesic"":false,""type"":""Point"",""coordinates"":[29.248741409053764,40.26190712930227]}",29.248741409053764,40.26190712930227,0.7424785735076521,High
1_243_0,185.34705,0.8897144,0.56649894,0.5366173,286,1,10,-0.44896,-0.39653057,0.12918033,861.0,0.4407544,0.16996837,0.6657976,1757.0,12.823145,"{""geodesic"":false,""type"":""Point"",""coordinates"":[29.237602299530682,40.255978248427084]}",29.237602299530682,40.255978248427084,0.7816760080930765,Very High
1_244_0,138.85803,0.79534423,0.4998341,0.44371164,531,1,10,-0.3790368,-0.3455414,0.15408915,822.0,0.4163074,0.1542927,0.5978008,1889.0,21.152287,"{""geodesic"":false,""type"":""Point"",""coordinates"":[29.247393936127587,40.26307493917163]}",29.247393936127587,40.26307493917163,0.6954221304584367,High
1_245_0,118.39205,0.82528704,0.48929566,0.5559319,495,1,10,-0.4231456,-0.36501697,0.1257523,888.5,0.40214148,0.12427868,0.6816842,1997.0,30.05968,"{""geodesic"":false,""type"":""Point"",""coordinates"":[29.249010903639,40.26307493917163]}",29.249010903639,40.26307493917163,0.5703581372321853,High
1_246_0,267.69983,0.8581327,0.55233645,0.54518473,289,1,10,-0.3469318,-0.3172043,0.15245008,952.5,0.51120096,0.23513216,0.6976348,2243.0,21.965866,"{""geodesic"":false,""type"":""Point"",""coordinates"":[29.25161601796295,40.25481043855773]}",29.25161601796295,40.25481043855773,0.8604035653487944,Very High
1_247_0,169.39696,0.88399124,0.5204868,0.5928252,440,1,10,-0.4375,-0.3614638,0.09370003,855.0,0.44649124,0.15902302,0.68652517,1649.0,19.07786,"{""geodesic"":false,""type"":""Point"",""coordinates"":[29.245148147917288,40.259571509563564]}",29.245148147917288,40.259571509563564,0.8853417841341894,Very High
1_248_0,266.03134,1.0741348,0.71990913,0.6356358,287,1,10,-0.47710958,-0.41961756,0.16862746,819.5,0.5970252,0.30029154,0.8042633,2899.0,13.164326,"{""geodesic"":false,""type"":""Point"",""coordinates"":[29.252424501718657,40.25750538441009]}",29.252424501718657,40.25750538441009,0.5632457348864832,High
1_249_0,140.1742,0.8519391,0.5199891,0.61732954,513,1,10,-0.40023613,-0.3401373,0.10986267,889.0,0.45170295,0.17985176,0.7271922,1950.0,24.877867,"{""geodesic"":false,""type"":""Point"",""coordinates"":[29.24793292529806,40.262715613057985]}",29.24793292529806,40.262715613057985,0.8919330896293383,Very High
1_250_0,175.0074,0.8881032,0.54800385,0.6109228,373,1,10,-0.39895132,-0.35164836,0.1391255,1003.0,0.48915187,0.19635548,0.7500483,2265.0,25.98843,"{""geodesic"":false,""type"":""Point"",""coordinates"":[29.241375223723985,40.2583138681658]}",29.241375223723985,40.2583138681658,0.9394360208583428,Very High
1_251_0,237.14792,0.9203277,0.60441935,0.5930368,320,1,10,-0.47350252,-0.41559684,0.10909091,762.5,0.44682524,0.18882248,0.70212764,1840.0,18.17233,"{""geodesic"":false,""type"":""Point"",""coordinates"":[29.238141288701154,40.257235889824855]}",29.238141288701154,40.257235889824855,0.936157799112821,Very High
1_252_0,113.33089,0.8838081,0.5586889,0.6578803,489,1,10,-0.40484887,-0.350607,0.09602447,896.0,0.4789592,0.20808187,0.75390476,2302.0,27.984491,"{""geodesic"":false,""type"":""Point"",""coordinates"":[29.249100735167413,40.26325460222846]}",29.249100735167413,40.26325460222846,0.48823274522296695,Medium
1_253_0,237.54381,0.9605605,0.6278676,0.6343935,269,1,10,-0.44076103,-0.39601496,0.1104751,970.0,0.5197995,0.23185265,0.7448686,2274.0,16.785534,"{""geodesic"":false,""type"":""Point"",""coordinates"":[29.25179568101977,40.25337313410314]}",29.25179568101977,40.25337313410314,0.9562063997501333,Very High
1_254_0,249.9476,1.0104157,0.65567416,0.6853947,291,1,10,-0.46753988,-0.40729,0.0938871,935.0,0.54287577,0.24838412,0.7792818,2366.0,27.443933,"{""geodesic"":false,""type"":""Point"",""coordinates"":[29.25260416477548,40.25337313410314]}",29.25260416477548,40.25337313410314,0.9330314009443932,Very High
1_255_0,240.21283,0.9248643,0.591316,0.60684794,341,1,10,-0.42462203,-0.3700142,0.15625,999.0,0.5002423,0.22130178,0.76309794,2322.0,21.356745,"{""geodesic"":false,""type"":""Point"",""coordinates"":[29.25484995298578,40.251935829648545]}",29.25484995298578,40.251935829648545,0.959460319733968,Very High
1_256_0,235.0241,1.0482064,0.68279004,0.6438148,341,1,10,-0.5030447,-0.43498817,0.14081146,836.5,0.5451618,0.24780186,0.7846263,2519.0,17.256586,"{""geodesic"":false,""type"":""Point"",""coordinates"":[29.2535024800596,40.25463077550091]}",29.2535024800596,40.25463077550091,0.8744905424787546,Very High
1_257_0,232.64908,0.9466355,0.5834369,0.60658264,234,1,10,-0.41072387,-0.34221157,0.14092915,1099.0,0.5359116,0.24122535,0.7475118,2502.0,14.93956,"{""geodesic"":false,""type"":""Point"",""coordinates"":[29.250717702678827,40.25274431340426]}",29.250717702678827,40.25274431340426,0.7667436969027849,Very High
1_258_0,259.19885,0.8052395,0.47090796,0.5331302,399,1,10,-0.35206106,-0.2958354,0.13203521,1061.0,0.4531784,0.17507255,0.6651655,2126.0,31.159822,"{""geodesic"":false,""type"":""Point"",""coordinates"":[29.2392192670421,40.259841004148804]}",29.2392192670421,40.259841004148804,0.8816569540258369,Very High
1_259_0,174.01543,0.9161754,0.577435,0.6246632,442,1,10,-0.42995796,-0.35398716,0.10992126,881.0,0.48621747,0.22344784,0.73458445,1941.0,22.141994,"{""geodesic"":false,""type"":""Point"",""coordinates"":[29.245058316388874,40.25939184650674]}",29.245058316388874,40.25939184650674,0.9474401695374294,Very High
1_260_0,168.60199,0.86055154,0.5432262,0.53986543,411,1,10,-0.34465352,-0.2964362,0.11388455,1071.0,0.51589805,0.24678996,0.65375,2646.0,23.23625,"{""geodesic"":false,""type"":""Point"",""coordinates"":[29.24658545237188,40.259122351921505]}",29.24658545237188,40.259122351921505,0.5633476483846604,High
1_261_0,182.67943,0.86409867,0.53217,0.4924723,361,1,10,-0.46409866,-0.4017352,0.12682061,793.0,0.4,0.13043478,0.6192929,1729.0,24.406345,"{""geodesic"":false,""type"":""Point"",""coordinates"":[29.240117582326217,40.25804437358056]}",29.240117582326217,40.25804437358056,0.8731946815560547,Very High
1_262_0,259.56512,0.89115757,0.57526267,0.47950986,580,1,10,-0.47001934,-0.42737722,0.13036303,685.0,0.4211382,0.14788547,0.6098729,2185.0,32.031727,"{""geodesic"":false,""type"":""Point"",""coordinates"":[29.271199291156755,40.27394455410948]}",29.271199291156755,40.27394455410948,0.8349736743723755,Very High
1_263_0,278.67838,0.81378484,0.5139932,0.61423624,234,1,10,-0.3000605,-0.26760563,0.1500994,1157.0,0.5137243,0.24638756,0.7643357,2523.0,28.209906,"{""geodesic"":false,""type"":""Point"",""coordinates"":[29.250627871150417,40.25499010161455]}",29.250627871150417,40.25499010161455,0.5282728450962708,High
1_264_0,239.58519,0.9710138,0.6214009,0.62997526,359,1,10,-0.42987666,-0.3707563,0.13351499,936.0,0.5411371,0.2506446,0.76349026,2304.0,17.731895,"{""geodesic"":false,""type"":""Point"",""coordinates"":[29.243980338047933,40.25660706912597]}",29.243980338047933,40.25660706912597,0.9687634733974452,Very High
1_265_0,240.22055,0.7656629,0.4598827,0.45497686,614,1,10,-0.40678832,-0.36958492,0.16010673,869.5,0.3588746,0.09029779,0.6150836,2270.0,21.361313,"{""geodesic"":false,""type"":""Point"",""coordinates"":[29.271828111855637,40.27313607035377]}",29.271828111855637,40.27313607035377,0.6974673262264798,High
1_266_0,140.1757,0.8914212,0.5527082,0.62779033,420,1,10,-0.40715384,-0.34629175,0.11168164,866.0,0.48426735,0.20641646,0.739472,1993.0,24.877388,"{""geodesic"":false,""type"":""Point"",""coordinates"":[29.246046463201406,40.25930201497833]}",29.246046463201406,40.25930201497833,0.9299567680250298,Very High
1_267_0,196.82552,0.9008392,0.56080806,0.6364612,471,1,10,-0.42956632,-0.37797722,0.10926439,901.0,0.47127286,0.18283084,0.7457256,1991.0,23.735357,"{""geodesic"":false,""type"":""Point"",""coordinates"":[29.24344134887746,40.26037999331927]}",29.24344134887746,40.26037999331927,0.9276511269202683,Very High
1_268_0,208.46501,0.7858419,0.49592596,0.5235556,289,1,10,-0.38853046,-0.36966562,0.15975527,853.0,0.39731142,0.12626034,0.68331087,1871.0,28.102293,"{""geodesic"":false,""type"":""Point"",""coordinates"":[29.254310963815307,40.25094768283601]}",29.254310963815307,40.25094768283601,0.8498030564837449,Very High
1_269_0,124.47444,0.75495744,0.46306777,0.4701089,554,1,10,-0.35135135,-0.33893558,0.21025641,708.0,0.40360612,0.124132186,0.6803653,2024.0,14.433795,"{""geodesic"":false,""type"":""Point"",""coordinates"":[29.285213009589018,40.278166635944835]}",29.285213009589018,40.278166635944835,0.3318598324133415,Medium
1_270_0,247.02945,0.8587411,0.5506411,0.50468856,625,1,10,-0.48126903,-0.44314027,0.15713714,723.5,0.37747204,0.107500866,0.6618257,2403.0,22.528513,"{""geodesic"":false,""type"":""Point"",""coordinates"":[29.27191794338405,40.27376489105265]}",29.27191794338405,40.27376489105265,0.681345867567801,High
1_271_0,187.11362,0.97307676,0.6036899,0.59867376,385,1,10,-0.4717312,-0.40545872,0.16120745,904.0,0.5013456,0.1982312,0.75988126,2371.0,18.910444,"{""geodesic"":false,""type"":""Point"",""coordinates"":[29.243710843462697,40.258403699694206]}",29.243710843462697,40.258403699694206,0.8949549053107235,Very High
1_272_0,207.66153,1.0627658,0.6716116,0.65431976,415,1,10,-0.47201437,-0.37941954,0.13004485,882.0,0.59075147,0.2921921,0.7843646,2408.0,24.556486,"{""geodesic"":false,""type"":""Point"",""coordinates"":[29.24469899027523,40.25876302580786]}",29.24469899027523,40.25876302580786,0.8922961522726338,Very High
1_273_0,270.0,0.9016993,0.57617915,0.5498991,297,1,10,-0.4045214,-0.35024494,0.14735867,928.5,0.49717787,0.22593424,0.69725776,2321.0,26.005817,"{""geodesic"":false,""type"":""Point"",""coordinates"":[29.251885512548185,40.255529090785025]}",29.251885512548185,40.255529090785025,0.8243321595023638,Very High
1_274_0,219.0478,1.0064799,0.6494859,0.6650438,302,1,10,-0.43837798,-0.3772282,0.10768352,969.5,0.5681019,0.27225772,0.77272725,2340.0,23.640007,"{""geodesic"":false,""type"":""Point"",""coordinates"":[29.241285392195575,40.25669690065438]}",29.241285392195575,40.25669690065438,0.969617951461168,Very High
1_275_0,268.09952,0.87393254,0.54642427,0.5204658,249,1,10,-0.42559275,-0.3749314,0.15327482,854.0,0.44833982,0.17149287,0.6737406,1952.0,26.01778,"{""geodesic"":false,""type"":""Point"",""coordinates"":[29.250538039622004,40.25418161785885]}",29.250538039622004,40.25418161785885,0.7403432928855632,High
1_276_0,202.26811,0.95646995,0.599134,0.6713755,368,1,10,-0.4358308,-0.3675352,0.124928035,977.0,0.5206391,0.23159881,0.7963036,2284.0,15.63573,"{""geodesic"":false,""type"":""Point"",""coordinates"":[29.24478882180364,40.25615791148391]}",29.24478882180364,40.25615791148391,0.9192372678508175,Very High
1_277_0,177.11485,1.0226712,0.6672611,0.63893074,293,1,10,-0.4904267,-0.4298393,0.1411945,931.5,0.5322445,0.23742181,0.7801252,2275.0,22.851347,"{""geodesic"":false,""type"":""Point"",""coordinates"":[29.240297245383044,40.256786732182796]}",29.240297245383044,40.256786732182796,0.970699236708305,Very High
1_278_0,267.69983,0.89367217,0.5627655,0.5327976,289,1,10,-0.3609805,-0.30787417,0.17252003,951.5,0.53269166,0.2548913,0.70531756,2309.0,21.965866,"{""geodesic"":false,""type"":""Point"",""coordinates"":[29.25179568101977,40.25463077550091]}",29.25179568101977,40.25463077550091,0.87703581398634,Very High
1_279_0,99.98491,0.83734465,0.47654292,0.49500796,558,1,10,-0.42767543,-0.36604428,0.18314424,730.0,0.40966922,0.11049862,0.6781522,2216.0,15.646679,"{""geodesic"":false,""type"":""Point"",""coordinates"":[29.285482504174254,40.27897511970055]}",29.285482504174254,40.27897511970055,0.25097394530280404,Medium
1_280_0,232.64864,0.76367396,0.47703093,0.53498006,234,1,10,-0.32644996,-0.2968729,0.14372294,1321.0,0.43722397,0.180158,0.678703,2278.0,29.262516,"{""geodesic"":false,""type"":""Point"",""coordinates"":[29.252065175605008,40.25166633506331]}",29.252065175605008,40.25166633506331,0.8434278407550405,Very High
1_281_0,177.65509,0.9343043,0.5810707,0.6230995,358,1,10,-0.44013807,-0.3857807,0.12307208,892.0,0.49416623,0.19529006,0.7461716,2081.0,27.404156,"{""geodesic"":false,""type"":""Point"",""coordinates"":[29.24110572913875,40.25813420510897]}",29.24110572913875,40.25813420510897,0.9466930229199043,Very High
1_282_0,135.49596,0.87110376,0.5387393,0.61455804,538,1,10,-0.38848695,-0.33764908,0.110539846,972.0,0.4826168,0.20109025,0.7250979,1983.0,19.958874,"{""geodesic"":false,""type"":""Point"",""coordinates"":[29.245956631672996,40.26181729777387]}",29.245956631672996,40.26181729777387,0.8360224351852913,Very High
1_283_0,292.60056,0.95144755,0.6024303,0.57823414,349,1,10,-0.4110003,-0.33730024,0.14680788,974.5,0.54044724,0.26513004,0.72504205,2566.0,26.815113,"{""geodesic"":false,""type"":""Point"",""coordinates"":[29.253232985474362,40.255978248427084]}",29.253232985474362,40.255978248427084,0.7066478168467409,High
1_284_0,174.01547,0.9595262,0.59839916,0.6544539,404,1,10,-0.45678645,-0.39124647,0.108149044,914.5,0.5027397,0.20715268,0.7626029,2194.0,22.141993,"{""geodesic"":false,""type"":""Point"",""coordinates"":[29.243621011934284,40.25894268886468]}",29.243621011934284,40.25894268886468,0.9542420085924762,Very High
1_285_0,149.7841,0.9547795,0.6090574,0.6423105,395,1,10,-0.44575936,-0.37486094,0.11360634,843.0,0.50902015,0.23419644,0.75591683,2133.0,9.569857,"{""geodesic"":false,""type"":""Point"",""coordinates"":[29.245148147917288,40.257685047466914]}",29.245148147917288,40.257685047466914,0.5382435737270136,High
1_286_0,213.23293,0.8991277,0.5552316,0.5841679,429,1,10,-0.40629154,-0.3516129,0.15517241,1005.0,0.49283618,0.20361865,0.7393403,2162.0,17.204996,"{""geodesic"":false,""type"":""Point"",""coordinates"":[29.240387076911453,40.25966134109198]}",29.240387076911453,40.25966134109198,0.9068224424475542,Very High
1_287_0,134.16376,0.7915431,0.4603048,0.53918755,499,1,10,-0.33031347,-0.27868852,0.16007534,924.0,0.46122965,0.18161626,0.6992629,1729.0,18.018858,"{""geodesic"":false,""type"":""Point"",""coordinates"":[29.246405789315055,40.26109864554657]}",29.246405789315055,40.26109864554657,0.8686935980017796,Very High
1_288_0,298.59525,1.0160286,0.6496926,0.62073064,303,1,10,-0.46712288,-0.39544305,0.13967547,895.5,0.5489058,0.25424954,0.7604061,2601.0,26.89993,"{""geodesic"":false,""type"":""Point"",""coordinates"":[29.252873659360716,40.25705622676803]}",29.252873659360716,40.25705622676803,0.7916999184215672,Very High
1_289_0,182.67943,0.90890694,0.5787654,0.5374615,361,1,10,-0.48186702,-0.4195975,0.1092739,771.5,0.4270399,0.15916787,0.64673537,1797.0,24.406345,"{""geodesic"":false,""type"":""Point"",""coordinates"":[29.240117582326217,40.25795454205215]}",29.240117582326217,40.25795454205215,0.9227361348121866,Very High
1_290_0,261.02777,0.8199301,0.5043154,0.55805516,383,1,10,-0.34578127,-0.30962962,0.13216715,1165.0,0.4741488,0.19468574,0.6902223,2338.0,31.913986,"{""geodesic"":false,""type"":""Point"",""coordinates"":[29.238949772456863,40.25975117262039]}",29.238949772456863,40.25975117262039,0.8552515564676969,Very High
1_291_0,135.49619,0.8318931,0.48456478,0.608896,519,1,10,-0.41726866,-0.35182706,0.095376655,847.0,0.41462442,0.13273771,0.7042727,1775.0,24.415442,"{""geodesic"":false,""type"":""Point"",""coordinates"":[29.24577696861617,40.2613681401318]}",29.24577696861617,40.2613681401318,0.7216637466576371,High
1_292_0,223.99258,0.8759978,0.58678275,0.6150593,279,1,10,-0.46775287,-0.4473035,0.10969568,784.0,0.4082449,0.13947923,0.724755,2024.0,23.14748,"{""geodesic"":false,""type"":""Point"",""coordinates"":[29.253322817002775,40.25121717742125]}",29.253322817002775,40.25121717742125,0.9009588548545158,Very High
1_293_0,130.01256,0.84050983,0.4908996,0.5167954,373,1,10,-0.38709152,-0.3190029,0.122357845,942.5,0.45341828,0.1718967,0.63915324,2110.0,15.479986,"{""geodesic"":false,""type"":""Point"",""coordinates"":[29.245417642502524,40.256786732182796]}",29.245417642502524,40.256786732182796,0.5634049765735037,High
1_294_0,141.82553,0.9780281,0.6166524,0.63977593,357,1,10,-0.4880368,-0.42378733,0.11900771,834.5,0.4899913,0.1928651,0.75878364,2140.0,22.38349,"{""geodesic"":false,""type"":""Point"",""coordinates"":[29.245417642502524,40.256247743012324]}",29.245417642502524,40.256247743012324,0.8949510425066296,Very High
1_295_0,218.88155,0.9686765,0.6123123,0.61171955,338,1,10,-0.43893522,-0.378886,0.14030915,959.0,0.5297413,0.23342633,0.7520287,2321.0,15.127463,"{""geodesic"":false,""type"":""Point"",""coordinates"":[29.242812528178575,40.256786732182796]}",29.242812528178575,40.256786732182796,0.9285212717340452,Very High
1_296_0,158.25696,0.8738247,0.5226914,0.6110639,447,1,10,-0.40437073,-0.33190194,0.08926488,933.5,0.46945402,0.19078948,0.70032877,1810.0,21.842712,"{""geodesic"":false,""type"":""Point"",""coordinates"":[29.24568713708776,40.25975117262039]}",29.24568713708776,40.25975117262039,0.9298535144737061,Very High
1_297_0,220.10962,1.0018152,0.66833246,0.58141005,303,1,10,-0.50335133,-0.4493384,0.121033214,759.5,0.4984639,0.21899407,0.7024433,1951.0,16.505564,"{""geodesic"":false,""type"":""Point"",""coordinates"":[29.237871794115918,40.25660706912597]}",29.237871794115918,40.25660706912597,0.9475022440316343,Very High
1_298_0,158.53906,0.8396374,0.52140653,0.61096495,462,1,10,-0.3788009,-0.3267548,0.10344828,904.0,0.4608365,0.19465174,0.7144132,1921.0,27.556084,"{""geodesic"":false,""type"":""Point"",""coordinates"":[29.245417642502524,40.260110498734036]}",29.245417642502524,40.260110498734036,0.9086933039481462,Very High
1_299_0,234.83722,0.9962339,0.65471107,0.60797715,320,1,10,-0.4645348,-0.4103765,0.122681886,787.0,0.53169906,0.24433456,0.730659,2265.0,18.639404,"{""geodesic"":false,""type"":""Point"",""coordinates"":[29.24200404442287,40.25687656371121]}",29.24200404442287,40.25687656371121,0.965336649646557,Very High
1_300_0,172.00807,0.847679,0.51554906,0.5416738,360,1,10,-0.4392958,-0.37527758,0.11272248,844.0,0.40838322,0.1402715,0.65439624,1764.0,24.593708,"{""geodesic"":false,""type"":""Point"",""coordinates"":[29.240297245383044,40.25804437358056]}",29.240297245383044,40.25804437358056,0.8917138216523597,Very High
1_301_0,236.04579,0.83244616,0.5291175,0.5369318,404,1,10,-0.37900776,-0.32674718,0.1514393,920.0,0.4534384,0.20237038,0.6883711,2029.0,23.49661,"{""geodesic"":false,""type"":""Point"",""coordinates"":[29.239309098570512,40.259571509563564]}",29.239309098570512,40.259571509563564,0.9415294573192813,Very High
1_302_0,198.13817,0.9717401,0.6211254,0.6219915,308,1,10,-0.4437144,-0.39282867,0.13426615,952.5,0.5280257,0.22829674,0.7562577,2140.0,22.235796,"{""geodesic"":false,""type"":""Point"",""coordinates"":[29.241195560667162,40.25705622676803]}",29.241195560667162,40.25705622676803,0.9745379978036159,Very High
1_303_0,199.26138,0.9590369,0.59345937,0.60066044,425,1,10,-0.45972657,-0.37176785,0.111487634,820.0,0.49931034,0.22169149,0.7121481,2174.0,27.222607,"{""geodesic"":false,""type"":""Point"",""coordinates"":[29.244429495689992,40.25903252039309]}",29.244429495689992,40.25903252039309,0.9501168126568916,Very High
1_304_0,222.01534,1.0575339,0.66626465,0.6692169,404,1,10,-0.46543503,-0.37217847,0.12089972,897.0,0.5920988,0.29408616,0.7901166,2418.0,19.219,"{""geodesic"":false,""type"":""Point"",""coordinates"":[29.244609158746815,40.258673194279446]}",29.244609158746815,40.258673194279446,0.883713652003971,Very High
1_305_0,275.0324,0.9090263,0.6064673,0.5867916,308,1,10,-0.38069704,-0.34035337,0.13968548,924.0,0.5283293,0.26611394,0.726477,2367.0,28.969957,"{""geodesic"":false,""type"":""Point"",""coordinates"":[29.25215500713342,40.255349427728206]}",29.25215500713342,40.255349427728206,0.7967287060492763,Very High
1_306_0,203.59492,0.9336217,0.5847685,0.63217753,312,1,10,-0.40429112,-0.35194507,0.13461539,1062.0,0.52933055,0.23282337,0.7667929,2216.0,20.352625,"{""geodesic"":false,""type"":""Point"",""coordinates"":[29.241465055252398,40.256966395239616]}",29.241465055252398,40.256966395239616,0.9755170740659389,Very High
1_307_0,113.33089,0.8476734,0.5308684,0.6044334,489,1,10,-0.39461803,-0.35649836,0.14091219,838.0,0.4530554,0.17437005,0.7453456,2039.0,27.984491,"{""geodesic"":false,""type"":""Point"",""coordinates"":[29.249280398224236,40.26343426528528]}",29.249280398224236,40.26343426528528,0.7121167277584979,High
1_308_0,260.87485,0.83628875,0.52293456,0.4891683,555,1,10,-0.43525252,-0.39328688,0.14730538,718.5,0.40103626,0.12964769,0.63647366,2028.0,22.209612,"{""geodesic"":false,""type"":""Point"",""coordinates"":[29.27048063892946,40.27349539646742]}",29.27048063892946,40.27349539646742,0.879823957027593,Very High
1_309_0,196.58353,0.87827724,0.5503115,0.6037163,335,1,10,-0.43341032,-0.37785292,0.11820115,920.0,0.44486693,0.17245859,0.7219175,1805.0,20.384424,"{""geodesic"":false,""type"":""Point"",""coordinates"":[29.244429495689992,40.25516976467138]}",29.244429495689992,40.25516976467138,0.9335179262856816,Very High
1_310_0,280.43762,0.85989773,0.5420146,0.5241902,270,1,10,-0.3910682,-0.3415987,0.1624424,1009.0,0.4688295,0.20041591,0.6866326,2309.0,32.024975,"{""geodesic"":false,""type"":""Point"",""coordinates"":[29.251436354906126,40.255529090785025]}",29.251436354906126,40.255529090785025,0.663147631246438,High
1_311_0,153.83171,1.0214977,0.6685603,0.64492756,264,1,10,-0.51449496,-0.45606837,0.11570828,795.5,0.50700283,0.21249194,0.7606358,1883.0,16.09726,"{""geodesic"":false,""type"":""Point"",""coordinates"":[29.238949772456863,40.25588841689868]}",29.238949772456863,40.25588841689868,0.7828778757288273,Very High
1_312_0,118.31072,0.8483603,0.5212885,0.58992016,397,1,10,-0.43542498,-0.39482018,0.0932346,812.0,0.41293532,0.12646835,0.68315476,1846.0,22.273926,"{""geodesic"":false,""type"":""Point"",""coordinates"":[29.246226126258232,40.2583138681658]}",29.246226126258232,40.2583138681658,0.6128632647268643,High
1_313_0,169.39696,0.89897305,0.5415952,0.6115764,440,1,10,-0.4206762,-0.34340456,0.08361204,891.0,0.47829682,0.19819064,0.69518846,1788.0,19.07786,"{""geodesic"":false,""type"":""Point"",""coordinates"":[29.2452379794457,40.259571509563564]}",29.2452379794457,40.259571509563564,0.9348259253270961,Very High
1_314_0,244.09502,0.87100816,0.55355006,0.5820613,288,1,10,-0.42549875,-0.37034506,0.11460538,921.5,0.4455094,0.183205,0.69666666,2036.0,27.417744,"{""geodesic"":false,""type"":""Point"",""coordinates"":[29.25305332241754,40.251756166591726]}",29.25305332241754,40.251756166591726,0.9334966828732496,Very High
1_315_0,191.68999,0.90785694,0.5622689,0.5780947,489,1,10,-0.45857096,-0.39832246,0.123173274,807.0,0.44928598,0.16394648,0.701268,1979.0,32.135582,"{""geodesic"":false,""type"":""Point"",""coordinates"":[29.244429495689992,40.26020033026245]}",29.244429495689992,40.26020033026245,0.9071561210724504,Very High
1_316_0,217.39032,0.8791753,0.5839078,0.54603505,191,1,10,-0.47668567,-0.4485684,0.14537445,780.0,0.40248963,0.1353394,0.6914095,2028.0,26.057909,"{""geodesic"":false,""type"":""Point"",""coordinates"":[29.252424501718657,40.24969004143825]}",29.252424501718657,40.24969004143825,0.7928514160050516,Very High
1_317_0,270.0,0.66880107,0.36816013,0.37832305,568,1,10,-0.30920482,-0.27739352,0.1921922,992.5,0.35959628,0.090766616,0.5705152,2088.0,30.713299,"{""geodesic"":false,""type"":""Point"",""coordinates"":[29.27092979657152,40.27331573341059]}",29.27092979657152,40.27331573341059,0.6368476529158641,High
1_318_0,247.5406,0.8944385,0.5620375,0.53801155,322,1,10,-0.45181555,-0.39794716,0.1326369,894.5,0.44262296,0.16409037,0.67064846,1958.0,28.84823,"{""geodesic"":false,""type"":""Point"",""coordinates"":[29.243621011934284,40.255529090785025]}",29.243621011934284,40.255529090785025,0.9218584571937565,Very High
1_319_0,225.22733,1.0543517,0.70257133,0.6925979,333,1,10,-0.45662308,-0.3986689,0.13540685,903.5,0.5977286,0.30390245,0.8280048,2673.0,16.635954,"{""geodesic"":false,""type"":""Point"",""coordinates"":[29.24209387595128,40.257235889824855]}",29.24209387595128,40.257235889824855,0.6336113241810478,High
1_320_0,290.8857,0.96209013,0.60589856,0.61035484,292,1,10,-0.41351193,-0.34172252,0.1472515,1007.0,0.5485782,0.26417604,0.7576063,2614.0,24.421307,"{""geodesic"":false,""type"":""Point"",""coordinates"":[29.25260416477548,40.25687656371121]}",29.25260416477548,40.25687656371121,0.8036811250145143,Very High
1_321_0,235.51743,0.91244376,0.5909443,0.5752554,380,1,10,-0.39940915,-0.350894,0.14567484,1016.5,0.5130346,0.24005027,0.7209302,2220.0,14.430939,"{""geodesic"":false,""type"":""Point"",""coordinates"":[29.244070169576343,40.2575952159385]}",29.244070169576343,40.2575952159385,0.914982547228993,Very High
1_322_0,197.45822,0.964057,0.6109218,0.63756496,442,1,10,-0.44345146,-0.3866531,0.12875,903.0,0.52060556,0.22426869,0.766315,2260.0,22.988419,"{""geodesic"":false,""type"":""Point"",""coordinates"":[29.242543033593343,40.25966134109198]}",29.242543033593343,40.25966134109198,0.9619222793235462,Very High
1_323_0,253.6413,1.086861,0.72675866,0.6345221,314,1,10,-0.5362563,-0.47044098,0.15303983,687.5,0.5506047,0.25631768,0.7875619,2436.0,16.033276,"{""geodesic"":false,""type"":""Point"",""coordinates"":[29.252873659360716,40.25418161785885]}",29.252873659360716,40.25418161785885,0.9389566274367852,Very High
1_324_0,134.77115,0.860207,0.5128582,0.62240446,479,1,10,-0.39697024,-0.32995334,0.10170057,826.0,0.46323678,0.18290487,0.724105,1806.0,30.862911,"{""geodesic"":false,""type"":""Point"",""coordinates"":[29.24667528390029,40.26073931943292]}",29.24667528390029,40.26073931943292,0.9192742595318157,Very High
1_325_0,188.59778,0.983194,0.63239294,0.62572116,342,1,10,-0.4281279,-0.37036404,0.15485893,921.0,0.5550661,0.2620289,0.7805801,2118.0,23.057785,"{""geodesic"":false,""type"":""Point"",""coordinates"":[29.24101589761034,40.257685047466914]}",29.24101589761034,40.257685047466914,0.9740554159998751,Very High
1_326_0,119.35,0.9150383,0.56753373,0.6565649,376,1,10,-0.42365742,-0.3636892,0.08885942,821.0,0.49138084,0.2038445,0.7454243,2098.0,24.814526,"{""geodesic"":false,""type"":""Point"",""coordinates"":[29.245866800144583,40.25714605829644]}",29.245866800144583,40.25714605829644,0.7637604907533825,Very High
1_327_0,234.13116,0.8730139,0.55911636,0.5633695,194,1,10,-0.39832255,-0.36042094,0.14825505,1094.0,0.47469136,0.19869544,0.71162456,2389.0,26.440853,"{""geodesic"":false,""type"":""Point"",""coordinates"":[29.251436354906126,40.25121717742125]}",29.251436354906126,40.25121717742125,0.6941944805247808,High
1_328_0,156.40543,1.0264884,0.6683444,0.5769709,267,1,10,-0.5195012,-0.45955643,0.13260424,828.5,0.50698715,0.20878792,0.7095751,2022.0,14.840498,"{""geodesic"":false,""type"":""Point"",""coordinates"":[29.238500614814804,40.25588841689868]}",29.238500614814804,40.25588841689868,0.7124694158113071,High
1_329_0,251.88911,1.0197781,0.668729,0.6586048,399,1,10,-0.48062828,-0.41382706,0.10549777,744.0,0.5391499,0.25490198,0.7641026,2064.0,8.879202,"{""geodesic"":false,""type"":""Point"",""coordinates"":[29.244609158746815,40.25804437358056]}",29.244609158746815,40.25804437358056,0.8358069400477747,Very High
1_330_0,258.64453,0.9288443,0.6014821,0.5762238,340,1,10,-0.42633638,-0.36742657,0.14243324,770.0,0.50250787,0.23405553,0.718657,2022.0,22.346352,"{""geodesic"":false,""type"":""Point"",""coordinates"":[29.238500614814804,40.25795454205215]}",29.238500614814804,40.25795454205215,0.9353659735921434,Very High
1_331_0,196.82538,0.9523877,0.59411436,0.5801939,449,1,10,-0.47109005,-0.40278274,0.117489986,837.0,0.48129764,0.19133162,0.6976839,2089.0,23.735342,"{""geodesic"":false,""type"":""Point"",""coordinates"":[29.24424983263317,40.25966134109198]}",29.24424983263317,40.25966134109198,0.9513059018452463,Very High
1_332_0,220.11008,0.92180943,0.6053533,0.5776205,345,1,10,-0.4400297,-0.3892264,0.11745091,754.0,0.48177975,0.2161269,0.6950714,1840.0,16.50567,"{""geodesic"":false,""type"":""Point"",""coordinates"":[29.23885994092845,40.25786471052374]}",29.23885994092845,40.25786471052374,0.9115219825242914,Very High
1_333_0,203.59467,0.9327524,0.5975044,0.58454245,318,1,10,-0.4294342,-0.37996545,0.14258434,897.5,0.5033182,0.2175389,0.7271268,2152.0,22.974447,"{""geodesic"":false,""type"":""Point"",""coordinates"":[29.242363370536516,40.255978248427084]}",29.242363370536516,40.255978248427084,0.9639779660695215,Very High
1_334_0,232.64943,0.96643174,0.6417461,0.59235245,273,1,10,-0.45134056,-0.40981516,0.14320987,926.0,0.51509124,0.23193096,0.7355623,2284.0,19.129986,"{""geodesic"":false,""type"":""Point"",""coordinates"":[29.25170584949136,40.25373246021679]}",29.25170584949136,40.25373246021679,0.965728211784644,Very High
1_335_0,261.32138,0.9099226,0.57036906,0.6200598,279,1,10,-0.42511135,-0.373483,0.09898882,1032.5,0.48481125,0.19688606,0.71904856,2114.0,17.84034,"{""geodesic"":false,""type"":""Point"",""coordinates"":[29.25224483866183,40.25292397646108]}",29.25224483866183,40.25292397646108,0.9081464069174707,Very High
1_336_0,180.0,1.0067095,0.65368176,0.6602651,265,1,10,-0.46994886,-0.4215943,0.1217862,829.0,0.5367606,0.23208746,0.78205127,2085.0,20.421242,"{""geodesic"":false,""type"":""Point"",""coordinates"":[29.240387076911453,40.255978248427084]}",29.240387076911453,40.255978248427084,0.9655507631792501,Very High
1_337_0,134.45439,0.80648154,0.45999572,0.5870813,480,1,10,-0.3323453,-0.278334,0.13084406,901.0,0.47413626,0.18166171,0.71792537,1888.0,22.589954,"{""geodesic"":false,""type"":""Point"",""coordinates"":[29.247483767656,40.261278308603394]}",29.247483767656,40.261278308603394,0.9230539625258424,Very High
1_338_0,239.30783,1.0157084,0.68851817,0.6176605,284,1,10,-0.52062124,-0.46822357,0.11790744,694.5,0.49508724,0.2202946,0.735568,1864.0,12.51667,"{""geodesic"":false,""type"":""Point"",""coordinates"":[29.237242973417036,40.256247743012324]}",29.237242973417036,40.256247743012324,0.8790849413168839,Very High
1_339_0,259.20096,0.83035564,0.5289446,0.4915355,540,1,10,-0.40892345,-0.39518324,0.1626409,722.0,0.42143217,0.13376138,0.6541764,2119.0,23.363604,"{""geodesic"":false,""type"":""Point"",""coordinates"":[29.270390807401046,40.27313607035377]}",29.270390807401046,40.27313607035377,0.8320119560010187,Very High
1_340_0,180.0,0.97610694,0.6196299,0.61872166,329,1,10,-0.44715214,-0.3823103,0.14790419,958.5,0.5289548,0.23731962,0.7666259,2165.0,22.032898,"{""geodesic"":false,""type"":""Point"",""coordinates"":[29.24056673996828,40.2575952159385]}",29.24056673996828,40.2575952159385,0.9739180317996151,Very High
1_341_0,168.7701,0.8882444,0.5512681,0.5901199,486,1,10,-0.46268657,-0.40570983,0.10869565,765.0,0.42555782,0.14555827,0.6988156,1757.0,28.573772,"{""geodesic"":false,""type"":""Point"",""coordinates"":[29.24469899027523,40.26020033026245]}",29.24469899027523,40.26020033026245,0.883991953991659,Very High
1_342_0,261.72943,0.8942431,0.56792885,0.5744356,322,1,10,-0.38479775,-0.33621103,0.14348665,1038.0,0.50944537,0.23171784,0.7179223,2497.0,24.234207,"{""geodesic"":false,""type"":""Point"",""coordinates"":[29.238051457172745,40.25822403663739]}",29.238051457172745,40.25822403663739,0.6810737740829127,High
1_343_0,244.9967,0.89439297,0.5569325,0.58593297,349,1,10,-0.36673126,-0.31609625,0.16201118,1144.0,0.5276617,0.24083628,0.7479442,2285.0,22.84505,"{""geodesic"":false,""type"":""Point"",""coordinates"":[29.243980338047933,40.255978248427084]}",29.243980338047933,40.255978248427084,0.9702949730723367,Very High
1_344_0,180.0,1.0023419,0.6437557,0.64777607,441,1,10,-0.47684446,-0.41708186,0.13043478,819.0,0.52549744,0.22667384,0.7782109,2281.0,21.231472,"{""geodesic"":false,""type"":""Point"",""coordinates"":[29.24164471830922,40.259841004148804]}",29.24164471830922,40.259841004148804,0.9604531763683135,Very High
1_345_0,164.73047,0.9053318,0.58638287,0.6516709,396,1,10,-0.39051992,-0.3458898,0.11424288,929.0,0.5148119,0.24049304,0.7659138,2365.0,21.93581,"{""geodesic"":false,""type"":""Point"",""coordinates"":[29.246944778485528,40.25894268886468]}",29.246944778485528,40.25894268886468,0.896207210443276,Very High
1_346_0,232.64954,1.0828321,0.7180645,0.6137017,316,1,10,-0.55086195,-0.48440006,0.14716382,723.0,0.53197014,0.23366441,0.7608655,2360.0,12.049371,"{""geodesic"":false,""type"":""Point"",""coordinates"":[29.25305332241754,40.2538222917452]}",29.25305332241754,40.2538222917452,0.8814507277496927,Very High
1_347_0,108.73031,0.9268009,0.57314444,0.54002476,561,1,10,-0.506965,-0.45446053,0.16683316,584.0,0.41983595,0.118683904,0.7068579,1904.0,11.400539,"{""geodesic"":false,""type"":""Point"",""coordinates"":[29.28539267264584,40.27852596205849]}",29.28539267264584,40.27852596205849,0.3379662343417384,Medium
1_348_0,188.76378,0.9296236,0.5906349,0.58928394,348,1,10,-0.4697515,-0.41345972,0.114954956,773.5,0.4598721,0.17717518,0.7042389,1769.0,15.559486,"{""geodesic"":false,""type"":""Point"",""coordinates"":[29.239129435513686,40.257685047466914]}",29.239129435513686,40.257685047466914,0.878254559462345,Very High
1_349_0,241.88675,0.93917483,0.5895473,0.62549233,304,1,10,-0.4496833,-0.39096573,0.12615207,977.5,0.48949152,0.19858156,0.75164443,2197.0,25.684986,"{""geodesic"":false,""type"":""Point"",""coordinates"":[29.25341264853119,40.25202566117696]}",29.25341264853119,40.25202566117696,0.9546910140245016,Very High
1_350_0,140.68126,0.8496191,0.50424004,0.63691556,509,1,10,-0.40349627,-0.33333334,0.07627937,836.0,0.44612285,0.17090672,0.71319497,1795.0,26.665092,"{""geodesic"":false,""type"":""Point"",""coordinates"":[29.247753262241233,40.26262578152957]}",29.247753262241233,40.26262578152957,0.8911290101233421,Very High
1_351_0,255.0487,0.8742408,0.56726193,0.52789915,619,1,10,-0.49304426,-0.45546284,0.15806851,701.5,0.3811966,0.111799106,0.6859677,2424.0,23.711416,"{""geodesic"":false,""type"":""Point"",""coordinates"":[29.27200777491246,40.273675059524244]}",29.27200777491246,40.273675059524244,0.6712394140421372,High
1_352_0,131.3636,0.7955608,0.4632599,0.56771064,478,1,10,-0.38916436,-0.33626023,0.10315091,831.5,0.40639642,0.12699968,0.67086154,1726.0,20.175295,"{""geodesic"":false,""type"":""Point"",""coordinates"":[29.24892107211059,40.26253595000116]}",29.24892107211059,40.26253595000116,0.4988035980009239,Medium
1_353_0,227.51714,0.9990222,0.64126444,0.6881982,382,1,10,-0.42334884,-0.34713003,0.10036196,836.0,0.57567334,0.29413444,0.78856015,2267.0,16.04656,"{""geodesic"":false,""type"":""Point"",""coordinates"":[29.244609158746815,40.25714605829644]}",29.244609158746815,40.25714605829644,0.9105456482173664,Very High
1_354_0,240.22055,0.7656629,0.4598827,0.45497686,614,1,10,-0.40678832,-0.36958492,0.16010673,869.5,0.3588746,0.09029779,0.6150836,2270.0,21.361313,"{""geodesic"":false,""type"":""Point"",""coordinates"":[29.271828111855637,40.27313607035377]}",29.271828111855637,40.27313607035377,0.6974673262264798,High
1_355_0,173.49971,0.9029716,0.5752347,0.6001861,337,1,10,-0.43728814,-0.37986076,0.1278567,913.0,0.4656835,0.19537394,0.7280428,1938.0,20.542368,"{""geodesic"":false,""type"":""Point"",""coordinates"":[29.244609158746815,40.25516976467138]}",29.244609158746815,40.25516976467138,0.9494472257768126,Very High
1_356_0,275.44955,0.9796805,0.62385213,0.6313986,320,1,10,-0.4628025,-0.3996661,0.120598316,899.0,0.516878,0.22418605,0.75199693,2303.0,18.824509,"{""geodesic"":false,""type"":""Point"",""coordinates"":[29.25359231158801,40.25238498729061]}",29.25359231158801,40.25238498729061,0.8043600150293464,Very High
1_357_0,254.49022,0.9814645,0.62655914,0.6447201,375,1,10,-0.45659494,-0.38410485,0.10607866,928.0,0.52486956,0.2424543,0.7507987,2192.0,13.61205,"{""geodesic"":false,""type"":""Point"",""coordinates"":[29.243980338047933,40.25750538441009]}",29.243980338047933,40.25750538441009,0.8659281140239676,Very High
1_358_0,197.32758,0.983306,0.62490046,0.6475337,369,1,10,-0.44030374,-0.37919202,0.10801782,995.0,0.54300225,0.24570844,0.7555515,2431.0,19.60102,"{""geodesic"":false,""type"":""Point"",""coordinates"":[29.243171854292225,40.25795454205215]}",29.243171854292225,40.25795454205215,0.9278760093921463,Very High
1_359_0,293.5617,0.96546483,0.6145401,0.60547554,338,1,10,-0.39002576,-0.3283258,0.15499426,1006.0,0.5754391,0.2862143,0.7604698,2848.0,32.940727,"{""geodesic"":false,""type"":""Point"",""coordinates"":[29.253143153945953,40.256247743012324]}",29.253143153945953,40.256247743012324,0.6238078702450397,High
1_360_0,240.6495,0.92723274,0.5930609,0.5756012,343,1,10,-0.41737932,-0.36595616,0.15757743,1056.0,0.5098535,0.22710472,0.7331787,2241.0,24.814186,"{""geodesic"":false,""type"":""Point"",""coordinates"":[29.24389050651952,40.255798585370265]}",29.24389050651952,40.255798585370265,0.9622060879029481,Very High
1_361_0,145.87032,0.860527,0.52407974,0.6215813,443,1,10,-0.43053558,-0.37111583,0.10381159,890.5,0.42999142,0.15296394,0.7253929,2086.0,29.55847,"{""geodesic"":false,""type"":""Point"",""coordinates"":[29.248292251411705,40.26073931943292]}",29.248292251411705,40.26073931943292,0.7869253745267454,Very High
1_362_0,165.85652,0.95851547,0.602574,0.5680954,298,1,10,-0.4566456,-0.3898305,0.1670526,882.0,0.50186986,0.21274348,0.73514795,2008.0,23.46273,"{""geodesic"":false,""type"":""Point"",""coordinates"":[29.2392192670421,40.256786732182796]}",29.2392192670421,40.256786732182796,0.9582899942150933,Very High
1_363_0,204.82053,1.0313417,0.6623821,0.64122784,459,1,10,-0.49333772,-0.4339276,0.14328137,770.0,0.538004,0.22845453,0.7845092,2327.0,16.867277,"{""geodesic"":false,""type"":""Point"",""coordinates"":[29.241465055252398,40.26037999331927]}",29.241465055252398,40.26037999331927,0.9061350559004044,Very High
1_364_0,198.76427,0.9568956,0.61333215,0.6235361,421,1,10,-0.4515489,-0.3943377,0.11684276,898.5,0.50534666,0.21899441,0.74037886,2182.0,24.778236,"{""geodesic"":false,""type"":""Point"",""coordinates"":[29.24290235970699,40.259122351921505]}",29.24290235970699,40.259122351921505,0.9637317632046389,Very High
1_365_0,288.56177,0.867404,0.5473986,0.5600723,257,1,10,-0.3959325,-0.35140157,0.13866232,1047.0,0.47147146,0.19599707,0.69873464,2450.0,29.221737,"{""geodesic"":false,""type"":""Point"",""coordinates"":[29.25116686032089,40.25561892231344]}",29.25116686032089,40.25561892231344,0.6323157759919691,High
1_366_0,162.54239,0.9284687,0.60151184,0.5272664,321,1,10,-0.4510258,-0.39163917,0.1508845,829.5,0.4774429,0.20987266,0.6781509,1924.0,22.98835,"{""geodesic"":false,""type"":""Point"",""coordinates"":[29.239668424684158,40.25732572135327]}",29.239668424684158,40.25732572135327,0.9208492893802378,Very High
1_367_0,223.61877,0.86820596,0.5545659,0.58256626,228,1,10,-0.42309344,-0.3712771,0.11442786,1008.0,0.44511253,0.18328878,0.6969941,2103.0,26.193975,"{""geodesic"":false,""type"":""Point"",""coordinates"":[29.251436354906126,40.25202566117696]}",29.251436354906126,40.25202566117696,0.8691798029816414,Very High
1_368_0,245.39749,1.0101916,0.62059414,0.6208506,355,1,10,-0.4613583,-0.38370848,0.14885116,862.5,0.5488332,0.2368857,0.7697018,2240.0,19.287315,"{""geodesic"":false,""type"":""Point"",""coordinates"":[29.24308202276381,40.257415552881675]}",29.24308202276381,40.257415552881675,0.9724508176347698,Very High
1_369_0,247.5406,0.9148451,0.5764676,0.55759054,322,1,10,-0.45956054,-0.40217203,0.1296417,867.0,0.45528457,0.17429551,0.6872322,1969.0,28.84823,"{""geodesic"":false,""type"":""Point"",""coordinates"":[29.243621011934284,40.25561892231344]}",29.243621011934284,40.25561892231344,0.9289773439443721,Very High
1_370_0,228.90385,0.8470434,0.54932797,0.5881109,231,1,10,-0.40355366,-0.36558816,0.12583847,1049.0,0.44348976,0.18373984,0.7139494,2184.0,21.505835,"{""geodesic"":false,""type"":""Point"",""coordinates"":[29.250987197264063,40.25211549270537]}",29.250987197264063,40.25211549270537,0.8827840423884317,Very High
1_371_0,174.45576,0.88703406,0.53038746,0.58955485,491,1,10,-0.4140638,-0.34344003,0.10557832,877.0,0.47297028,0.18694744,0.69513315,1846.0,23.707434,"{""geodesic"":false,""type"":""Point"",""coordinates"":[29.245507474030937,40.26064948790451]}",29.245507474030937,40.26064948790451,0.9258461523039161,Very High
1_372_0,219.82314,0.87191373,0.5302347,0.5863412,375,1,10,-0.4153292,-0.3631823,0.13046232,892.5,0.45658454,0.16705242,0.71680355,2143.0,13.053317,"{""geodesic"":false,""type"":""Point"",""coordinates"":[29.244609158746815,40.25633757454074]}",29.244609158746815,40.25633757454074,0.7549884314445524,Very High
1_373_0,180.0,0.85643893,0.5367178,0.57123226,297,1,10,-0.46105874,-0.4041052,0.1260606,929.0,0.3953802,0.13261256,0.69729286,2069.0,15.386483,"{""geodesic"":false,""type"":""Point"",""coordinates"":[29.242543033593343,40.25561892231344]}",29.242543033593343,40.25561892231344,0.675537040285875,High
1_374_0,203.59596,0.8419878,0.5006554,0.5756844,480,1,10,-0.4244186,-0.37067938,0.11118906,792.0,0.4175692,0.12997602,0.6868735,1767.0,32.453472,"{""geodesic"":false,""type"":""Point"",""coordinates"":[29.24424983263317,40.26037999331927]}",29.24424983263317,40.26037999331927,0.8658809986377561,Very High
1_375_0,172.7729,0.9586997,0.61729175,0.5986321,344,1,10,-0.44937834,-0.39285132,0.123188406,930.0,0.5093214,0.22444041,0.7218205,2024.0,26.832094,"{""geodesic"":false,""type"":""Point"",""coordinates"":[29.240387076911453,40.25786471052374]}",29.240387076911453,40.25786471052374,0.9554291624046027,Very High
1_376_0,151.64857,0.9104576,0.5790837,0.6358712,523,1,10,-0.4420554,-0.3819136,0.10942029,765.5,0.46840218,0.19717011,0.7452915,1946.0,17.364464,"{""geodesic"":false,""type"":""Point"",""coordinates"":[29.247483767656,40.2628054445864]}",29.247483767656,40.2628054445864,0.7931182974422055,Very High
1_377_0,169.86882,0.9640032,0.61377484,0.6200892,395,1,10,-0.46382722,-0.40675133,0.123773344,887.5,0.500176,0.2070235,0.7438625,2131.0,19.888697,"{""geodesic"":false,""type"":""Point"",""coordinates"":[29.24344134887746,40.258673194279446]}",29.24344134887746,40.258673194279446,0.9442156821848111,Very High
1_378_0,106.97036,0.94779116,0.6084753,0.50620484,546,1,10,-0.5177189,-0.46666667,0.20203045,592.0,0.43007222,0.14180864,0.7082353,2178.0,23.926262,"{""geodesic"":false,""type"":""Point"",""coordinates"":[29.28575199875949,40.278436130530075]}",29.28575199875949,40.278436130530075,0.4944139672547868,Medium
1_379_0,232.64977,1.055692,0.7008679,0.6523477,311,1,10,-0.51353115,-0.4525775,0.13589646,746.0,0.54216087,0.24829037,0.7882442,2373.0,16.357246,"{""geodesic"":false,""type"":""Point"",""coordinates"":[29.252514333247067,40.254361280915674]}",29.252514333247067,40.254361280915674,0.9493724399433209,Very High
1_380_0,185.75597,0.90425825,0.5663213,0.6082716,428,1,10,-0.4201326,-0.37562874,0.11925538,962.0,0.4841256,0.19069254,0.72752696,2162.0,22.929083,"{""geodesic"":false,""type"":""Point"",""coordinates"":[29.241914212894457,40.25948167803515]}",29.241914212894457,40.25948167803515,0.954143217012082,Very High
1_381_0,161.86107,0.8069937,0.47242016,0.61746836,453,1,10,-0.3592267,-0.30960044,0.10686096,911.5,0.447767,0.16281971,0.72432935,1864.0,25.499294,"{""geodesic"":false,""type"":""Point"",""coordinates"":[29.246226126258232,40.260110498734036]}",29.246226126258232,40.260110498734036,0.9031212701344524,Very High
1_382_0,183.94514,1.0338339,0.69171697,0.6815077,255,1,10,-0.51106125,-0.45941156,0.0990991,762.5,0.5227726,0.23230544,0.7806068,2098.0,17.134436,"{""geodesic"":false,""type"":""Point"",""coordinates"":[29.239937919269394,40.255798585370265]}",29.239937919269394,40.255798585370265,0.9423338045920866,Very High
1_383_0,147.7523,0.92504096,0.5786295,0.62794155,333,1,10,-0.44373178,-0.3910962,0.12235294,954.0,0.48130918,0.1875333,0.75029445,2229.0,27.329205,"{""geodesic"":false,""type"":""Point"",""coordinates"":[29.245507474030937,40.25543925925661]}",29.245507474030937,40.25543925925661,0.767483024657712,Very High
1_384_0,292.14734,0.92134786,0.55696225,0.59955674,321,1,10,-0.37179297,-0.3064833,0.15485278,1059.0,0.5495549,0.25047892,0.75440955,2611.0,34.490356,"{""geodesic"":false,""type"":""Point"",""coordinates"":[29.252783827832303,40.255978248427084]}",29.252783827832303,40.255978248427084,0.6100606281837363,High
1_385_0,183.12514,1.0111248,0.64880323,0.63793176,317,1,10,-0.46835443,-0.40607423,0.15536106,924.0,0.5427704,0.24272901,0.7932928,2286.0,21.260271,"{""geodesic"":false,""type"":""Point"",""coordinates"":[29.240476908439867,40.257235889824855]}",29.240476908439867,40.257235889824855,0.9694058731395616,Very High
1_386_0,208.34927,1.0078897,0.6587824,0.6582772,342,1,10,-0.4631639,-0.40393153,0.10947182,940.0,0.5447259,0.2548509,0.767749,2409.0,17.364132,"{""geodesic"":false,""type"":""Point"",""coordinates"":[29.242992191235402,40.256786732182796]}",29.242992191235402,40.256786732182796,0.9414653229792319,Very High
1_387_0,247.39862,0.88097703,0.55939835,0.57208025,236,1,10,-0.4498382,-0.39148456,0.1141773,807.5,0.4311388,0.1679138,0.68625754,1951.0,14.18309,"{""geodesic"":false,""type"":""Point"",""coordinates"":[29.25035837656518,40.25346296563155]}",29.25035837656518,40.25346296563155,0.7883303803547854,Very High
1_388_0,169.3941,0.7822123,0.49677587,0.4722037,562,1,10,-0.3768461,-0.3800948,0.23981042,654.0,0.4053662,0.11668107,0.71201414,1938.0,6.576247,"{""geodesic"":false,""type"":""Point"",""coordinates"":[29.2843146943049,40.27807680441643]}",29.2843146943049,40.27807680441643,0.4666246619897343,Medium
1_389_0,188.28368,1.0445849,0.6725436,0.66769,280,1,10,-0.4660754,-0.40029886,0.1444867,903.0,0.5785095,0.27224472,0.8121767,2277.0,23.829988,"{""geodesic"":false,""type"":""Point"",""coordinates"":[29.24065657149669,40.25642740606914]}",29.24065657149669,40.25642740606914,0.8853021603482064,Very High
1_390_0,201.74176,0.92520195,0.59507483,0.62678725,287,1,10,-0.3968162,-0.3438287,0.15457064,1042.0,0.5283857,0.25124612,0.7813579,2322.0,21.842533,"{""geodesic"":false,""type"":""Point"",""coordinates"":[29.242632865121752,40.25516976467138]}",29.242632865121752,40.25516976467138,0.9715988006248157,Very High
1_391_0,255.0487,0.7349604,0.41975084,0.41074327,619,1,10,-0.37846988,-0.33041576,0.15835962,918.0,0.3564905,0.0893351,0.5691029,2265.0,23.711416,"{""geodesic"":false,""type"":""Point"",""coordinates"":[29.271828111855637,40.27349539646742]}",29.271828111855637,40.27349539646742,0.719422597847416,High
1_392_0,161.12749,0.92294586,0.5980202,0.70573443,398,1,10,-0.44342315,-0.40322855,0.075321496,878.0,0.47952273,0.19479166,0.7810559,2294.0,21.478224,"{""geodesic"":false,""type"":""Point"",""coordinates"":[29.24658545237188,40.25876302580786]}",29.24658545237188,40.25876302580786,0.7601310749709773,Very High
1_393_0,239.88414,0.8223709,0.5279818,0.5483309,233,1,10,-0.41703624,-0.3856567,0.12183637,953.0,0.40533465,0.14232509,0.67016727,2147.0,31.507866,"{""geodesic"":false,""type"":""Point"",""coordinates"":[29.25260416477548,40.250768019779194]}",29.25260416477548,40.250768019779194,0.7957077064547882,Very High
1_394_0,247.85185,1.0579687,0.7111963,0.6530788,314,1,10,-0.45985603,-0.41464147,0.1479847,975.5,0.5981127,0.29655483,0.8010635,2879.0,18.957827,"{""geodesic"":false,""type"":""Point"",""coordinates"":[29.25341264853119,40.25337313410314]}",29.25341264853119,40.25337313410314,0.7719152917790779,Very High
1_395_0,174.83618,0.90327436,0.56171584,0.61385846,358,1,10,-0.39277947,-0.33513257,0.13742532,1047.0,0.5104949,0.22658327,0.75128376,1961.0,25.23724,"{""geodesic"":false,""type"":""Point"",""coordinates"":[29.24065657149669,40.25813420510897]}",29.24065657149669,40.25813420510897,0.9662315261343538,Very High
1_396_0,116.38372,0.9534425,0.6053646,0.6507004,360,1,10,-0.45630738,-0.3888783,0.11234783,799.5,0.49713516,0.21648638,0.76304823,2221.0,25.340376,"{""geodesic"":false,""type"":""Point"",""coordinates"":[29.24613629472982,40.25705622676803]}",29.24613629472982,40.25705622676803,0.6455309797124131,High
1_397_0,219.61047,0.93688416,0.60315007,0.64193475,312,1,10,-0.4178082,-0.36931923,0.11621799,850.0,0.51907593,0.23383084,0.7581527,2170.0,21.763508,"{""geodesic"":false,""type"":""Point"",""coordinates"":[29.242273539008107,40.256247743012324]}",29.242273539008107,40.256247743012324,0.9750417930015668,Very High
1_398_0,183.12514,0.8931646,0.5542152,0.5608639,326,1,10,-0.43316045,-0.37363654,0.1372944,847.0,0.46000412,0.18057865,0.6981583,1775.0,21.260271,"{""geodesic"":false,""type"":""Point"",""coordinates"":[29.238949772456863,40.25732572135327]}",29.238949772456863,40.25732572135327,0.9499546405515635,Very High
1_399_0,194.68561,0.9296145,0.5876908,0.64065313,396,1,10,-0.41595235,-0.36452734,0.12165178,1005.0,0.51366216,0.22316346,0.7623049,2202.0,26.6582,"{""geodesic"":false,""type"":""Point"",""coordinates"":[29.242722696650166,40.25849353122262]}",29.242722696650166,40.25849353122262,0.9668221800558805,Very High
1_400_0,250.12456,0.9332627,0.6011546,0.6637426,257,1,10,-0.41522145,-0.37327188,0.09973046,1020.0,0.51804125,0.22788274,0.76347303,2356.0,23.19655,"{""geodesic"":false,""type"":""Point"",""coordinates"":[29.250897365735653,40.2538222917452]}",29.250897365735653,40.2538222917452,0.917322708547114,Very High
1_401_0,242.42688,0.94495034,0.61038053,0.63764197,255,1,10,-0.39708883,-0.35033715,0.13582778,1108.0,0.5478615,0.26004335,0.77346975,2470.0,24.448149,"{""geodesic"":false,""type"":""Point"",""coordinates"":[29.25161601796295,40.25274431340426]}",29.25161601796295,40.25274431340426,0.9094464285776179,Very High
1_402_0,122.14652,0.81447774,0.49932384,0.5206674,539,1,10,-0.3413831,-0.30715936,0.17493473,900.0,0.4730946,0.19216448,0.6956021,1841.0,23.070364,"{""geodesic"":false,""type"":""Point"",""coordinates"":[29.246226126258232,40.26217662388751]}",29.246226126258232,40.26217662388751,0.7559936232071024,Very High
1_403_0,99.98491,0.83734465,0.47654292,0.49500796,558,1,10,-0.42767543,-0.36604428,0.18314424,730.0,0.40966922,0.11049862,0.6781522,2216.0,15.646679,"{""geodesic"":false,""type"":""Point"",""coordinates"":[29.285482504174254,40.27897511970055]}",29.285482504174254,40.27897511970055,0.25097394530280404,Medium
1_404_0,267.6999,1.0653023,0.711968,0.59798783,274,1,10,-0.4653022,-0.3980198,0.17787954,836.0,0.6,0.3139482,0.77586734,2892.0,21.966518,"{""geodesic"":false,""type"":""Point"",""coordinates"":[29.252065175605008,40.256966395239616]}",29.252065175605008,40.256966395239616,0.6312665185226838,High
1_405_0,136.6651,0.91126174,0.57285297,0.590407,454,1,10,-0.4400151,-0.3893696,0.14705883,741.0,0.47124663,0.18348339,0.7374658,1906.0,29.091206,"{""geodesic"":false,""type"":""Point"",""coordinates"":[29.246944778485528,40.260559656376095]}",29.246944778485528,40.260559656376095,0.9191012499752627,Very High
1_406_0,225.83167,0.7371976,0.4517664,0.5140121,222,1,10,-0.33277544,-0.31608292,0.14696716,1196.0,0.40442213,0.13568349,0.6609792,2239.0,33.044548,"{""geodesic"":false,""type"":""Point"",""coordinates"":[29.252873659360716,40.250318862137135]}",29.252873659360716,40.250318862137135,0.6727520812440086,High
1_407_0,249.11429,1.0350204,0.67619246,0.6700339,328,1,10,-0.4365963,-0.36278194,0.13643983,847.5,0.598424,0.31341052,0.80647373,2637.0,19.9638,"{""geodesic"":false,""type"":""Point"",""coordinates"":[29.24209387595128,40.256966395239616]}",29.24209387595128,40.256966395239616,0.6885787760491715,High
1_408_0,257.69882,1.0229653,0.6653629,0.6834093,317,1,10,-0.4539843,-0.39405262,0.110096976,973.0,0.56898105,0.27131027,0.79350626,2610.0,24.507576,"{""geodesic"":false,""type"":""Point"",""coordinates"":[29.25359231158801,40.25301380798949]}",29.25359231158801,40.25301380798949,0.8838417620910932,Very High
1_409_0,249.11288,0.8605817,0.54337114,0.5801291,294,1,10,-0.41536188,-0.36499277,0.111173496,989.5,0.4452198,0.17837837,0.6913026,2071.0,26.539526,"{""geodesic"":false,""type"":""Point"",""coordinates"":[29.253143153945953,40.25184599812014]}",29.253143153945953,40.25184599812014,0.9204154307289624,Very High
1_410_0,144.21806,0.8450932,0.5184245,0.6111947,481,1,10,-0.38862658,-0.3449186,0.106651805,744.5,0.45646662,0.17350587,0.71784645,1723.0,21.756104,"{""geodesic"":false,""type"":""Point"",""coordinates"":[29.247753262241233,40.26154780318863]}",29.247753262241233,40.26154780318863,0.922808866018594,Very High
1_411_0,180.0,1.0072533,0.6611854,0.6268805,265,1,10,-0.48071405,-0.430021,0.1332174,814.5,0.52653927,0.23116438,0.7600979,2157.0,20.421242,"{""geodesic"":false,""type"":""Point"",""coordinates"":[29.240387076911453,40.2560680799555]}",29.240387076911453,40.2560680799555,0.9651230210082722,Very High
1_412_0,138.86153,0.92690325,0.58914256,0.63091177,311,1,10,-0.4583815,-0.40733713,0.119140044,937.0,0.46852174,0.18180546,0.7500518,2111.0,24.293406,"{""geodesic"":false,""type"":""Point"",""coordinates"":[29.244968484860465,40.25463077550091]}",29.244968484860465,40.25463077550091,0.8862765266165379,Very High
1_413_0,245.39607,0.9627276,0.6354141,0.6072103,296,1,10,-0.47227958,-0.42625216,0.10696434,830.5,0.49044803,0.20916198,0.7141746,2204.0,19.286345,"{""geodesic"":false,""type"":""Point"",""coordinates"":[29.252873659360716,40.25301380798949]}",29.252873659360716,40.25301380798949,0.9330692311086415,Very High
1_414_0,159.47449,0.88306886,0.5367435,0.5987581,399,1,10,-0.43471864,-0.3566346,0.12683284,768.5,0.44835022,0.18010895,0.72559094,1679.0,13.603565,"{""geodesic"":false,""type"":""Point"",""coordinates"":[29.245597305559347,40.25813420510897]}",29.245597305559347,40.25813420510897,0.5397371117841518,High
1_415_0,244.50066,1.0513623,0.68465644,0.64835095,395,1,10,-0.48951748,-0.41495043,0.12545855,767.0,0.5618449,0.269706,0.77380955,2235.0,10.647932,"{""geodesic"":false,""type"":""Point"",""coordinates"":[29.244519327218406,40.2583138681658]}",29.244519327218406,40.2583138681658,0.8393162569731645,Very High
1_416_0,207.0033,0.8903491,0.5747217,0.55193806,400,1,10,-0.4596262,-0.40296713,0.1161919,744.5,0.4307229,0.17175455,0.6681299,1900.0,18.109446,"{""geodesic"":false,""type"":""Point"",""coordinates"":[29.239668424684158,40.259122351921505]}",29.239668424684158,40.259122351921505,0.911558117007358,Very High
1_417_0,139.7045,0.8238499,0.5032183,0.6179795,483,1,10,-0.30631617,-0.26640928,0.11338998,950.0,0.5175337,0.23680905,0.73136955,1969.0,19.839645,"{""geodesic"":false,""type"":""Point"",""coordinates"":[29.246944778485528,40.26118847707498]}",29.246944778485528,40.26118847707498,0.8051389365655538,Very High
1_418_0,134.16376,0.7915431,0.4603048,0.53918755,499,1,10,-0.33031347,-0.27868852,0.16007534,924.0,0.46122965,0.18161626,0.6992629,1729.0,18.018858,"{""geodesic"":false,""type"":""Point"",""coordinates"":[29.246315957786642,40.26109864554657]}",29.246315957786642,40.26109864554657,0.8686935980017796,Very High
1_419_0,259.19775,1.017846,0.65650046,0.6581593,335,1,10,-0.47280583,-0.41229236,0.14646792,884.5,0.5450401,0.24420813,0.80462724,2457.0,19.059336,"{""geodesic"":false,""type"":""Point"",""coordinates"":[29.25404146923007,40.25238498729061]}",29.25404146923007,40.25238498729061,0.8746477308637491,Very High
1_420_0,195.81912,0.9170125,0.56047636,0.57285607,465,1,10,-0.45036942,-0.381529,0.12307187,855.5,0.46664307,0.17894737,0.695928,2072.0,31.903269,"{""geodesic"":false,""type"":""Point"",""coordinates"":[29.244429495689992,40.25993083567721]}",29.244429495689992,40.25993083567721,0.9128693325289174,Very High
1_421_0,173.207,0.84816813,0.52456045,0.55068344,315,1,10,-0.43147054,-0.3814467,0.14695998,938.5,0.4166976,0.14311378,0.6976434,1909.0,19.730305,"{""geodesic"":false,""type"":""Point"",""coordinates"":[29.24478882180364,40.25481043855773]}",29.24478882180364,40.25481043855773,0.8836786150117433,Very High
1_422_0,253.6413,1.0921022,0.7277922,0.64419574,314,1,10,-0.53598136,-0.45975232,0.14520098,698.0,0.5561208,0.2680399,0.7893967,2447.0,16.033276,"{""geodesic"":false,""type"":""Point"",""coordinates"":[29.252873659360716,40.254091786330434]}",29.252873659360716,40.254091786330434,0.9363415431506484,Very High
1_423_0,196.23537,0.9858679,0.6277586,0.6424701,395,1,10,-0.4725548,-0.40947077,0.12803459,848.0,0.5133131,0.21828789,0.7705047,2245.0,16.882118,"{""geodesic"":false,""type"":""Point"",""coordinates"":[29.243980338047933,40.25849353122262]}",29.243980338047933,40.25849353122262,0.9386947266577726,Very High
1_424_0,123.725044,0.94302225,0.5914335,0.5130086,559,1,10,-0.51592356,-0.46403384,0.18997912,570.0,0.42709866,0.12739965,0.7029877,1938.0,11.535278,"{""geodesic"":false,""type"":""Point"",""coordinates"":[29.28539267264584,40.278436130530075]}",29.28539267264584,40.278436130530075,0.3897272426935738,Medium
1_425_0,251.5368,0.9156988,0.5697227,0.57245463,317,1,10,-0.3812467,-0.32937798,0.1439765,876.0,0.53445214,0.24034472,0.7164311,1943.0,19.687328,"{""geodesic"":false,""type"":""Point"",""coordinates"":[29.241824381366044,40.25660706912597]}",29.241824381366044,40.25660706912597,0.9653461408710482,Very High
1_426_0,218.68613,0.930466,0.6034732,0.59062475,341,1,10,-0.44587433,-0.39323607,0.13453193,915.0,0.4845917,0.21023709,0.72515666,1927.0,20.469877,"{""geodesic"":false,""type"":""Point"",""coordinates"":[29.244070169576343,40.255529090785025]}",29.244070169576343,40.255529090785025,0.9510967604011165,Very High
1_427_0,137.98502,1.0152969,0.6534598,0.6535557,385,1,10,-0.47802007,-0.4090909,0.11456024,754.0,0.53727686,0.2443689,0.76811594,2196.0,19.2189,"{""geodesic"":false,""type"":""Point"",""coordinates"":[29.246226126258232,40.25777487899533]}",29.246226126258232,40.25777487899533,0.7543532502340354,Very High
1_428_0,228.31903,0.9770717,0.6232264,0.60113853,347,1,10,-0.4665822,-0.41272885,0.1546109,842.0,0.5104895,0.21049754,0.7557494,2214.0,18.819324,"{""geodesic"":false,""type"":""Point"",""coordinates"":[29.2535024800596,40.25490027008614]}",29.2535024800596,40.25490027008614,0.9646150134038841,Very High
1_429_0,234.53993,0.900285,0.57455456,0.543151,437,1,10,-0.4889096,-0.42611971,0.14012474,685.5,0.41137537,0.14843488,0.68327576,1706.0,21.338005,"{""geodesic"":false,""type"":""Point"",""coordinates"":[29.239937919269394,40.26029016179086]}",29.239937919269394,40.26029016179086,0.9140849317765213,Very High
1_430_0,240.21243,0.851041,0.53904104,0.5720784,186,1,10,-0.4192496,-0.38126087,0.11313246,979.0,0.43179142,0.1577802,0.6852108,2128.0,26.048243,"{""geodesic"":false,""type"":""Point"",""coordinates"":[29.251526186434536,40.250768019779194]}",29.251526186434536,40.250768019779194,0.8018220648617511,Very High
1_431_0,225.54431,0.9124074,0.5855297,0.6099658,367,1,10,-0.44206306,-0.3882308,0.10528132,800.5,0.47034433,0.19729888,0.7152471,2039.0,22.589487,"{""geodesic"":false,""type"":""Point"",""coordinates"":[29.239129435513686,40.258403699694206]}",29.239129435513686,40.258403699694206,0.9529809906119594,Very High
1_432_0,164.73082,0.9391178,0.5923413,0.59639174,318,1,10,-0.4391178,-0.3787956,0.1250384,915.5,0.5,0.2135457,0.7214301,1962.0,21.935776,"{""geodesic"":false,""type"":""Point"",""coordinates"":[29.239937919269394,40.25732572135327]}",29.239937919269394,40.25732572135327,0.9569510542708163,Very High
1_433_0,237.8522,0.8781342,0.5588468,0.5619165,381,1,10,-0.46959758,-0.4152824,0.10896961,748.0,0.40853658,0.14356436,0.6708861,1848.0,23.069633,"{""geodesic"":false,""type"":""Point"",""coordinates"":[29.239129435513686,40.25876302580786]}",29.239129435513686,40.25876302580786,0.9241539206057181,Very High
1_434_0,243.53816,0.7149852,0.43277404,0.49336824,226,1,10,-0.28966916,-0.26484975,0.15174074,1315.0,0.42531607,0.16792428,0.645109,2283.0,28.586788,"{""geodesic"":false,""type"":""Point"",""coordinates"":[29.252065175605008,40.25139684047808]}",29.252065175605008,40.25139684047808,0.7900701303019181,Very High
1_435_0,190.13135,0.8884288,0.5418353,0.59071285,440,1,10,-0.41079438,-0.35651076,0.14414161,1018.0,0.47763443,0.18532455,0.73485446,2205.0,19.888706,"{""geodesic"":false,""type"":""Point"",""coordinates"":[29.241195560667162,40.259841004148804]}",29.241195560667162,40.259841004148804,0.9319723617397054,Very High
1_436_0,234.83722,1.023794,0.64168465,0.62683034,320,1,10,-0.4775496,-0.41515684,0.14799236,750.5,0.54624444,0.2265278,0.7748227,2002.0,18.639404,"{""geodesic"":false,""type"":""Point"",""coordinates"":[29.241824381366044,40.256966395239616]}",29.241824381366044,40.256966395239616,0.9721584119502716,Very High
1_437_0,139.57617,0.77521604,0.48946488,0.58044785,456,1,10,-0.4202952,-0.39658153,0.13964455,785.5,0.35492086,0.09288335,0.72009236,1862.0,23.039276,"{""geodesic"":false,""type"":""Point"",""coordinates"":[29.248741409053764,40.2613681401318]}",29.248741409053764,40.2613681401318,0.5396614487642633,High
1_438_0,240.6495,0.919182,0.5888136,0.58911425,343,1,10,-0.41039824,-0.35511193,0.14592852,1066.0,0.50878376,0.23370166,0.73504275,2233.0,24.814186,"{""geodesic"":false,""type"":""Point"",""coordinates"":[29.243800674991107,40.25570875384185]}",29.243800674991107,40.25570875384185,0.9632692730837804,Very High
1_439_0,198.1388,0.93264127,0.5755937,0.6054135,436,1,10,-0.43703705,-0.36622655,0.10111681,912.0,0.49560422,0.20936716,0.7065303,2169.0,25.499275,"{""geodesic"":false,""type"":""Point"",""coordinates"":[29.244160001104756,40.259571509563564]}",29.244160001104756,40.259571509563564,0.950675684545649,Very High
1_440_0,218.57375,0.9417839,0.60955554,0.5750629,323,1,10,-0.47569445,-0.4324375,0.14916286,755.0,0.46608946,0.17711803,0.7242257,2032.0,25.46514,"{""geodesic"":false,""type"":""Point"",""coordinates"":[29.254760121457366,40.251486672006486]}",29.254760121457366,40.251486672006486,0.9474296218819215,Very High
1_441_0,185.54407,0.8767053,0.5310363,0.5953624,385,1,10,-0.40683025,-0.34767547,0.15419355,894.5,0.46987504,0.18336086,0.74955595,1970.0,23.707428,"{""geodesic"":false,""type"":""Point"",""coordinates"":[29.240836234553512,40.25849353122262]}",29.240836234553512,40.25849353122262,0.9418677348419404,Very High
1_442_0,237.27046,0.80759966,0.5366253,0.56350267,187,1,10,-0.36649802,-0.35396963,0.15916689,1127.0,0.44110164,0.18265569,0.72266954,2407.0,25.59627,"{""geodesic"":false,""type"":""Point"",""coordinates"":[29.25179568101977,40.25058835672237]}",29.25179568101977,40.25058835672237,0.7516071063532005,Very High
1_443_0,265.63565,1.0929627,0.7395965,0.6727819,326,1,10,-0.50232905,-0.43606335,0.14522822,828.0,0.59063363,0.30353314,0.8180101,2887.0,23.046883,"{""geodesic"":false,""type"":""Point"",""coordinates"":[29.253951637701658,40.25274431340426]}",29.253951637701658,40.25274431340426,0.6770528773962491,High
1_444_0,180.0,0.8790711,0.5468211,0.60245675,386,1,10,-0.38544637,-0.35496062,0.1314917,1024.0,0.49362478,0.19186047,0.73394847,2255.0,25.902744,"{""geodesic"":false,""type"":""Point"",""coordinates"":[29.24164471830922,40.25858336275103]}",29.24164471830922,40.25858336275103,0.9365939450325435,Very High
1_445_0,194.6855,1.004597,0.65251905,0.6532214,371,1,10,-0.4437553,-0.38285893,0.12293682,986.5,0.56084174,0.26966015,0.7761583,2559.0,18.50483,"{""geodesic"":false,""type"":""Point"",""coordinates"":[29.243351517349048,40.25795454205215]}",29.243351517349048,40.25795454205215,0.8296001609716933,Very High
1_446_0,237.14792,0.952962,0.64248586,0.61061627,320,1,10,-0.48400557,-0.4268057,0.09117647,742.0,0.4689564,0.21568015,0.7017927,1946.0,18.17233,"{""geodesic"":false,""type"":""Point"",""coordinates"":[29.23796162564433,40.25714605829644]}",29.23796162564433,40.25714605829644,0.9421858670166152,Very High
1_447_0,250.12613,0.8605426,0.52977633,0.5710819,411,1,10,-0.40126583,-0.34724858,0.13395265,946.0,0.4592768,0.18252772,0.70503455,2159.0,23.198132,"{""geodesic"":false,""type"":""Point"",""coordinates"":[29.239398930098922,40.259841004148804]}",29.239398930098922,40.259841004148804,0.9330124301224578,Very High
1_448_0,251.53587,0.91990846,0.57514757,0.6532194,272,1,10,-0.40864334,-0.35539654,0.084524706,1081.0,0.51126516,0.21975102,0.7377441,2180.0,19.686455,"{""geodesic"":false,""type"":""Point"",""coordinates"":[29.251885512548185,40.253193471046316]}",29.251885512548185,40.253193471046316,0.9448073734448574,Very High
1_449_0,252.66074,1.0087202,0.674471,0.6418452,340,1,10,-0.46483058,-0.41859782,0.13484111,991.0,0.5438896,0.25587317,0.7766863,2713.0,26.051443,"{""geodesic"":false,""type"":""Point"",""coordinates"":[29.25404146923007,40.25301380798949]}",29.25404146923007,40.25301380798949,0.767478834009594,Very High
1_450_0,244.99805,0.75088334,0.44568145,0.5047134,429,1,10,-0.4037614,-0.33962572,0.119757175,1014.5,0.34712195,0.10605575,0.6244706,1726.0,22.846088,"{""geodesic"":false,""type"":""Point"",""coordinates"":[29.239668424684158,40.26037999331927]}",29.239668424684158,40.26037999331927,0.7120409173118689,High
1_451_0,265.843,0.9151795,0.5826626,0.5561441,302,1,10,-0.44900966,-0.38688526,0.12726055,841.5,0.46616983,0.19577736,0.6834046,1869.0,24.06658,"{""geodesic"":false,""type"":""Point"",""coordinates"":[29.237602299530682,40.25714605829644]}",29.237602299530682,40.25714605829644,0.8462887616752806,Very High
1_452_0,188.28409,0.9321199,0.5914737,0.6397387,446,1,10,-0.44305325,-0.3933618,0.09946397,923.0,0.48906666,0.19811186,0.7392027,2094.0,23.83001,"{""geodesic"":false,""type"":""Point"",""coordinates"":[29.243800674991107,40.259841004148804]}",29.243800674991107,40.259841004148804,0.9577711430003361,Very High
1_453_0,140.1742,0.8494371,0.5233968,0.6608489,513,1,10,-0.3379358,-0.27567977,0.08484163,959.0,0.5115013,0.24771707,0.7456905,2152.0,24.877867,"{""geodesic"":false,""type"":""Point"",""coordinates"":[29.248112588354882,40.262715613057985]}",29.248112588354882,40.262715613057985,0.793382259608514,Very High
1_454_0,132.04701,0.9110727,0.54816175,0.6712806,379,1,10,-0.42349958,-0.35636088,0.067292646,852.5,0.4875731,0.19180088,0.73857325,2035.0,17.443394,"{""geodesic"":false,""type"":""Point"",""coordinates"":[29.246944778485528,40.2583138681658]}",29.246944778485528,40.2583138681658,0.8328934878120114,Very High
1_455_0,257.25903,0.79920775,0.4877265,0.56845164,381,1,10,-0.34116283,-0.3051988,0.1477646,1136.0,0.45804492,0.18252772,0.7162162,2159.0,30.421225,"{""geodesic"":false,""type"":""Point"",""coordinates"":[29.23885994092845,40.259571509563564]}",29.23885994092845,40.259571509563564,0.9063387187505263,Very High
1_456_0,198.13907,0.9458067,0.5866333,0.6829763,484,1,10,-0.39014527,-0.32783097,0.105920695,1018.0,0.55566144,0.25880235,0.788897,2449.0,22.235899,"{""geodesic"":false,""type"":""Point"",""coordinates"":[29.243261685820638,40.26064948790451]}",29.243261685820638,40.26064948790451,0.9054689282238622,Very High
1_457_0,191.39783,0.9144974,0.57323724,0.6301632,361,1,10,-0.394567,-0.34872457,0.13601802,1008.5,0.51993036,0.2245127,0.76618123,2183.0,23.236237,"{""geodesic"":false,""type"":""Point"",""coordinates"":[29.242273539008107,40.25813420510897]}",29.242273539008107,40.25813420510897,0.9707735616883061,Very High
1_458_0,185.98465,0.96878463,0.6175207,0.63911533,465,1,10,-0.43760604,-0.38412163,0.13370647,911.5,0.5311786,0.23339908,0.7728218,2345.0,22.141996,"{""geodesic"":false,""type"":""Point"",""coordinates"":[29.24200404442287,40.26020033026245]}",29.24200404442287,40.26020033026245,0.936849561885604,Very High
1_459_0,230.22061,0.9975221,0.64025444,0.5937401,324,1,10,-0.46482262,-0.40991214,0.15885417,890.0,0.5326995,0.23034227,0.7525943,2660.0,16.88828,"{""geodesic"":false,""type"":""Point"",""coordinates"":[29.252873659360716,40.25463077550091]}",29.252873659360716,40.25463077550091,0.6305575276296961,High
1_460_0,255.72676,1.0359173,0.70476365,0.672106,308,1,10,-0.47174338,-0.42736432,0.12480051,881.0,0.5641739,0.2773993,0.79690653,2672.0,18.174526,"{""geodesic"":false,""type"":""Point"",""coordinates"":[29.253232985474362,40.253193471046316]}",29.253232985474362,40.253193471046316,0.8699868266590381,Very High
1_461_0,124.97303,0.881152,0.5427588,0.6413963,469,1,10,-0.40714705,-0.35582432,0.09208633,759.0,0.47400495,0.18693452,0.73348266,1935.0,17.25775,"{""geodesic"":false,""type"":""Point"",""coordinates"":[29.24856174599694,40.26190712930227]}",29.24856174599694,40.26190712930227,0.7546124668790054,Very High
1_462_0,208.63493,0.9353375,0.59490573,0.62734157,491,1,10,-0.43550578,-0.3769202,0.114984915,831.5,0.4998317,0.21798551,0.7423265,2228.0,23.87639,"{""geodesic"":false,""type"":""Point"",""coordinates"":[29.24389050651952,40.260559656376095]}",29.24389050651952,40.260559656376095,0.9262136298100251,Very High
1_463_0,192.32318,0.9378992,0.64253175,0.4990582,559,1,10,-0.5175301,-0.502965,0.21475627,461.0,0.42036912,0.13956676,0.71381444,2078.0,5.6775336,"{""geodesic"":false,""type"":""Point"",""coordinates"":[29.2843146943049,40.2778971413596]}",29.2843146943049,40.2778971413596,0.6371296486792491,High
1_464_0,119.77743,0.7716081,0.47379082,0.44195917,566,1,10,-0.4105622,-0.4039621,0.20979021,692.0,0.36104593,0.06982872,0.6517494,2030.0,11.0657015,"{""geodesic"":false,""type"":""Point"",""coordinates"":[29.284943515003782,40.27852596205849]}",29.284943515003782,40.27852596205849,0.24166503360120298,Low
1_465_0,218.68613,0.92085975,0.5938877,0.5926696,341,1,10,-0.43350345,-0.3801938,0.12960191,943.5,0.48735633,0.21369392,0.7222715,1941.0,20.469877,"{""geodesic"":false,""type"":""Point"",""coordinates"":[29.244070169576343,40.25543925925661]}",29.244070169576343,40.25543925925661,0.953468739941382,Very High
1_466_0,273.79675,0.8594143,0.5490895,0.53028035,300,1,10,-0.38504836,-0.35066864,0.16766867,874.0,0.4743659,0.19842082,0.69794905,2049.0,26.055275,"{""geodesic"":false,""type"":""Point"",""coordinates"":[29.251975344076595,40.255079933142966]}",29.251975344076595,40.255079933142966,0.7885558637657125,Very High
1_467_0,180.0,0.9672774,0.6026449,0.6225805,394,1,10,-0.46456224,-0.40106595,0.13797468,899.0,0.5027152,0.20157894,0.7605552,2283.0,17.096203,"{""geodesic"":false,""type"":""Point"",""coordinates"":[29.243710843462697,40.25858336275103]}",29.243710843462697,40.25858336275103,0.871066496208202,Very High
1_468_0,140.68115,0.86789495,0.53149575,0.6177078,519,1,10,-0.39898548,-0.33359194,0.08220472,859.0,0.46890947,0.19790383,0.6999125,1943.0,18.51004,"{""geodesic"":false,""type"":""Point"",""coordinates"":[29.247663430712823,40.2628054445864]}",29.247663430712823,40.2628054445864,0.8354101292424058,Very High
1_469_0,228.90385,0.90800864,0.58801234,0.58484674,231,1,10,-0.42580256,-0.38120106,0.12089861,948.0,0.4822061,0.20681131,0.70574534,2197.0,21.505835,"{""geodesic"":false,""type"":""Point"",""coordinates"":[29.251077028792476,40.252205324233785]}",29.251077028792476,40.252205324233785,0.8519815730510131,Very High
1_470_0,232.64977,1.0552709,0.70559484,0.6761302,311,1,10,-0.49332476,-0.43079147,0.12781955,787.5,0.5619462,0.27480334,0.8039497,2512.0,16.357246,"{""geodesic"":false,""type"":""Point"",""coordinates"":[29.252514333247067,40.25445111244408]}",29.252514333247067,40.25445111244408,0.8909373000092665,Very High
1_471_0,155.17903,0.90533257,0.55732894,0.6481961,491,1,10,-0.4241743,-0.35125658,0.095034525,832.5,0.48115826,0.20607235,0.74323064,1867.0,16.867334,"{""geodesic"":false,""type"":""Point"",""coordinates"":[29.247304104599174,40.26172746624545]}",29.247304104599174,40.26172746624545,0.6368930123695634,High
1_472_0,203.59561,0.8792739,0.5451358,0.5911908,403,1,10,-0.4616201,-0.39901283,0.102099925,761.0,0.4176538,0.14612295,0.6932907,1855.0,20.352724,"{""geodesic"":false,""type"":""Point"",""coordinates"":[29.240117582326217,40.25921218344992]}",29.240117582326217,40.25921218344992,0.916752521666054,Very High
1_473_0,242.42601,0.814658,0.5340642,0.5610576,170,1,10,-0.36634862,-0.34348032,0.13664766,1046.0,0.44830933,0.19058385,0.69770527,2238.0,24.447521,"{""geodesic"":false,""type"":""Point"",""coordinates"":[29.251526186434536,40.25022903060872]}",29.251526186434536,40.25022903060872,0.7802413945917717,Very High
1_474_0,151.64857,0.8602947,0.5157066,0.6167153,523,1,10,-0.4431613,-0.3804457,0.103324994,771.5,0.41713336,0.13526088,0.72004026,1708.0,17.364464,"{""geodesic"":false,""type"":""Point"",""coordinates"":[29.24757359918441,40.262715613057985]}",29.24757359918441,40.262715613057985,0.5169721746425362,High
1_475_0,125.46074,0.81152505,0.5144662,0.5092686,404,1,10,-0.38151366,-0.34494087,0.11241283,997.0,0.4300114,0.16952533,0.6216814,2199.0,21.337688,"{""geodesic"":false,""type"":""Point"",""coordinates"":[29.246226126258232,40.25849353122262]}",29.246226126258232,40.25849353122262,0.632519848143701,High
1_476_0,180.0,0.9643361,0.603399,0.6381282,329,1,10,-0.4521666,-0.39505982,0.13627079,973.5,0.5121695,0.20833917,0.77439904,2159.0,22.032898,"{""geodesic"":false,""type"":""Point"",""coordinates"":[29.240476908439867,40.2575952159385]}",29.240476908439867,40.2575952159385,0.9649763966204775,Very High
1_477_0,187.46526,0.913275,0.57230085,0.5710462,325,1,10,-0.4828791,-0.4132805,0.11866969,740.0,0.4303959,0.15902035,0.68971586,1680.0,18.083055,"{""geodesic"":false,""type"":""Point"",""coordinates"":[29.238680277871627,40.25714605829644]}",29.238680277871627,40.25714605829644,0.9110842363976677,Very High
1_478_0,253.02393,0.94329816,0.60795766,0.5911529,279,1,10,-0.42325857,-0.37190613,0.14738697,977.0,0.52003956,0.2360515,0.7385399,2304.0,18.400059,"{""geodesic"":false,""type"":""Point"",""coordinates"":[29.251436354906126,40.254091786330434]}",29.251436354906126,40.254091786330434,0.9539008916505408,Very High
1_479_0,174.45609,0.97369736,0.6333777,0.6381238,294,1,10,-0.48605463,-0.4251828,0.14092228,884.5,0.48764274,0.20819491,0.77904606,2182.0,23.707422,"{""geodesic"":false,""type"":""Point"",""coordinates"":[29.239668424684158,40.25669690065438]}",29.239668424684158,40.25669690065438,0.9508971084145249,Very High
1_480_0,227.95076,0.99108136,0.62727916,0.622409,240,1,10,-0.4619867,-0.3943464,0.15005931,969.5,0.52909464,0.23293275,0.77246827,2411.0,17.442688,"{""geodesic"":false,""type"":""Point"",""coordinates"":[29.25080753420724,40.2531036395179]}",29.25080753420724,40.2531036395179,0.9061797433658095,Very High
1_481_0,299.78564,0.9413054,0.59002906,0.5664733,308,1,10,-0.40864673,-0.35351247,0.16954613,998.5,0.5326587,0.23651658,0.73601943,2499.0,26.04957,"{""geodesic"":false,""type"":""Point"",""coordinates"":[29.252424501718657,40.25615791148391]}",29.252424501718657,40.25615791148391,0.7191160354717507,High
1_482_0,275.68475,0.910352,0.5973416,0.552587,312,1,10,-0.38285914,-0.34108382,0.15782537,878.5,0.5274929,0.25625777,0.7104123,2271.0,26.117117,"{""geodesic"":false,""type"":""Point"",""coordinates"":[29.25215500713342,40.25499010161455]}",29.25215500713342,40.25499010161455,0.8156175186318907,Very High
1_483_0,159.08417,0.8944227,0.54498386,0.597336,358,1,10,-0.4367833,-0.3778582,0.13539478,945.5,0.4576394,0.16712567,0.7327308,2013.0,22.583046,"{""geodesic"":false,""type"":""Point"",""coordinates"":[29.245058316388874,40.25570875384185]}",29.245058316388874,40.25570875384185,0.8918086719511469,Very High
1_484_0,174.8362,0.9669841,0.61939883,0.60822016,342,1,10,-0.4188744,-0.36394984,0.15612535,1014.5,0.54810965,0.255449,0.7643455,2160.0,25.237238,"{""geodesic"":false,""type"":""Point"",""coordinates"":[29.24065657149669,40.257685047466914]}",29.24065657149669,40.257685047466914,0.9666569269373414,Very High
1_485_0,245.39749,1.0432332,0.65805453,0.63327813,355,1,10,-0.48854962,-0.41324577,0.15268818,804.0,0.5546835,0.24480875,0.7859663,2278.0,19.287315,"{""geodesic"":false,""type"":""Point"",""coordinates"":[29.24308202276381,40.25750538441009]}",29.24308202276381,40.25750538441009,0.9721569649798312,Very High
1_486_0,198.1383,1.0174329,0.6546237,0.6024575,341,1,10,-0.468865,-0.40987897,0.13852951,902.0,0.5485679,0.24474475,0.74098706,2487.0,15.245548,"{""geodesic"":false,""type"":""Point"",""coordinates"":[29.242273539008107,40.25750538441009]}",29.242273539008107,40.25750538441009,0.8298327054684747,Very High
1_487_0,135.49608,0.88476884,0.5324719,0.67224926,494,1,10,-0.38704532,-0.31734186,0.07679372,960.5,0.49772355,0.21513002,0.749043,2056.0,24.415485,"{""geodesic"":false,""type"":""Point"",""coordinates"":[29.246944778485528,40.26154780318863]}",29.246944778485528,40.26154780318863,0.8683542373589614,Very High
1_488_0,243.71912,0.94044113,0.628776,0.58770496,279,1,10,-0.4213855,-0.38406137,0.14526929,983.5,0.51905566,0.24471466,0.73297423,2252.0,21.908047,"{""geodesic"":false,""type"":""Point"",""coordinates"":[29.241285392195575,40.255529090785025]}",29.241285392195575,40.255529090785025,0.9668861718753431,Very High
1_489_0,168.7701,0.8882444,0.5512681,0.5901199,486,1,10,-0.46268657,-0.40570983,0.10869565,765.0,0.42555782,0.14555827,0.6988156,1757.0,28.573772,"{""geodesic"":false,""type"":""Point"",""coordinates"":[29.24469899027523,40.26020033026245]}",29.24469899027523,40.26020033026245,0.883991953991659,Very High
1_490_0,258.2427,0.9721718,0.60931885,0.6238482,378,1,10,-0.4723618,-0.40461725,0.10609481,735.0,0.49980995,0.20470157,0.72994304,1973.0,13.4051485,"{""geodesic"":false,""type"":""Point"",""coordinates"":[29.24478882180364,40.256966395239616]}",29.24478882180364,40.256966395239616,0.8441969706798338,Very High
1_491_0,199.02533,0.84598225,0.5297767,0.5328514,298,1,10,-0.40896514,-0.35740072,0.15772358,1068.0,0.43701714,0.17237599,0.690575,2139.0,18.021751,"{""geodesic"":false,""type"":""Point"",""coordinates"":[29.242183707479693,40.25543925925661]}",29.242183707479693,40.25543925925661,0.9064070258271429,Very High
1_492_0,262.7515,0.9170823,0.58867323,0.61941177,311,1,10,-0.43091124,-0.3776258,0.104943626,955.5,0.48617107,0.21104743,0.7243554,2324.0,27.16652,"{""geodesic"":false,""type"":""Point"",""coordinates"":[29.237871794115918,40.258403699694206]}",29.237871794115918,40.258403699694206,0.8523496414896217,Very High
1_493_0,191.39792,0.9273235,0.58504057,0.65749794,389,1,10,-0.41506988,-0.36760125,0.100271,1015.0,0.51225364,0.2174393,0.7577689,2206.0,23.236242,"{""geodesic"":false,""type"":""Point"",""coordinates"":[29.242273539008107,40.258673194279446]}",29.242273539008107,40.258673194279446,0.9674041504821853,Very High
1_494_0,140.3872,0.86008936,0.50732356,0.6158251,530,1,10,-0.38327467,-0.33381608,0.1051051,920.0,0.47681472,0.17350747,0.7209302,1887.0,21.764166,"{""geodesic"":false,""type"":""Point"",""coordinates"":[29.24577696861617,40.26172746624545]}",29.24577696861617,40.26172746624545,0.8911663619877913,Very High
1_495_0,173.49928,0.9415666,0.5815534,0.6215393,447,1,10,-0.46624,-0.40129218,0.10683477,834.0,0.47532657,0.18026125,0.72837406,2033.0,20.542383,"{""geodesic"":false,""type"":""Point"",""coordinates"":[29.243351517349048,40.25966134109198]}",29.243351517349048,40.25966134109198,0.9325696692365911,Very High
1_496_0,157.36754,1.0280881,0.6596392,0.6268931,276,1,10,-0.53347534,-0.46613267,0.11693989,766.5,0.49461272,0.1935065,0.743833,1838.0,21.098804,"{""geodesic"":false,""type"":""Point"",""coordinates"":[29.238500614814804,40.25615791148391]}",29.238500614814804,40.25615791148391,0.9322087095073084,Very High
1_497_0,185.75595,0.92618656,0.5901574,0.6126001,414,1,10,-0.4126912,-0.3714749,0.16351636,969.5,0.5134954,0.21868251,0.7761165,2257.0,22.929083,"{""geodesic"":false,""type"":""Point"",""coordinates"":[29.241375223723985,40.25930201497833]}",29.241375223723985,40.25930201497833,0.9607884590138389,Very High
1_498_0,260.87485,0.83628875,0.52293456,0.4891683,555,1,10,-0.43525252,-0.39328688,0.14730538,718.5,0.40103626,0.12964769,0.63647366,2028.0,22.209612,"{""geodesic"":false,""type"":""Point"",""coordinates"":[29.27057047045787,40.27349539646742]}",29.27057047045787,40.27349539646742,0.879823957027593,Very High
1_499_0,255.7275,0.96642226,0.60191876,0.60333854,379,1,10,-0.46219093,-0.38809034,0.13221884,745.0,0.50423133,0.21382843,0.7355574,2133.0,11.143695,"{""geodesic"":false,""type"":""Point"",""coordinates"":[29.24469899027523,40.256786732182796]}",29.24469899027523,40.256786732182796,0.8487727417410521,Very High
2_0_0,90.0,0.015720151,0.018167827,0.009505629,329,0,10,0.60247487,0.28935906,0.8138313,3108.0,0.618195,0.3075269,0.82333696,3344.0,16.542057,"{""geodesic"":false,""type"":""Point"",""coordinates"":[29.30407763055553,40.267925841705875]}",29.30407763055553,40.267925841705875,0.08553354829498665,Low
2_1_0,275.192,-0.00820974,-0.02179083,-0.0047047734,288,0,10,0.46056262,0.2202765,0.7329843,2648.0,0.45235285,0.19848567,0.72827953,2770.0,41.81011,"{""geodesic"":false,""type"":""Point"",""coordinates"":[29.269941649758987,40.24636627488701]}",29.269941649758987,40.24636627488701,0.10195486741236938,Low
2_2_0,33.227528,-0.013635357,-0.017061342,0.006628457,391,0,10,0.5402968,0.24711426,0.7497934,2647.0,0.5266614,0.2300529,0.75642186,2906.0,17.203999,"{""geodesic"":false,""type"":""Point"",""coordinates"":[29.28907576531073,40.24591711724495]}",29.28907576531073,40.24591711724495,0.02674332096763319,Low
2_3_0,280.79922,-0.0015847039,-0.0077261887,0.010686452,350,0,10,0.6827004,0.38448185,0.868791,3988.0,0.68111575,0.37675568,0.87947744,4460.0,14.530559,"{""geodesic"":false,""type"":""Point"",""coordinates"":[29.304526788197588,40.27205809201283]}",29.304526788197588,40.27205809201283,0.07490785764043265,Low
2_4_0,270.0,0.010840927,0.006966398,0.011837503,323,0,10,0.43910852,0.19655856,0.7024482,2712.0,0.44994944,0.20352496,0.71428573,2868.0,31.593382,"{""geodesic"":false,""type"":""Point"",""coordinates"":[29.27057047045787,40.24663576947224]}",29.27057047045787,40.24663576947224,0.16851601681458225,Low
2_5_0,275.44812,0.022755697,0.0061562452,-0.0068807523,345,0,10,0.47088185,0.20977516,0.73042506,3094.0,0.49363756,0.21593142,0.7235443,3404.0,9.675757,"{""geodesic"":false,""type"":""Point"",""coordinates"":[29.303808135970293,40.27044112450141]}",29.303808135970293,40.27044112450141,0.16430838472471623,Low
2_6_0,133.202,-0.011478275,-0.04273801,-0.037184812,532,0,10,0.43119267,0.16036893,0.73410404,1950.0,0.4197144,0.11763093,0.69691926,2038.0,20.72387,"{""geodesic"":false,""type"":""Point"",""coordinates"":[29.291501216577856,40.26702752642176]}",29.291501216577856,40.26702752642176,0.20825798875036555,Low
2_7_0,282.1156,0.019659737,0.0050494787,0.038280334,338,0,10,0.45369285,0.2053463,0.6882233,2480.0,0.47335258,0.21039577,0.7265036,2806.0,34.766163,"{""geodesic"":false,""type"":""Point"",""coordinates"":[29.27101962809993,40.24771374781319]}",29.27101962809993,40.24771374781319,0.1166711476156007,Low
2_8_0,280.54587,-0.030340116,-0.05028022,-0.018615749,230,0,10,0.44354597,0.21044701,0.6759388,2410.0,0.41320586,0.16016679,0.65732306,2365.0,41.491737,"{""geodesic"":false,""type"":""Point"",""coordinates"":[29.26877383988963,40.24519846501765]}",29.26877383988963,40.24519846501765,0.2876884907913975,Medium
2_9_0,146.76492,-0.014334569,-0.040700957,-0.02401532,508,0,10,0.36349455,0.10632911,0.71540725,1748.0,0.34915996,0.065628156,0.69139194,1847.0,17.205395,"{""geodesic"":false,""type"":""Point"",""coordinates"":[29.290153743651675,40.26541055891034]}",29.290153743651675,40.26541055891034,0.09859029496274356,Low
2_10_0,152.33499,0.023886213,0.008450259,-0.012072653,403,0,10,0.4320525,0.13269088,0.718463,2292.0,0.4559387,0.14114115,0.7063903,2470.0,15.331453,"{""geodesic"":false,""type"":""Point"",""coordinates"":[29.3008436955327,40.26900382004682]}",29.3008436955327,40.26900382004682,0.14931200713006326,Low
2_11_0,273.74326,0.02209549,0.009736825,0.015862029,213,0,10,0.4289994,0.18612458,0.65080464,2385.0,0.4510949,0.1958614,0.6666667,2485.0,36.644016,"{""geodesic"":false,""type"":""Point"",""coordinates"":[29.268414513775983,40.24447981279036]}",29.268414513775983,40.24447981279036,0.14031975050950532,Low
2_12_0,267.26877,-0.0011000773,0.026699323,-0.01157933,203,0,10,0.50463873,0.20486267,0.7651715,2676.0,0.50353867,0.231562,0.7535922,2868.0,18.763346,"{""geodesic"":false,""type"":""Point"",""coordinates"":[29.268414513775983,40.245288296546065]}",29.268414513775983,40.245288296546065,0.20049931103388866,Low
2_13_0,180.0,-0.017590832,-0.02740777,-0.054884948,478,0,10,0.4085779,0.12771085,0.7585721,1872.0,0.39098704,0.100303076,0.70368713,1906.0,14.520768,"{""geodesic"":false,""type"":""Point"",""coordinates"":[29.289524922952793,40.26352409681369]}",29.289524922952793,40.26352409681369,0.41998818097481694,Medium
2_14_0,143.94405,0.018460346,0.0071142195,0.005545964,458,0,10,0.42666668,0.14268763,0.7621226,1926.0,0.445127,0.14980185,0.76766855,2176.0,10.215662,"{""geodesic"":false,""type"":""Point"",""coordinates"":[29.28979441753803,40.2628054445864]}",29.28979441753803,40.2628054445864,0.15592284662551856,Low
2_15_0,167.67928,-0.01524246,-0.025933035,-0.024516612,485,0,10,0.39415768,0.1011378,0.7213439,1742.0,0.3789152,0.07520477,0.69682723,1805.0,11.245607,"{""geodesic"":false,""type"":""Point"",""coordinates"":[29.289704586009616,40.26397325445575]}",29.289704586009616,40.26397325445575,0.26091164799906785,Medium
2_16_0,55.02034,-0.0005850137,-0.016335018,-0.0102645,419,0,10,0.5422725,0.2572432,0.79730153,2864.0,0.5416875,0.24090818,0.787037,3088.0,17.255066,"{""geodesic"":false,""type"":""Point"",""coordinates"":[29.288267281555026,40.24537812807448]}",29.288267281555026,40.24537812807448,0.05830560481375086,Low
2_17_0,142.60413,-0.011167757,-0.027636994,-0.0068010036,472,0,10,0.47272032,0.1995028,0.74187726,1930.0,0.4615526,0.1718658,0.73507625,1991.0,13.739829,"{""geodesic"":false,""type"":""Point"",""coordinates"":[29.289165596839144,40.26334443375686]}",29.289165596839144,40.26334443375686,0.41967901532210994,Medium
2_18_0,124.14907,-0.040468358,-0.05217769,-0.055012383,462,0,10,0.44813102,0.17398706,0.75739044,1724.0,0.4076627,0.12180937,0.70237803,1736.0,12.99077,"{""geodesic"":false,""type"":""Point"",""coordinates"":[29.289165596839144,40.262895276114804]}",29.289165596839144,40.262895276114804,0.18838630699360867,Low
2_19_0,281.50467,0.008373993,-0.012581538,0.01668282,320,0,10,0.38062924,0.13922118,0.66146994,2238.0,0.38900325,0.12663963,0.67815274,2362.0,32.995827,"{""geodesic"":false,""type"":""Point"",""coordinates"":[29.27057047045787,40.2470849271143]}",29.27057047045787,40.2470849271143,0.428144338044646,Medium
2_20_0,58.014847,0.0019501665,-0.016424002,-0.0026679446,389,0,10,0.5428415,0.2745364,0.7829801,2818.0,0.54479164,0.2581124,0.7803121,2966.0,15.378522,"{""geodesic"":false,""type"":""Point"",""coordinates"":[29.289974080594853,40.24510863348924]}",29.289974080594853,40.24510863348924,0.030286796026592566,Low
2_21_0,50.413013,0.015193256,0.0064140987,0.023267558,405,0,10,0.56924695,0.27869555,0.7978884,2980.0,0.58444023,0.28510967,0.82115597,3340.0,18.274958,"{""geodesic"":false,""type"":""Point"",""coordinates"":[29.288536776140262,40.2455577911313]}",29.288536776140262,40.2455577911313,0.04200958197483501,Low
2_22_0,69.77897,0.018685788,0.0019080956,0.0439272,390,0,10,0.5542529,0.28240055,0.730882,3248.0,0.5729387,0.28430864,0.7748092,3720.0,33.251804,"{""geodesic"":false,""type"":""Point"",""coordinates"":[29.302101336930466,40.27044112450141]}",29.302101336930466,40.27044112450141,0.05149176504599722,Low
2_23_0,120.68752,0.011572747,0.019520355,-0.027248401,349,0,10,0.39269406,0.12158125,0.62234044,2440.0,0.4042668,0.1411016,0.595092,2600.0,23.944118,"{""geodesic"":false,""type"":""Point"",""coordinates"":[29.303808135970293,40.26855466240476]}",29.303808135970293,40.26855466240476,0.21952968261066644,Low
2_24_0,90.0,0.010129225,0.011257876,0.0013231874,336,0,10,0.67677176,0.3839271,0.9090286,4176.0,0.686901,0.39518496,0.91035175,4752.0,3.6418679,"{""geodesic"":false,""type"":""Point"",""coordinates"":[29.30362847291347,40.27098011367188]}",29.30362847291347,40.27098011367188,0.01861561855142354,Low
2_25_0,161.85884,0.0054802513,-0.005734148,-0.014348736,393,0,10,0.4581476,0.15814319,0.7290525,2208.0,0.46362785,0.15240905,0.71470374,2344.0,18.81348,"{""geodesic"":false,""type"":""Point"",""coordinates"":[29.301562347759994,40.26900382004682]}",29.301562347759994,40.26900382004682,0.5309321927420657,High
2_26_0,122.452675,-0.009609146,-0.028475685,-0.011087325,459,0,10,0.40916273,0.13739242,0.73203886,1784.0,0.39955357,0.10891673,0.7209515,1881.0,8.577588,"{""geodesic"":false,""type"":""Point"",""coordinates"":[29.28907576531073,40.262446118472745]}",29.28907576531073,40.262446118472745,0.11354841066553455,Low
2_27_0,141.11465,0.02047962,-0.0064770887,-0.0058955224,511,0,10,0.42044258,0.1465835,0.685,2022.0,0.4409222,0.14010641,0.6791045,2250.0,15.128234,"{""geodesic"":false,""type"":""Point"",""coordinates"":[29.291411385049443,40.2658597165524]}",29.291411385049443,40.2658597165524,0.10139854345617537,Low
2_28_0,159.47232,0.018746193,0.00014300195,0.011542689,524,0,10,0.36649826,0.07654624,0.71847504,1758.0,0.38524446,0.076689236,0.7300178,1948.0,13.60375,"{""geodesic"":false,""type"":""Point"",""coordinates"":[29.2903334067085,40.26576988502399]}",29.2903334067085,40.26576988502399,0.08075520352702428,Low
2_29_0,133.202,-0.030843092,-0.06567742,-0.048648354,532,0,10,0.42656308,0.15483677,0.7543221,1928.0,0.39571998,0.089159355,0.70567375,1924.0,20.72387,"{""geodesic"":false,""type"":""Point"",""coordinates"":[29.291501216577856,40.26693769489334]}",29.291501216577856,40.26693769489334,0.2004239712570069,Low
2_30_0,39.818398,0.014590609,0.010989552,0.015253308,384,0,10,0.49197248,0.2021252,0.75218856,2602.0,0.50656307,0.21311475,0.76744187,2812.0,13.052447,"{""geodesic"":false,""type"":""Point"",""coordinates"":[29.290153743651675,40.24492897043242]}",29.290153743651675,40.24492897043242,0.04327934825271906,Low
2_31_0,52.64591,0.0023602254,-0.023222934,-0.005216316,411,0,10,0.4984415,0.21507353,0.7417655,2644.0,0.5008017,0.19185059,0.73654914,2808.0,16.35588,"{""geodesic"":false,""type"":""Point"",""coordinates"":[29.288896102253908,40.24492897043242]}",29.288896102253908,40.24492897043242,0.039933929978959316,Low
2_32_0,161.85995,-0.010287323,-0.019034216,-0.020910427,499,0,10,0.42348754,0.14431024,0.7053529,1800.0,0.41320023,0.12527601,0.68444246,1911.0,11.552841,"{""geodesic"":false,""type"":""Point"",""coordinates"":[29.289345259895967,40.264332580569395]}",29.289345259895967,40.264332580569395,0.2213853014484668,Low
2_33_0,146.76341,0.009198616,0.0028140503,-0.0010783566,394,0,10,0.35078114,0.096347675,0.60012656,2529.0,0.35997975,0.09916173,0.5990482,2688.0,17.205675,"{""geodesic"":false,""type"":""Point"",""coordinates"":[29.30281998915776,40.26909365157523]}",29.30281998915776,40.26909365157523,0.04106184136413487,Low
2_34_0,154.52032,0.006604482,0.00011896042,-0.028001273,484,0,10,0.45283702,0.17132868,0.7106383,2010.0,0.45944148,0.17144763,0.68263704,2195.0,11.158376,"{""geodesic"":false,""type"":""Point"",""coordinates"":[29.28988424906644,40.263883422927336]}",29.28988424906644,40.263883422927336,0.33513219662759747,Medium
2_35_0,275.4501,0.008569517,-0.0024280562,0.03908604,295,0,10,0.5127479,0.26440412,0.7365854,3204.0,0.52131736,0.26197603,0.7756714,3372.0,34.28397,"{""geodesic"":false,""type"":""Point"",""coordinates"":[29.270031481287397,40.24591711724495]}",29.270031481287397,40.24591711724495,0.29546597450949175,Medium
2_36_0,64.09261,0.012940404,0.0013142007,-0.010617136,422,0,10,0.5306443,0.25246465,0.80203515,2922.0,0.5435847,0.25377885,0.791418,3152.0,14.539298,"{""geodesic"":false,""type"":""Point"",""coordinates"":[29.288806270725495,40.24447981279036]}",29.288806270725495,40.24447981279036,0.013551164086618966,Low
2_37_0,81.323456,-0.0070698494,-0.011574646,-0.005944854,365,0,10,0.48834965,0.19654469,0.6971366,3082.0,0.4812798,0.18497005,0.69119173,3264.0,23.230164,"{""geodesic"":false,""type"":""Point"",""coordinates"":[29.30371830444188,40.269363146160465]}",29.30371830444188,40.269363146160465,0.09969623635684957,Low
2_38_0,56.262463,0.035199765,0.013413339,0.013552763,378,0,10,0.49205494,0.2216097,0.7587302,2770.0,0.5272547,0.23502304,0.7722829,3082.0,11.531612,"{""geodesic"":false,""type"":""Point"",""coordinates"":[29.28907576531073,40.246276443358596]}",29.28907576531073,40.246276443358596,0.014495582407662676,Low
2_39_0,180.0,-0.011628727,-0.020783091,-0.024965446,462,0,10,0.4154749,0.14201184,0.71631837,1930.0,0.40384614,0.12122875,0.6913529,2044.0,13.648223,"{""geodesic"":false,""type"":""Point"",""coordinates"":[29.28988424906644,40.26298510764322]}",29.28988424906644,40.26298510764322,0.4051769268590558,Medium
2_40_0,149.21703,0.029734658,0.027047087,-0.010451395,381,0,10,0.48003352,0.17869455,0.69926256,2650.0,0.5097682,0.20574163,0.6888112,2898.0,11.709716,"{""geodesic"":false,""type"":""Point"",""coordinates"":[29.302191168458876,40.268644493933174]}",29.302191168458876,40.268644493933174,0.11252354892885805,Low
2_41_0,121.97818,-0.042403217,-0.060028255,-0.029580666,477,0,10,0.48878923,0.19620046,0.7788602,1826.0,0.446386,0.1361722,0.74927956,1821.0,15.381378,"{""geodesic"":false,""type"":""Point"",""coordinates"":[29.288806270725495,40.26343426528528]}",29.288806270725495,40.26343426528528,0.27191554420506564,Medium
2_42_0,91.68092,0.019368628,0.01054106,-0.038141746,355,0,10,0.5882723,0.30713546,0.86890095,3792.0,0.60764086,0.31767654,0.83075917,4208.0,28.892286,"{""geodesic"":false,""type"":""Point"",""coordinates"":[29.302730157629348,40.270800450615056]}",29.302730157629348,40.270800450615056,0.015205518883837069,Low
2_43_0,282.1156,0.0064230277,0.007881023,0.009595114,338,0,10,0.47040498,0.20352341,0.7341349,2596.0,0.476828,0.21140443,0.74373007,2868.0,34.766163,"{""geodesic"":false,""type"":""Point"",""coordinates"":[29.27110945962834,40.24789341087001]}",29.27110945962834,40.24789341087001,0.12321932429907487,Low
2_44_0,52.64591,0.00023393134,-0.025429873,-0.018618215,411,0,10,0.53112584,0.25706828,0.78891987,2890.0,0.53135973,0.23163842,0.77030164,3052.0,16.35588,"{""geodesic"":false,""type"":""Point"",""coordinates"":[29.28898593378232,40.24492897043242]}",29.28898593378232,40.24492897043242,0.023433040786093984,Low
2_45_0,301.3998,0.008948706,-0.0199624,-0.046048343,339,0,10,0.524644,0.22158842,0.77268386,2784.0,0.53359276,0.20162602,0.7266355,2956.0,7.0844336,"{""geodesic"":false,""type"":""Point"",""coordinates"":[29.303538641385057,40.27071061908665]}",29.303538641385057,40.27071061908665,0.22949463726445662,Low
2_46_0,130.00827,1.9929645e-05,-0.022057638,-0.024528453,543,0,10,0.38300836,0.10887772,0.6816257,1986.0,0.3830283,0.08682008,0.6570973,2078.0,15.481299,"{""geodesic"":false,""type"":""Point"",""coordinates"":[29.290962227407384,40.26702752642176]}",29.290962227407384,40.26702752642176,0.05217638312916729,Low
2_47_0,119.78149,0.047801293,0.032700755,0.020387582,520,0,10,0.38839287,0.108405106,0.7245841,1866.0,0.43619415,0.14110586,0.7449717,2234.0,21.36011,"{""geodesic"":false,""type"":""Point"",""coordinates"":[29.292489363390388,40.26756651559223]}",29.292489363390388,40.26756651559223,0.28183070241564423,Medium
2_48_0,136.37383,0.0040465067,0.0026575902,-0.0064456323,407,0,10,0.41111594,0.13917525,0.67453074,2431.0,0.41516244,0.14183284,0.6680851,2548.0,13.820096,"{""geodesic"":false,""type"":""Point"",""coordinates"":[29.30228099998729,40.269363146160465]}",29.30228099998729,40.269363146160465,0.050328288817636464,Low
2_49_0,151.36359,-0.017265862,-0.02069379,-0.0043390077,503,0,10,0.43760684,0.15960014,0.7093496,1682.0,0.42034099,0.13890634,0.7050106,1812.0,12.479876,"{""geodesic"":false,""type"":""Point"",""coordinates"":[29.289704586009616,40.26469190668305]}",29.289704586009616,40.26469190668305,0.25632256012121174,Medium
2_50_0,121.40117,0.00037222684,-0.011220689,-0.041065387,551,0,10,0.3685694,0.09841629,0.69458985,1942.0,0.36894163,0.0871956,0.6535245,2076.0,7.084161,"{""geodesic"":false,""type"":""Point"",""coordinates"":[29.290692732822148,40.26720718947858]}",29.290692732822148,40.26720718947858,0.15061285407864408,Low
2_51_0,282.30264,0.012386142,0.028806258,0.034216054,212,0,10,0.41720504,0.14098002,0.6271716,2084.0,0.42959118,0.16978627,0.6613876,2203.0,31.29025,"{""geodesic"":false,""type"":""Point"",""coordinates"":[29.268414513775983,40.244839138904005]}",29.268414513775983,40.244839138904005,0.3603432993787742,Medium
2_52_0,57.276775,0.015611058,0.015551596,-0.01205998,383,0,10,0.5935423,0.3022895,0.83287823,3356.0,0.60915333,0.31784108,0.82081825,3516.0,25.600098,"{""geodesic"":false,""type"":""Point"",""coordinates"":[29.30362847291347,40.26693769489334]}",29.30362847291347,40.26693769489334,0.029062728429416585,Low
2_53_0,81.323456,-0.0070698494,-0.011574646,-0.005944854,365,0,10,0.48834965,0.19654469,0.6971366,3082.0,0.4812798,0.18497005,0.69119173,3264.0,23.230164,"{""geodesic"":false,""type"":""Point"",""coordinates"":[29.30371830444188,40.269363146160465]}",29.30371830444188,40.269363146160465,0.09969623635684957,Low
2_54_0,64.09289,0.011576523,-0.0021661597,-0.011899959,385,0,10,0.4947966,0.22196442,0.76865673,2370.0,0.5063731,0.21979827,0.7567568,2600.0,14.539437,"{""geodesic"":false,""type"":""Point"",""coordinates"":[29.289974080594853,40.24537812807448]}",29.289974080594853,40.24537812807448,0.07914859722817869,Low
2_55_0,280.80365,-0.001348278,-0.01336794,0.037249267,191,0,10,0.46761614,0.21932666,0.66589683,2164.0,0.46626785,0.20595872,0.7031461,2206.0,27.391563,"{""geodesic"":false,""type"":""Point"",""coordinates"":[29.267785693077098,40.243581497506234]}",29.267785693077098,40.243581497506234,0.35716161740503455,Medium
2_56_0,170.08853,0.022046408,0.009338081,-0.007299516,495,0,10,0.43674052,0.16521738,0.76781005,2010.0,0.45878693,0.17455547,0.7605105,2345.0,13.847109,"{""geodesic"":false,""type"":""Point"",""coordinates"":[29.29087239587897,40.26487156973987]}",29.29087239587897,40.26487156973987,0.3742434244249334,Medium
2_57_0,90.0,0.01653011,0.022736486,-0.0019074535,351,0,10,0.48335359,0.19662811,0.738041,3052.0,0.49988368,0.2193646,0.7361336,3224.0,17.65276,"{""geodesic"":false,""type"":""Point"",""coordinates"":[29.304257293612352,40.26927331463205]}",29.304257293612352,40.26927331463205,0.06751094465111232,Low
2_58_0,105.243484,-0.014487166,-0.013928593,-0.014277792,527,0,10,0.42184457,0.12920006,0.67928076,2008.0,0.4073574,0.115271464,0.665003,2085.0,17.110676,"{""geodesic"":false,""type"":""Point"",""coordinates"":[29.292399531861975,40.26846483087635]}",29.292399531861975,40.26846483087635,0.09513341125120524,Low
2_59_0,71.54033,0.01792237,0.017058937,0.01474485,375,0,10,0.5911704,0.28624535,0.7789203,3460.0,0.6090928,0.30330428,0.7936652,3964.0,35.592693,"{""geodesic"":false,""type"":""Point"",""coordinates"":[29.302370831515702,40.27044112450141]}",29.302370831515702,40.27044112450141,0.03320164803648417,Low
2_60_0,136.89034,0.008876946,-0.0037692075,-0.006014099,543,0,10,0.36337626,0.09477312,0.68971634,1906.0,0.3722532,0.09100391,0.68370223,2092.0,17.24593,"{""geodesic"":false,""type"":""Point"",""coordinates"":[29.290602901293735,40.26666820030811]}",29.290602901293735,40.26666820030811,0.11499435575555343,Low
2_61_0,299.02573,0.0277322,0.011662093,0.010290364,352,0,10,0.6033835,0.31104708,0.7920168,3412.0,0.6311157,0.32270917,0.8023072,3984.0,14.944089,"{""geodesic"":false,""type"":""Point"",""coordinates"":[29.30470645125441,40.27214792354124]}",29.30470645125441,40.27214792354124,0.1738642876401985,Low
2_62_0,143.94348,-0.035346843,-0.053348724,-0.035232984,488,0,10,0.4147081,0.1483077,0.7245841,1866.0,0.37936127,0.09495897,0.68935114,1868.0,10.215734,"{""geodesic"":false,""type"":""Point"",""coordinates"":[29.289974080594853,40.264152917512575]}",29.289974080594853,40.264152917512575,0.06131719537679821,Low
2_63_0,111.99574,0.033165675,0.042540494,0.004418065,343,0,10,0.6741595,0.37876803,0.9170843,4208.0,0.7073252,0.42130852,0.92150235,5116.0,21.255339,"{""geodesic"":false,""type"":""Point"",""coordinates"":[29.303179315271407,40.270800450615056]}",29.303179315271407,40.270800450615056,0.00795126001910226,Low
2_64_0,33.227203,-0.012431991,-0.031441946,-0.02043575,382,0,10,0.46218488,0.18872759,0.74728036,2088.0,0.4497529,0.15728565,0.7268446,2200.0,13.073527,"{""geodesic"":false,""type"":""Point"",""coordinates"":[29.290602901293735,40.245018801960825]}",29.290602901293735,40.245018801960825,0.16843745838647378,Low
2_65_0,270.0,0.020910459,0.0034428232,0.035921037,200,0,10,0.41451105,0.16679677,0.64128846,2242.0,0.4354215,0.1702396,0.6772095,2320.0,29.795849,"{""geodesic"":false,""type"":""Point"",""coordinates"":[29.268145019190747,40.244569644318766]}",29.268145019190747,40.244569644318766,0.4122849660773735,Medium
2_66_0,132.47865,-0.0014693241,-0.021906717,-0.02409971,519,0,10,0.43881175,0.17324908,0.7385876,2228.0,0.43734244,0.15134236,0.7144879,2423.0,23.338858,"{""geodesic"":false,""type"":""Point"",""coordinates"":[29.29230970033356,40.26711735795017]}",29.29230970033356,40.26711735795017,0.3779625275550682,Medium
2_67_0,105.243484,-0.0053558364,-0.008646364,-0.028252086,527,0,10,0.39687702,0.11373363,0.7124626,2147.0,0.3915212,0.105087265,0.68421054,2232.0,17.110676,"{""geodesic"":false,""type"":""Point"",""coordinates"":[29.292579194918797,40.268374999347934]}",29.292579194918797,40.268374999347934,0.04652436637752654,Low
2_68_0,159.99585,0.016884932,0.0094713215,0.008935533,396,0,10,0.40458462,0.14211088,0.6483893,2405.0,0.42146954,0.15158221,0.65732485,2602.0,17.228045,"{""geodesic"":false,""type"":""Point"",""coordinates"":[29.302460663044112,40.26909365157523]}",29.302460663044112,40.26909365157523,0.09448599393056811,Low
2_69_0,74.75675,0.019780274,0.029334744,-0.0006074596,341,0,10,0.52975327,0.23214808,0.77341557,3162.0,0.54953355,0.26148283,0.77280813,3488.0,17.110922,"{""geodesic"":false,""type"":""Point"",""coordinates"":[29.304347125140765,40.269363146160465]}",29.304347125140765,40.269363146160465,0.049030006064872914,Low
2_70_0,276.45157,0.0024040896,-0.016635716,0.000785964,290,0,10,0.45184338,0.19529411,0.7255435,2540.0,0.45424747,0.1786584,0.72632945,2662.0,29.95337,"{""geodesic"":false,""type"":""Point"",""coordinates"":[29.269851818230574,40.24537812807448]}",29.269851818230574,40.24537812807448,0.2077224759070402,Low
2_71_0,33.237125,0.02478058,-0.0025446399,1.0141326e-05,338,0,10,0.4937292,0.1971282,0.72560614,2918.0,0.5185098,0.19458356,0.7256163,3220.0,2.2166853,"{""geodesic"":false,""type"":""Point"",""coordinates"":[29.303448809856643,40.27062078755824]}",29.303448809856643,40.27062078755824,0.06421820861723804,Low
2_72_0,64.09298,-0.0041170693,-0.01959665,-0.020369906,382,0,10,0.5335968,0.26068482,0.7950178,2522.0,0.52947974,0.24108818,0.7746479,2646.0,14.539483,"{""geodesic"":false,""type"":""Point"",""coordinates"":[29.28988424906644,40.24564762265971]}",29.28988424906644,40.24564762265971,0.058191453131998,Low
2_73_0,112.972244,0.03998159,0.026285378,0.034407098,365,0,10,0.43778569,0.17225672,0.6321707,2831.0,0.47776726,0.1985421,0.66657776,3124.0,11.716144,"{""geodesic"":false,""type"":""Point"",""coordinates"":[29.303179315271407,40.26846483087635]}",29.303179315271407,40.26846483087635,0.0644447078358292,Low
2_74_0,282.29803,0.0071893428,0.007069528,-0.033605188,349,0,10,0.63119566,0.33564147,0.89778626,3472.0,0.638385,0.342711,0.8641811,4200.0,16.909283,"{""geodesic"":false,""type"":""Point"",""coordinates"":[29.30407763055553,40.27089028214347]}",29.30407763055553,40.27089028214347,0.07737953104737078,Low
2_75_0,59.303806,0.011917828,0.0010230369,0.0075941095,402,0,10,0.5569941,0.2630137,0.78624475,2766.0,0.5689119,0.26403674,0.79383886,3028.0,12.515236,"{""geodesic"":false,""type"":""Point"",""coordinates"":[29.28907576531073,40.245288296546065]}",29.28907576531073,40.245288296546065,0.01376600769834206,Low
2_76_0,149.21826,0.017781392,0.0051871603,-0.016490256,500,0,10,0.40083113,0.12534143,0.7095436,1854.0,0.4186125,0.13052858,0.6930533,2096.0,11.709568,"{""geodesic"":false,""type"":""Point"",""coordinates"":[29.29123172199262,40.26541055891034]}",29.29123172199262,40.26541055891034,0.09135279894724162,Low
2_77_0,146.76492,0.019794405,0.009587729,-0.009059964,497,0,10,0.30839634,0.036243305,0.60939795,1644.0,0.32819074,0.045831032,0.600338,1894.0,15.160192,"{""geodesic"":false,""type"":""Point"",""coordinates"":[29.291501216577856,40.26541055891034]}",29.291501216577856,40.26541055891034,0.04615918552149956,Low
2_78_0,277.49716,0.0344731,0.013413657,0.02892348,262,0,10,0.3660291,0.12296734,0.63012093,2089.0,0.4005022,0.136381,0.65904444,2231.0,31.812578,"{""geodesic"":false,""type"":""Point"",""coordinates"":[29.26913316600328,40.244839138904005]}",29.26913316600328,40.244839138904005,0.4944109444049454,Medium
2_79_0,154.52032,0.0067454944,-0.01217142,-0.016349498,484,0,10,0.40724316,0.14285715,0.7,1904.0,0.41398865,0.13068572,0.6836505,2057.0,11.158376,"{""geodesic"":false,""type"":""Point"",""coordinates"":[29.28988424906644,40.26379359139893]}",29.28988424906644,40.26379359139893,0.12905000372615502,Low
2_80_0,139.70125,0.017331885,0.012978285,-0.005685011,379,0,20,0.34262553,0.08480809,0.6587594,2360.0,0.3599574,0.097786374,0.65307444,2554.0,19.840525,"{""geodesic"":false,""type"":""Point"",""coordinates"":[29.303179315271407,40.26882415698999]}",29.303179315271407,40.26882415698999,0.14200337043370478,Low
2_81_0,146.76363,0.023595808,0.0242829,0.026646897,371,0,20,0.38699362,0.12555423,0.6674143,2602.0,0.4105894,0.14983714,0.69406116,2824.0,15.160405,"{""geodesic"":false,""type"":""Point"",""coordinates"":[29.303179315271407,40.268644493933174]}",29.303179315271407,40.268644493933174,0.03858208678559092,Low
2_82_0,57.14342,0.017259328,-0.014431506,-0.0063568726,392,0,10,0.46049047,0.18438497,0.75354415,2412.0,0.4777498,0.16995347,0.7471873,2640.0,18.170267,"{""geodesic"":false,""type"":""Point"",""coordinates"":[29.289524922952793,40.24564762265971]}",29.289524922952793,40.24564762265971,0.08621766297596575,Low
2_83_0,152.33499,0.021242449,0.018722752,-0.005813397,384,0,10,0.33747804,0.08592121,0.6276316,2474.0,0.35872048,0.10464396,0.6218182,2676.0,20.07966,"{""geodesic"":false,""type"":""Point"",""coordinates"":[29.30281998915776,40.268913988518406]}",29.30281998915776,40.268913988518406,0.09902303692454036,Low
2_84_0,274.36496,0.02186885,-0.0035192247,0.050284248,194,0,10,0.4589004,0.21066104,0.6739538,2010.0,0.48076922,0.20714182,0.72423804,2079.0,23.04402,"{""geodesic"":false,""type"":""Point"",""coordinates"":[29.26787552460551,40.243312002921]}",29.26787552460551,40.243312002921,0.3687118518743249,Medium
2_85_0,61.892426,0.036889214,0.035411842,0.040828787,366,0,10,0.6152472,0.31676054,0.808,3390.0,0.6521364,0.35217237,0.8488288,3828.0,13.523737,"{""geodesic"":false,""type"":""Point"",""coordinates"":[29.303089483742998,40.26801567323429]}",29.303089483742998,40.26801567323429,0.0007007051636840701,Low
2_86_0,99.28597,0.012334723,-0.0022132292,-0.016306294,514,0,10,0.46680287,0.18710388,0.73884964,2154.0,0.47913757,0.18489066,0.72254336,2384.0,16.749615,"{""geodesic"":false,""type"":""Point"",""coordinates"":[29.292938521032447,40.26855466240476]}",29.292938521032447,40.26855466240476,0.181615991674082,Low
2_87_0,123.73069,0.034667745,0.008797845,-0.018054562,488,0,10,0.428141,0.18411192,0.685633,2370.0,0.46280876,0.19290976,0.66757846,2591.0,11.53362,"{""geodesic"":false,""type"":""Point"",""coordinates"":[29.288716439197085,40.26379359139893]}",29.288716439197085,40.26379359139893,0.14593389332624196,Low
2_88_0,56.270935,0.015018144,0.00897157,0.03765706,370,0,10,0.6218058,0.31517664,0.81877726,3332.0,0.63682395,0.3241482,0.85643435,3556.0,11.534099,"{""geodesic"":false,""type"":""Point"",""coordinates"":[29.30264032610094,40.26801567323429]}",29.30264032610094,40.26801567323429,0.004421761884740792,Low
2_89_0,100.79966,-0.016673781,-0.022326764,0.011205295,542,0,10,0.36319444,0.09116176,0.59723353,1963.0,0.34652066,0.06883499,0.6084388,1906.0,19.06354,"{""geodesic"":false,""type"":""Point"",""coordinates"":[29.29221986880515,40.26927331463205]}",29.29221986880515,40.26927331463205,0.12096418593428707,Low
2_90_0,49.347084,0.015556363,0.00057803525,-0.0025806997,401,0,10,0.5102545,0.24151939,0.75632185,3056.0,0.5258109,0.24209744,0.75374115,3340.0,12.605694,"{""geodesic"":false,""type"":""Point"",""coordinates"":[29.289974080594853,40.244569644318766]}",29.289974080594853,40.244569644318766,0.02018443943699957,Low
2_91_0,146.76407,-0.003986825,-0.018800912,0.011692502,551,0,10,0.3787466,0.11453745,0.70442104,2024.0,0.37475976,0.09573653,0.71611357,2146.0,6.62362,"{""geodesic"":false,""type"":""Point"",""coordinates"":[29.290962227407384,40.26756651559223]}",29.290962227407384,40.26756651559223,0.13944434190308327,Low
2_92_0,59.828808,0.0077283946,-0.005136335,0.0041099787,360,0,10,0.62537503,0.34040296,0.83276945,3792.0,0.63310343,0.33526662,0.83687943,4144.0,27.264044,"{""geodesic"":false,""type"":""Point"",""coordinates"":[29.303538641385057,40.269632640745705]}",29.303538641385057,40.269632640745705,0.004054630554630555,Low
2_93_0,64.83997,-0.0036682265,-0.022583675,-0.019609211,375,0,10,0.51958066,0.24193548,0.77011496,2464.0,0.5159124,0.21935181,0.75050575,2596.0,16.940998,"{""geodesic"":false,""type"":""Point"",""coordinates"":[29.29024357518009,40.2455577911313]}",29.29024357518009,40.2455577911313,0.10962934147816782,Low
2_94_0,59.156128,0.0055868076,0.0021194518,0.0012388583,364,0,10,0.5955707,0.28770185,0.7793994,3170.0,0.6011575,0.2898213,0.7806382,3320.0,29.610601,"{""geodesic"":false,""type"":""Point"",""coordinates"":[29.30362847291347,40.26756651559223]}",29.30362847291347,40.26756651559223,0.053510604388731696,Low
2_95_0,105.24361,0.012942997,0.0064492445,0.003417869,516,0,10,0.34809265,0.06785377,0.6644239,1979.0,0.36103565,0.074303016,0.66784173,2129.0,17.110552,"{""geodesic"":false,""type"":""Point"",""coordinates"":[29.292758857975624,40.26783601017746]}",29.292758857975624,40.26783601017746,0.043546469121957886,Low
2_96_0,65.99872,0.012766938,-0.0007978542,0.0006954883,428,0,10,0.49262044,0.2129441,0.74365646,2680.0,0.50538737,0.21214625,0.744352,2934.0,15.566774,"{""geodesic"":false,""type"":""Point"",""coordinates"":[29.288536776140262,40.244569644318766]}",29.288536776140262,40.244569644318766,0.039020532743769536,Low
2_97_0,144.4421,0.012325839,-0.012281893,-0.032468647,490,0,10,0.35148516,0.083333336,0.67484665,1638.0,0.363811,0.07105144,0.642378,1775.0,12.346225,"{""geodesic"":false,""type"":""Point"",""coordinates"":[29.290602901293735,40.26469190668305]}",29.290602901293735,40.26469190668305,0.07444170074691202,Low
2_98_0,97.89834,0.015289892,0.0027080358,0.017196923,513,0,10,0.4217736,0.1438515,0.6658923,1972.0,0.43706352,0.14655954,0.6830892,2212.0,13.25727,"{""geodesic"":false,""type"":""Point"",""coordinates"":[29.292938521032447,40.268374999347934]}",29.292938521032447,40.268374999347934,0.10032212627788188,Low
2_99_0,121.40159,-0.010924078,-0.027652102,-0.0234541,516,0,10,0.45257843,0.17708942,0.7075032,2014.0,0.44165435,0.14943732,0.68404907,2196.0,13.957957,"{""geodesic"":false,""type"":""Point"",""coordinates"":[29.291411385049443,40.26621904266605]}",29.291411385049443,40.26621904266605,0.16188323391035675,Low
2_100_0,167.67928,-0.0053865286,0.0043839957,-0.019164538,487,0,10,0.46493903,0.16414294,0.76330274,1922.0,0.4595525,0.16852693,0.74413824,2120.0,11.245607,"{""geodesic"":false,""type"":""Point"",""coordinates"":[29.288806270725495,40.263883422927336]}",29.288806270725495,40.263883422927336,0.3929426570083061,Medium
2_101_0,148.33727,0.00020966584,-0.014791763,0.009505006,512,0,10,0.4282693,0.1563927,0.7046698,2026.0,0.42847896,0.14160094,0.71417475,2207.0,17.916899,"{""geodesic"":false,""type"":""Point"",""coordinates"":[29.290692732822148,40.26550039043875]}",29.290692732822148,40.26550039043875,0.3748234974025007,Medium
2_102_0,142.60413,0.001236245,-0.02156171,-0.017057858,472,0,10,0.45974955,0.19054566,0.77006507,2040.0,0.4609858,0.16898395,0.75300723,2186.0,13.739829,"{""geodesic"":false,""type"":""Point"",""coordinates"":[29.289255428367557,40.26325460222846]}",29.289255428367557,40.26325460222846,0.3228120028137587,Medium
2_103_0,33.227528,-0.016820488,-0.02149452,-0.0038438763,391,0,10,0.5541761,0.265625,0.7796446,2754.0,0.5373556,0.24413048,0.7758007,2994.0,17.203999,"{""geodesic"":false,""type"":""Point"",""coordinates"":[29.289255428367557,40.24591711724495]}",29.289255428367557,40.24591711724495,0.03330487601045758,Low
2_104_0,329.77948,0.023868544,0.030886617,0.004910256,342,0,10,0.59427893,0.2748761,0.85058105,3344.0,0.61814743,0.3057627,0.85549134,3852.0,9.570296,"{""geodesic"":false,""type"":""Point"",""coordinates"":[29.30371830444188,40.270351292973]}",29.30371830444188,40.270351292973,0.11601447561105241,Low
2_105_0,58.59067,0.010788308,-0.016055232,-0.013378111,386,0,10,0.5133476,0.24639879,0.7843705,2466.0,0.52413595,0.23034355,0.77099234,2668.0,13.954989,"{""geodesic"":false,""type"":""Point"",""coordinates"":[29.289704586009616,40.24564762265971]}",29.289704586009616,40.24564762265971,0.04091400457174893,Low
2_106_0,35.370457,0.021899743,0.0164678,0.027090708,383,0,10,0.633692,0.32744196,0.8488935,3530.0,0.6555917,0.34390974,0.87598425,3812.0,25.47527,"{""geodesic"":false,""type"":""Point"",""coordinates"":[29.302370831515702,40.26783601017746]}",29.302370831515702,40.26783601017746,0.0014185444185444184,Low
2_107_0,96.22073,-0.009516379,-0.023574336,-0.013857759,436,0,10,0.48399246,0.20404325,0.77170527,2561.0,0.4744761,0.18046892,0.75784755,2744.0,16.635088,"{""geodesic"":false,""type"":""Point"",""coordinates"":[29.301113190117935,40.26990213533094]}",29.301113190117935,40.26990213533094,0.03936142077848474,Low
2_108_0,133.2021,0.020841785,0.0074477987,0.021746518,529,0,10,0.31343284,0.04109589,0.6296296,1672.0,0.33427462,0.048543688,0.6513761,1890.0,20.72383,"{""geodesic"":false,""type"":""Point"",""coordinates"":[29.291052058935794,40.2665783687797]}",29.291052058935794,40.2665783687797,0.1517419881717137,Low
2_109_0,66.00667,0.022857143,0.0068341573,0.006822704,410,0,10,0.5485714,0.2747942,0.7961889,3252.0,0.5714286,0.28162837,0.8030116,3652.0,15.571394,"{""geodesic"":false,""type"":""Point"",""coordinates"":[29.302101336930466,40.269812303802524]}",29.302101336930466,40.269812303802524,0.013948259032654684,Low
2_110_0,149.21826,0.0001344247,-0.016047047,0.0010858367,500,0,10,0.40515584,0.12473052,0.70494866,1826.0,0.40529025,0.108683474,0.7060345,1979.0,11.709568,"{""geodesic"":false,""type"":""Point"",""coordinates"":[29.291052058935794,40.265320727381926]}",29.291052058935794,40.265320727381926,0.08613392404701516,Low
2_111_0,127.34445,0.020595487,0.012885112,0.011814311,367,0,20,0.39041096,0.13934161,0.60523117,2639.0,0.41100645,0.15222672,0.61704546,2846.0,17.756626,"{""geodesic"":false,""type"":""Point"",""coordinates"":[29.30326914679982,40.26855466240476]}",29.30326914679982,40.26855466240476,0.09624393157389705,Low
2_112_0,166.59702,-0.011894024,-0.011032047,-0.0058930325,406,0,10,0.46023294,0.18610623,0.68801695,2194.0,0.44833893,0.17507419,0.6821239,2376.0,20.10779,"{""geodesic"":false,""type"":""Point"",""coordinates"":[29.301292853174758,40.26927331463205]}",29.301292853174758,40.26927331463205,0.6912174064638776,High
2_113_0,275.4501,0.008569517,-0.0024280562,0.03908604,295,0,10,0.5127479,0.26440412,0.7365854,3204.0,0.52131736,0.26197603,0.7756714,3372.0,34.28397,"{""geodesic"":false,""type"":""Point"",""coordinates"":[29.27012131281581,40.24591711724495]}",29.27012131281581,40.24591711724495,0.29546597450949175,Medium
2_114_0,287.38763,0.020814445,0.017497934,0.027764495,238,0,10,0.41104296,0.16539992,0.6577999,2415.0,0.43185738,0.18289787,0.6855644,2490.0,40.91592,"{""geodesic"":false,""type"":""Point"",""coordinates"":[29.268953502946456,40.245018801960825]}",29.268953502946456,40.245018801960825,0.168480351922559,Low
2_115_0,41.144886,0.005340113,0.0015250075,-0.014940625,349,0,10,0.62491536,0.31171435,0.87110186,3600.0,0.63025546,0.31323934,0.85616124,4052.0,21.153143,"{""geodesic"":false,""type"":""Point"",""coordinates"":[29.30371830444188,40.26999196685935]}",29.30371830444188,40.26999196685935,0.0047662467752654855,Low
2_116_0,123.18578,-0.010130986,-0.010584521,-0.025338149,551,0,10,0.4049822,0.12222854,0.7157757,1974.0,0.3948512,0.111644015,0.6904376,2086.0,10.062226,"{""geodesic"":false,""type"":""Point"",""coordinates"":[29.291501216577856,40.26783601017746]}",29.291501216577856,40.26783601017746,0.16559561982821006,Low
2_117_0,146.76363,-0.00015248431,-0.0034378609,-0.023526601,371,0,20,0.3810549,0.1186921,0.6757551,2566.0,0.3809024,0.11525424,0.6522285,2632.0,15.160405,"{""geodesic"":false,""type"":""Point"",""coordinates"":[29.303089483742998,40.26855466240476]}",29.303089483742998,40.26855466240476,0.037253337553606505,Low
2_118_0,43.853706,0.0019983582,-0.0070157056,-0.0039021012,404,0,10,0.57130533,0.2858584,0.81259775,3187.0,0.5733037,0.2788427,0.8086957,3536.0,18.609695,"{""geodesic"":false,""type"":""Point"",""coordinates"":[29.28844694461185,40.24582728571654]}",29.28844694461185,40.24582728571654,0.037017642642054455,Low
2_119_0,55.51227,0.019675571,-0.005776879,0.0024517642,406,0,10,0.39144385,0.14072776,0.6642149,2602.0,0.41111943,0.13495088,0.6666667,2830.0,14.429127,"{""geodesic"":false,""type"":""Point"",""coordinates"":[29.28979441753803,40.24447981279036]}",29.28979441753803,40.24447981279036,0.03453852286154139,Low
2_120_0,52.655323,0.041577216,0.06263207,0.019972648,325,0,10,0.6326144,0.33617848,0.88867563,3444.0,0.6741916,0.39881054,0.90864825,4116.0,3.0550573,"{""geodesic"":false,""type"":""Point"",""coordinates"":[29.304347125140765,40.2681055047627]}",29.304347125140765,40.2681055047627,0.07982158149624045,Low
2_121_0,272.913,0.011216146,-0.00066930475,0.020814592,311,0,10,0.46897253,0.21753794,0.72058386,2888.0,0.48018867,0.21686864,0.74139845,3138.0,32.500042,"{""geodesic"":false,""type"":""Point"",""coordinates"":[29.270390807401046,40.24618661183018]}",29.270390807401046,40.24618661183018,0.15052259528248513,Low
2_122_0,158.03925,-0.004559084,-0.024746856,-0.0170578,502,0,10,0.5250747,0.26015368,0.788162,2296.0,0.5205156,0.23540682,0.7711042,2418.0,12.784242,"{""geodesic"":false,""type"":""Point"",""coordinates"":[29.288806270725495,40.26442241209781]}",29.288806270725495,40.26442241209781,0.23990035480486843,Low
2_123_0,122.452675,-0.0070646596,-0.031249264,-0.0032299345,459,0,10,0.4384762,0.17048977,0.7321101,1888.0,0.43141153,0.1392405,0.72888017,1980.0,8.577588,"{""geodesic"":false,""type"":""Point"",""coordinates"":[29.289165596839144,40.262446118472745]}",29.289165596839144,40.262446118472745,0.20339421487233836,Low
2_124_0,87.5727,0.007533083,0.000532426,-0.014921947,342,0,10,0.47677523,0.17178564,0.70793456,2766.0,0.4843083,0.17231807,0.6930126,2956.0,20.917952,"{""geodesic"":false,""type"":""Point"",""coordinates"":[29.304436956669175,40.269183483103646]}",29.304436956669175,40.269183483103646,0.07967558039597568,Low
2_125_0,113.99438,0.006840684,-0.019671202,0.011903951,513,0,10,0.44208363,0.16403873,0.7345424,2104.0,0.4489243,0.14436753,0.74644643,2273.0,15.570785,"{""geodesic"":false,""type"":""Point"",""coordinates"":[29.291770711163092,40.26639870572287]}",29.291770711163092,40.26639870572287,0.11725175784011226,Low
2_126_0,52.645798,0.002090277,-0.00949663,0.015362901,417,0,10,0.55449736,0.27323943,0.78656125,2938.0,0.55658764,0.2637428,0.80192417,3184.0,16.35584,"{""geodesic"":false,""type"":""Point"",""coordinates"":[29.288806270725495,40.24465947584718]}",29.288806270725495,40.24465947584718,0.02207165991576293,Low
2_127_0,136.37593,-0.020209482,-0.032347947,-0.041277256,493,0,10,0.44217688,0.17668825,0.71659917,1908.0,0.4219674,0.1443403,0.67532194,1984.0,13.819629,"{""geodesic"":false,""type"":""Point"",""coordinates"":[29.290063912123262,40.26442241209781]}",29.290063912123262,40.26442241209781,0.1880237263903912,Low
2_128_0,146.76471,-0.02471592,-0.04562857,-0.061765008,521,0,10,0.42501727,0.16038267,0.71049356,2062.0,0.40030137,0.114754096,0.64872855,2091.0,17.205435,"{""geodesic"":false,""type"":""Point"",""coordinates"":[29.290602901293735,40.26576988502399]}",29.290602901293735,40.26576988502399,0.08526657308402594,Low
2_129_0,127.34445,0.01215085,0.019085875,-0.0086099,341,0,10,0.41252193,0.12645824,0.6892932,2414.0,0.42467278,0.14554411,0.6806833,2558.0,23.121193,"{""geodesic"":false,""type"":""Point"",""coordinates"":[29.30407763055553,40.268644493933174]}",29.30407763055553,40.268644493933174,0.24445838279445412,Low
2_130_0,169.3961,-0.008992874,-0.029114092,-0.045326594,510,0,10,0.36649,0.1051764,0.66517633,1676.0,0.35749713,0.0760623,0.61984974,1779.0,12.983572,"{""geodesic"":false,""type"":""Point"",""coordinates"":[29.289345259895967,40.26496140126828]}",29.289345259895967,40.26496140126828,0.2694109892928786,Medium
2_131_0,118.85772,0.014878179,0.011472309,-0.0014485888,388,0,10,0.408867,0.13705796,0.69441843,2717.0,0.4237452,0.14853027,0.69296986,2950.0,23.55836,"{""geodesic"":false,""type"":""Point"",""coordinates"":[29.302999652214584,40.26927331463205]}",29.302999652214584,40.26927331463205,0.16014668448167568,Low
2_132_0,258.64227,0.007199305,-0.0040449966,0.03909109,165,0,10,0.5020223,0.22771753,0.6926162,2321.0,0.5092216,0.22367254,0.73170733,2414.0,22.342377,"{""geodesic"":false,""type"":""Point"",""coordinates"":[29.26733653543504,40.24403065514829]}",29.26733653543504,40.24403065514829,0.5189047657385631,High
2_133_0,33.237125,0.013221995,0.008635347,-0.0042919344,338,0,10,0.648986,0.35274357,0.9113924,4228.0,0.66220796,0.3613789,0.9071005,4660.0,2.2166853,"{""geodesic"":false,""type"":""Point"",""coordinates"":[29.30326914679982,40.27062078755824]}",29.30326914679982,40.27062078755824,0.010929855240660235,Low
2_134_0,60.964806,-0.0027007756,-0.019379264,-0.0072333673,378,0,10,0.51828074,0.23356009,0.73913044,2720.0,0.51558,0.21418083,0.73189706,2894.0,14.939833,"{""geodesic"":false,""type"":""Point"",""coordinates"":[29.290063912123262,40.24591711724495]}",29.290063912123262,40.24591711724495,0.033438870948108254,Low
2_135_0,57.1431,0.024312524,0.0023632597,0.0051081795,399,0,10,0.50082284,0.22911051,0.71967316,2736.0,0.52513534,0.23147377,0.72478133,2958.0,18.170118,"{""geodesic"":false,""type"":""Point"",""coordinates"":[29.289704586009616,40.24465947584718]}",29.289704586009616,40.24465947584718,0.0617372270526371,Low
2_136_0,174.65234,-0.003681351,-0.02484157,-0.009331055,486,0,10,0.45904624,0.19143876,0.71722364,2004.0,0.45536488,0.16659719,0.7078926,2099.0,12.823157,"{""geodesic"":false,""type"":""Point"",""coordinates"":[29.289345259895967,40.26397325445575]}",29.289345259895967,40.26397325445575,0.43253036747940965,Medium
2_137_0,245.72318,-0.031092625,-0.030413836,-0.05844184,212,0,10,0.5566502,0.27232796,0.7739219,3476.0,0.52555764,0.24191412,0.7154801,3283.0,27.1052,"{""geodesic"":false,""type"":""Point"",""coordinates"":[29.268594176832806,40.24546795960289]}",29.268594176832806,40.24546795960289,0.33300462802824354,Medium
2_138_0,74.75675,0.019780274,0.029334744,-0.0006074596,341,0,10,0.52975327,0.23214808,0.77341557,3162.0,0.54953355,0.26148283,0.77280813,3488.0,17.110922,"{""geodesic"":false,""type"":""Point"",""coordinates"":[29.304347125140765,40.269363146160465]}",29.304347125140765,40.269363146160465,0.049030006064872914,Low
2_139_0,283.64566,0.00640599,0.0046430402,0.0027949205,363,0,10,0.642472,0.3432836,0.82994455,3960.0,0.648878,0.34792662,0.8327395,4372.0,25.655716,"{""geodesic"":false,""type"":""Point"",""coordinates"":[29.30470645125441,40.27178859742759]}",29.30470645125441,40.27178859742759,0.09677973359878295,Low
2_140_0,123.73048,-0.028441282,-0.0325737,-0.053260647,489,0,10,0.42260733,0.14557564,0.71754634,1806.0,0.39416605,0.11300194,0.6642857,1864.0,11.533684,"{""geodesic"":false,""type"":""Point"",""coordinates"":[29.29024357518009,40.26442241209781]}",29.29024357518009,40.26442241209781,0.08524611038392177,Low
2_141_0,117.84704,-0.0351234,-0.04264915,-0.043136213,473,0,10,0.44698206,0.16518883,0.7358121,1774.0,0.41185865,0.122539684,0.69267595,1768.0,17.32242,"{""geodesic"":false,""type"":""Point"",""coordinates"":[29.28898593378232,40.263164770700044]}",29.28898593378232,40.263164770700044,0.29923070221083636,Medium
2_142_0,158.039,-0.0037262286,-0.012554832,-0.04064088,502,0,10,0.4451962,0.17653538,0.7149739,2136.0,0.44147,0.16398056,0.67433304,2275.0,12.784263,"{""geodesic"":false,""type"":""Point"",""coordinates"":[29.290962227407384,40.26514106432511]}",29.290962227407384,40.26514106432511,0.1802237177066732,Low
2_143_0,180.0,-0.012388382,-0.014884016,-0.009676535,494,0,10,0.50608444,0.22575007,0.7845632,2104.0,0.4936961,0.21086606,0.77488667,2251.0,13.648223,"{""geodesic"":false,""type"":""Point"",""coordinates"":[29.288806270725495,40.26424274904099]}",29.288806270725495,40.26424274904099,0.5760104208635588,High
2_144_0,254.75102,0.0022042282,-0.0045545544,0.021780156,187,0,10,0.49263746,0.22784422,0.7063712,2002.0,0.4948417,0.22328967,0.7281513,2101.0,17.105013,"{""geodesic"":false,""type"":""Point"",""coordinates"":[29.267516198491865,40.24286284527894]}",29.267516198491865,40.24286284527894,0.6179135781816192,High
2_145_0,133.202,0.010866676,0.009970114,0.01668623,532,0,10,0.3527384,0.07814408,0.67950547,1766.0,0.36360508,0.088114195,0.6961917,1982.0,20.72387,"{""geodesic"":false,""type"":""Point"",""coordinates"":[29.29132155352103,40.26684786336493]}",29.29132155352103,40.26684786336493,0.1595784025389586,Low
2_146_0,158.039,-0.014140166,-0.034385704,-0.029237702,502,0,10,0.43387815,0.1567276,0.74581635,1930.0,0.419738,0.12234189,0.71657866,2032.0,12.784263,"{""geodesic"":false,""type"":""Point"",""coordinates"":[29.29087239587897,40.265320727381926]}",29.29087239587897,40.265320727381926,0.11225508486010143,Low
2_147_0,146.76492,-0.026347332,-0.03526399,-0.03535184,508,0,10,0.41056752,0.12449298,0.7589068,1802.0,0.38422018,0.089228995,0.72355497,1886.0,17.205395,"{""geodesic"":false,""type"":""Point"",""coordinates"":[29.2903334067085,40.265320727381926]}",29.2903334067085,40.265320727381926,0.1221053654049493,Low
2_148_0,267.26877,-0.038134813,-0.018840719,-0.026798483,203,0,10,0.48883086,0.1846722,0.71466756,2566.0,0.45069605,0.16583149,0.6878691,2501.0,18.763346,"{""geodesic"":false,""type"":""Point"",""coordinates"":[29.268414513775983,40.24519846501765]}",29.268414513775983,40.24519846501765,0.251909829788506,Medium
2_149_0,279.8377,0.0041718497,-0.009260729,0.0114448145,355,0,10,0.5592526,0.2641627,0.7356125,3046.0,0.56342447,0.25490198,0.7470574,3488.0,25.347857,"{""geodesic"":false,""type"":""Point"",""coordinates"":[29.304436956669175,40.271069945200296]}",29.304436956669175,40.271069945200296,0.3527988390370732,Medium
2_150_0,131.08891,0.0028667771,0.0016058682,-0.013203356,405,0,10,0.41260135,0.14200298,0.6919932,2483.0,0.41546813,0.14360885,0.67878985,2608.0,11.146908,"{""geodesic"":false,""type"":""Point"",""coordinates"":[29.302550494572525,40.269363146160465]}",29.302550494572525,40.269363146160465,0.03738148185295369,Low
2_151_0,132.0435,0.025827333,0.0038196458,-0.017677803,524,0,10,0.3104855,0.027511196,0.6958817,1606.0,0.33631286,0.031330843,0.67820394,1794.0,17.444506,"{""geodesic"":false,""type"":""Point"",""coordinates"":[29.291501216577856,40.2665783687797]}",29.291501216577856,40.2665783687797,0.15257969008370575,Low
2_152_0,270.0,0.008314478,-0.012399459,-0.008128331,334,0,10,0.39857846,0.16088042,0.6991033,2558.0,0.40689293,0.14848095,0.69097495,2684.0,27.933033,"{""geodesic"":false,""type"":""Point"",""coordinates"":[29.270839965043105,40.246725601000655]}",29.270839965043105,40.246725601000655,0.18975387156917356,Low
2_153_0,33.22742,0.012266534,-0.008372912,-0.008068631,401,0,10,0.5641358,0.28480205,0.80718565,3018.0,0.5764023,0.27642912,0.79911697,3260.0,13.073558,"{""geodesic"":false,""type"":""Point"",""coordinates"":[29.288896102253908,40.24564762265971]}",29.288896102253908,40.24564762265971,0.009158740891075254,Low
2_154_0,274.36496,0.0012261752,-0.0047177905,0.031225804,194,0,10,0.46204865,0.20096852,0.66373163,1984.0,0.4632748,0.19625074,0.69495744,2042.0,23.04402,"{""geodesic"":false,""type"":""Point"",""coordinates"":[29.267695861548688,40.24322217139259]}",29.267695861548688,40.24322217139259,0.400479089833916,Medium
2_155_0,140.17374,-0.006804441,-0.023162764,-0.01566695,481,0,10,0.40374038,0.12687665,0.70208985,1914.0,0.39693594,0.10371389,0.6864229,2006.0,13.05389,"{""geodesic"":false,""type"":""Point"",""coordinates"":[29.2903334067085,40.26379359139893]}",29.2903334067085,40.26379359139893,0.04806330262557498,Low
2_156_0,146.76363,0.025667518,0.022547668,0.027655615,374,0,20,0.35656098,0.10822156,0.54034436,2706.0,0.3822285,0.13076924,0.568,2940.0,15.160405,"{""geodesic"":false,""type"":""Point"",""coordinates"":[29.30281998915776,40.26855466240476]}",29.30281998915776,40.26855466240476,0.037950389251394906,Low
2_157_0,38.691414,0.0076899957,0.0011775291,-0.00037334565,401,0,10,0.6670256,0.36604306,0.8891872,3870.0,0.67471564,0.36722058,0.88881385,4196.0,20.471262,"{""geodesic"":false,""type"":""Point"",""coordinates"":[29.301203021646344,40.268374999347934]}",29.301203021646344,40.268374999347934,0.003105128056665315,Low
2_158_0,63.038013,0.007919269,-0.0009997416,-0.016072882,351,0,10,0.5512048,0.25993884,0.80701756,3090.0,0.5591241,0.2589391,0.79094464,3204.0,29.737167,"{""geodesic"":false,""type"":""Point"",""coordinates"":[29.303987799027116,40.267476684063816]}",29.303987799027116,40.267476684063816,0.06770716699831894,Low
2_159_0,276.87216,0.03246428,0.01745544,0.035007656,235,0,10,0.45305628,0.2008022,0.67102736,2395.0,0.48552054,0.21825765,0.706035,2629.0,39.067142,"{""geodesic"":false,""type"":""Point"",""coordinates"":[29.268594176832806,40.244389981261946]}",29.268594176832806,40.244389981261946,0.05155094294522627,Low
2_160_0,64.09289,0.005808624,-0.013014032,0.0035966747,385,0,10,0.53066516,0.26120996,0.77792645,2658.0,0.53647375,0.24819593,0.7815231,2854.0,14.539437,"{""geodesic"":false,""type"":""Point"",""coordinates"":[29.289974080594853,40.24519846501765]}",29.289974080594853,40.24519846501765,0.03275329666336454,Low
2_161_0,107.636955,-0.020530289,-0.020302797,0.00057208264,507,0,10,0.44283974,0.16722973,0.6501492,2073.0,0.42230946,0.14692694,0.6507213,2174.0,14.956655,"{""geodesic"":false,""type"":""Point"",""coordinates"":[29.293208015617683,40.26801567323429]}",29.293208015617683,40.26801567323429,0.1368792312761059,Low
2_162_0,155.17795,0.016583703,-0.011085505,0.016358547,494,0,10,0.39378044,0.11343909,0.6704086,1860.0,0.41036415,0.10235359,0.68676716,2014.0,16.867474,"{""geodesic"":false,""type"":""Point"",""coordinates"":[29.291052058935794,40.265051232796694]}",29.291052058935794,40.265051232796694,0.11111582492271722,Low
2_163_0,108.108246,0.02648496,0.01234903,-0.0029927562,386,0,10,0.54064405,0.24484181,0.8258238,2715.0,0.567129,0.25719085,0.82283103,2994.0,8.880434,"{""geodesic"":false,""type"":""Point"",""coordinates"":[29.301742010816817,40.26873432546159]}",29.301742010816817,40.26873432546159,0.03961686696623154,Low
2_164_0,146.76482,0.0024966295,-0.019972954,-0.038239308,508,0,10,0.4260748,0.15580736,0.73913044,2040.0,0.42857143,0.13583441,0.70089114,2195.0,15.160209,"{""geodesic"":false,""type"":""Point"",""coordinates"":[29.29087239587897,40.26568005349558]}",29.29087239587897,40.26568005349558,0.11287426871694005,Low
2_165_0,276.22287,0.003830777,0.002219075,0.03375051,305,0,10,0.40691257,0.16135219,0.67902946,2422.0,0.41074336,0.16357127,0.71278,2600.0,36.748524,"{""geodesic"":false,""type"":""Point"",""coordinates"":[29.270300975872633,40.24663576947224]}",29.270300975872633,40.24663576947224,0.11333313302213961,Low
2_166_0,49.982468,-0.0035264753,-0.017225634,0.00024653232,413,0,10,0.46338797,0.18890122,0.7013977,2678.0,0.45986152,0.1716756,0.70164424,2846.0,15.47846,"{""geodesic"":false,""type"":""Point"",""coordinates"":[29.289165596839144,40.24474930737559]}",29.289165596839144,40.24474930737559,0.044673218535763996,Low
2_167_0,251.64117,0.03330285,0.04326399,0.018069688,256,0,10,0.60761,0.34260178,0.8184264,4056.0,0.64091283,0.38586578,0.83649606,4476.0,27.200943,"{""geodesic"":false,""type"":""Point"",""coordinates"":[29.2693128290601,40.24636627488701]}",29.2693128290601,40.24636627488701,0.17078853006735956,Low
2_168_0,140.17374,-0.0065756985,-0.023909118,-0.036369063,481,0,10,0.38271606,0.10658683,0.7063712,1848.0,0.37614036,0.08267771,0.6700021,1961.0,13.05389,"{""geodesic"":false,""type"":""Point"",""coordinates"":[29.290153743651675,40.26397325445575]}",29.290153743651675,40.26397325445575,0.03521952594402258,Low
2_169_0,118.85772,0.019437235,0.022083553,0.0028964486,388,0,10,0.39678425,0.114536986,0.616204,2693.0,0.41622147,0.13662054,0.6191005,2916.0,23.55836,"{""geodesic"":false,""type"":""Point"",""coordinates"":[29.303179315271407,40.26927331463205]}",29.303179315271407,40.26927331463205,0.16903308066584172,Low
2_170_0,282.29803,0.018531183,0.022548953,0.012177372,349,0,10,0.520802,0.22264759,0.75426424,3034.0,0.53933316,0.24519655,0.7664416,3532.0,16.909283,"{""geodesic"":false,""type"":""Point"",""coordinates"":[29.30407763055553,40.27071061908665]}",29.30407763055553,40.27071061908665,0.2960870773613895,Medium
2_171_0,256.44846,-0.015050444,-0.0038681936,0.01884981,291,0,10,0.49038136,0.21652892,0.7579618,2208.0,0.47533092,0.21266073,0.7768116,2452.0,22.51419,"{""geodesic"":false,""type"":""Point"",""coordinates"":[29.269941649758987,40.2470849271143]}",29.269941649758987,40.2470849271143,0.7846817357235245,Very High
2_172_0,64.09261,0.0125261815,0.0006323733,-0.001116961,422,0,10,0.52517223,0.24534833,0.79147214,2878.0,0.5376984,0.24598071,0.7903552,3100.0,14.539298,"{""geodesic"":false,""type"":""Point"",""coordinates"":[29.288896102253908,40.244569644318766]}",29.288896102253908,40.244569644318766,0.012258727764770877,Low
2_173_0,276.22308,0.01536677,-0.00017299684,0.041769173,251,0,10,0.40667328,0.1537732,0.6273648,2129.0,0.42204005,0.1536002,0.66913396,2255.0,30.851427,"{""geodesic"":false,""type"":""Point"",""coordinates"":[29.26877383988963,40.24447981279036]}",29.26877383988963,40.24447981279036,0.4750967802640531,Medium
2_174_0,243.87213,0.01514781,-0.002377817,-0.0028517414,365,0,10,0.44397843,0.16537717,0.6411304,2410.0,0.45912623,0.16299936,0.63827866,2722.0,18.305803,"{""geodesic"":false,""type"":""Point"",""coordinates"":[29.304616619726,40.27089028214347]}",29.304616619726,40.27089028214347,0.3408402166229632,Medium
2_175_0,249.11116,0.007502008,-0.007148622,0.022085452,235,0,10,0.4753709,0.20884998,0.7275886,2486.0,0.48287293,0.20170137,0.7496741,2684.0,28.581736,"{""geodesic"":false,""type"":""Point"",""coordinates"":[29.268863671418043,40.24582728571654]}",29.268863671418043,40.24582728571654,0.31717066594517834,Medium
2_176_0,276.40463,-0.009467049,-0.01874054,0.021975158,215,0,10,0.50466007,0.2543625,0.6929689,2462.0,0.495193,0.23562196,0.71494406,2605.0,35.964222,"{""geodesic"":false,""type"":""Point"",""coordinates"":[29.268414513775983,40.24421031820512]}",29.268414513775983,40.24421031820512,0.09077656722269645,Low
2_177_0,287.22726,0.018943869,-0.0012213191,0.011656184,321,0,10,0.48496133,0.23634629,0.7543147,2592.0,0.5039052,0.23512498,0.7659709,2792.0,35.396034,"{""geodesic"":false,""type"":""Point"",""coordinates"":[29.270750133514692,40.24771374781319]}",29.270750133514692,40.24771374781319,0.25809038544485213,Medium
2_178_0,56.270935,0.022981854,0.0118993735,0.037467625,370,0,10,0.6087871,0.30181542,0.82309324,3442.0,0.63176894,0.3137148,0.86056083,3616.0,11.534099,"{""geodesic"":false,""type"":""Point"",""coordinates"":[29.302730157629348,40.267925841705875]}",29.302730157629348,40.267925841705875,0.004329169292148199,Low
2_179_0,138.85814,-0.005808227,-0.012898559,-0.0016542831,459,0,10,0.4522852,0.17133589,0.75596815,1986.0,0.44647697,0.15843733,0.7543139,2135.0,7.348984,"{""geodesic"":false,""type"":""Point"",""coordinates"":[29.28943509142438,40.262895276114804]}",29.28943509142438,40.262895276114804,0.19331915226031676,Low
2_180_0,110.88249,0.036087792,0.032176293,0.032658573,361,0,10,0.5233337,0.26399097,0.81395346,3354.0,0.5594215,0.29616725,0.84661204,3720.0,17.635187,"{""geodesic"":false,""type"":""Point"",""coordinates"":[29.30326914679982,40.26828516781952]}",29.30326914679982,40.26828516781952,0.04976111001207942,Low
2_181_0,49.982468,0.001978103,-0.013139153,-0.005413153,413,0,10,0.49340814,0.20099255,0.71797353,2662.0,0.49538624,0.1878534,0.7125604,2836.0,15.47846,"{""geodesic"":false,""type"":""Point"",""coordinates"":[29.28907576531073,40.244839138904005]}",29.28907576531073,40.244839138904005,0.04414454113286018,Low
2_182_0,42.019424,0.01085821,0.009977596,-0.0051014503,395,0,10,0.66629064,0.36825264,0.8987963,4062.0,0.6771488,0.3782302,0.8936949,4400.0,19.220146,"{""geodesic"":false,""type"":""Point"",""coordinates"":[29.30138268470317,40.268374999347934]}",29.30138268470317,40.268374999347934,0.0018458687974060562,Low
2_183_0,133.64548,0.001141323,-0.0024738293,-0.017672367,510,0,10,0.4950189,0.21462461,0.75625503,2176.0,0.4961602,0.21215078,0.7385827,2484.0,19.382336,"{""geodesic"":false,""type"":""Point"",""coordinates"":[29.29221986880515,40.26684786336493]}",29.29221986880515,40.26684786336493,0.33497586458921996,Medium
2_184_0,271.56146,-0.015345891,-0.029936863,-0.006891656,353,0,10,0.4974409,0.26263872,0.76045847,3072.0,0.482095,0.23270185,0.7535668,3042.0,30.71314,"{""geodesic"":false,""type"":""Point"",""coordinates"":[29.271378954213578,40.24771374781319]}",29.271378954213578,40.24771374781319,0.19346983962122363,Low
2_185_0,55.513042,0.0061444254,-0.01697516,-0.008673256,388,0,10,0.54261005,0.27502102,0.78984654,3032.0,0.54875445,0.25804585,0.7811733,3264.0,14.429397,"{""geodesic"":false,""type"":""Point"",""coordinates"":[29.28862660766867,40.246276443358596]}",29.28862660766867,40.246276443358596,0.013160390386634743,Low
2_186_0,159.99585,0.014372081,0.0063998033,-0.02358308,396,0,10,0.39843634,0.13492158,0.6749117,2370.0,0.41280842,0.14132139,0.65132856,2548.0,17.228045,"{""geodesic"":false,""type"":""Point"",""coordinates"":[29.302370831515702,40.26909365157523]}",29.302370831515702,40.26909365157523,0.11666198632537043,Low
2_187_0,175.5916,0.0019331418,-0.0026733868,-0.027696157,417,0,10,0.44458845,0.1612399,0.7146154,2229.0,0.4465216,0.15856652,0.6869192,2360.0,15.429967,"{""geodesic"":false,""type"":""Point"",""coordinates"":[29.30039453789064,40.26927331463205]}",29.30039453789064,40.26927331463205,0.5294702681314839,High
2_188_0,32.43369,0.011517044,0.014244692,0.003358752,358,0,10,0.6707388,0.3798847,0.8957096,4308.0,0.68225586,0.3941294,0.8990683,4892.0,32.330727,"{""geodesic"":false,""type"":""Point"",""coordinates"":[29.303358978328234,40.270081798387764]}",29.303358978328234,40.270081798387764,0.003798016798016798,Low
2_189_0,286.62973,-0.04238261,-0.036608633,-0.02441201,205,0,10,0.5041225,0.2504284,0.6841411,2554.0,0.4617399,0.21381976,0.6597291,2512.0,26.979492,"{""geodesic"":false,""type"":""Point"",""coordinates"":[29.268414513775983,40.24510863348924]}",29.268414513775983,40.24510863348924,0.21919283645221327,Low
2_190_0,95.448265,0.021132112,0.027606707,0.0053662136,390,0,10,0.63933676,0.3571902,0.8960455,3584.0,0.6604689,0.3847969,0.9014117,4108.0,9.675487,"{""geodesic"":false,""type"":""Point"",""coordinates"":[29.30138268470317,40.26873432546159]}",29.30138268470317,40.26873432546159,0.002178116641095548,Low
2_191_0,275.0312,0.0006209804,-0.0054954737,-0.0021989462,364,0,10,0.6618123,0.37460265,0.82537216,4108.0,0.66243327,0.36910716,0.82317317,4516.0,28.975695,"{""geodesic"":false,""type"":""Point"",""coordinates"":[29.30470645125441,40.271519102842355]}",29.30470645125441,40.271519102842355,0.15806062282075006,Low
2_192_0,165.9834,0.015259269,0.020848475,-0.009467405,416,0,10,0.43110144,0.14038128,0.7144984,2303.0,0.4463607,0.16122976,0.70503104,2474.0,19.309206,"{""geodesic"":false,""type"":""Point"",""coordinates"":[29.300664032475876,40.269183483103646]}",29.300664032475876,40.269183483103646,0.45779225862578643,Medium
2_193_0,150.67923,0.0058805957,-0.0075232587,-0.014978762,503,0,10,0.41007194,0.13066052,0.717039,1960.0,0.41595253,0.12313726,0.7020602,2148.0,14.5703335,"{""geodesic"":false,""type"":""Point"",""coordinates"":[29.29132155352103,40.26568005349558]}",29.29132155352103,40.26568005349558,0.0645136885644305,Low
2_194_0,299.02573,0.0055394974,-0.0013174993,0.023223521,352,0,10,0.57325286,0.27296638,0.69315344,3388.0,0.57879233,0.27164888,0.71637696,3752.0,14.944089,"{""geodesic"":false,""type"":""Point"",""coordinates"":[29.30470645125441,40.272237755069646]}",29.30470645125441,40.272237755069646,0.2753784004791523,Medium
2_195_0,50.227097,0.007790915,-0.0020016683,1.4960338e-05,342,0,10,0.64883137,0.35945213,0.8735733,4268.0,0.6566223,0.3574505,0.87358826,4728.0,31.269562,"{""geodesic"":false,""type"":""Point"",""coordinates"":[29.303089483742998,40.27017162991618]}",29.303089483742998,40.27017162991618,0.005026973026973028,Low
2_196_0,160.73744,0.019904595,0.008918126,-0.012480766,477,0,10,0.36287686,0.09133217,0.63485837,1876.0,0.38278145,0.1002503,0.62237763,2088.0,14.424724,"{""geodesic"":false,""type"":""Point"",""coordinates"":[29.28988424906644,40.26352409681369]}",29.28988424906644,40.26352409681369,0.048021746017702725,Low
2_197_0,146.76492,0.007765317,-0.0034709794,-0.008402104,497,0,10,0.35653463,0.09015174,0.6349844,1832.0,0.36429992,0.08668076,0.62658226,2056.0,15.160192,"{""geodesic"":false,""type"":""Point"",""coordinates"":[29.291501216577856,40.265320727381926]}",29.291501216577856,40.265320727381926,0.02310328628464459,Low
2_198_0,274.06137,-0.0137802195,-0.017727133,0.0054651685,252,0,10,0.46573752,0.2091018,0.7077131,2524.0,0.4519573,0.19137466,0.7131783,2652.0,42.43493,"{""geodesic"":false,""type"":""Point"",""coordinates"":[29.26913316600328,40.2455577911313]}",29.26913316600328,40.2455577911313,0.06379134766473304,Low
2_199_0,52.64591,0.014247123,0.0008776885,0.021376887,424,0,10,0.5677201,0.28018433,0.7876448,2778.0,0.58196723,0.281062,0.80902165,3088.0,14.938524,"{""geodesic"":false,""type"":""Point"",""coordinates"":[29.288357113083435,40.245018801960825]}",29.288357113083435,40.245018801960825,0.014721673832338711,Low
2_200_0,62.155296,0.0076859184,-0.0020419033,0.022050131,373,0,10,0.6430318,0.350137,0.8269896,3696.0,0.6507177,0.3480951,0.84903973,4140.0,31.957455,"{""geodesic"":false,""type"":""Point"",""coordinates"":[29.303448809856643,40.26972247227412]}",29.303448809856643,40.26972247227412,0.002193880193880194,Low
2_201_0,108.732956,0.036601633,0.03756653,0.024595082,370,0,10,0.5995958,0.2970094,0.83562833,3166.0,0.63619745,0.33457595,0.8602234,3580.0,11.399026,"{""geodesic"":false,""type"":""Point"",""coordinates"":[29.30264032610094,40.268195336291114]}",29.30264032610094,40.268195336291114,0.007391119324686468,Low
2_202_0,44.497463,0.0013154487,-0.008140737,-0.0032554425,375,0,10,0.5345455,0.23831482,0.76992214,2954.0,0.5358609,0.23017408,0.76666665,3180.0,10.290431,"{""geodesic"":false,""type"":""Point"",""coordinates"":[29.28943509142438,40.246276443358596]}",29.28943509142438,40.246276443358596,0.015349069619392018,Low
2_203_0,301.3998,0.033996027,0.022923047,0.005925052,339,0,10,0.51697,0.23954985,0.7532689,3084.0,0.550966,0.2624729,0.75919396,3492.0,7.0844336,"{""geodesic"":false,""type"":""Point"",""coordinates"":[29.30371830444188,40.27071061908665]}",29.30371830444188,40.27071061908665,0.3363311398271609,Medium
2_204_0,33.227528,-0.013635357,-0.017061342,0.006628457,391,0,10,0.5402968,0.24711426,0.7497934,2647.0,0.5266614,0.2300529,0.75642186,2906.0,17.203999,"{""geodesic"":false,""type"":""Point"",""coordinates"":[29.289165596839144,40.24591711724495]}",29.289165596839144,40.24591711724495,0.02674332096763319,Low
2_205_0,155.17795,-0.00016271848,-0.02749695,-0.04360404,494,0,10,0.37947306,0.112591185,0.71540344,1754.0,0.37931034,0.08509423,0.67179936,1900.0,16.867474,"{""geodesic"":false,""type"":""Point"",""coordinates"":[29.291141890464207,40.26496140126828]}",29.291141890464207,40.26496140126828,0.07112982206745373,Low
2_206_0,100.79966,-0.016673781,-0.022326764,0.011205295,542,0,10,0.36319444,0.09116176,0.59723353,1963.0,0.34652066,0.06883499,0.6084388,1906.0,19.06354,"{""geodesic"":false,""type"":""Point"",""coordinates"":[29.29230970033356,40.26927331463205]}",29.29230970033356,40.26927331463205,0.12096418593428707,Low
2_207_0,266.2567,0.02312677,0.0064011537,0.013287767,233,0,10,0.4704068,0.22186966,0.69608676,2503.0,0.49353358,0.22827081,0.7093745,2685.0,36.6439,"{""geodesic"":false,""type"":""Point"",""coordinates"":[29.268594176832806,40.24430014973353]}",29.268594176832806,40.24430014973353,0.07399493995155573,Low
2_208_0,169.3961,-0.00825081,-0.034789354,-0.036851946,510,0,10,0.41633624,0.15374677,0.7123682,1786.0,0.40808544,0.118957415,0.67551625,1846.0,12.983572,"{""geodesic"":false,""type"":""Point"",""coordinates"":[29.289524922952793,40.26487156973987]}",29.289524922952793,40.26487156973987,0.3414990573120817,Medium
2_209_0,122.44937,0.0160744,0.01609761,0.0074787247,350,0,10,0.6631709,0.37808827,0.91205674,4044.0,0.6792453,0.39418587,0.91953546,4628.0,24.349041,"{""geodesic"":false,""type"":""Point"",""coordinates"":[29.302999652214584,40.271069945200296]}",29.302999652214584,40.271069945200296,0.029293050989258416,Low
2_210_0,138.85814,0.016173307,0.018935142,0.002327922,459,0,10,0.42278683,0.12280702,0.7406508,1792.0,0.43896013,0.14174215,0.74297875,2048.0,7.348984,"{""geodesic"":false,""type"":""Point"",""coordinates"":[29.28943509142438,40.262715613057985]}",29.28943509142438,40.262715613057985,0.17345271644182936,Low
2_211_0,36.048794,0.00048216822,-0.023887727,-0.0102852825,427,0,10,0.5602359,0.27988943,0.8127243,2778.0,0.56071806,0.2560017,0.80243903,2956.0,10.214752,"{""geodesic"":false,""type"":""Point"",""coordinates"":[29.2880876184982,40.245018801960825]}",29.2880876184982,40.245018801960825,0.030686613157158097,Low
2_212_0,52.64591,-0.007410869,-0.015119108,-0.0095315,424,0,10,0.5661119,0.27487683,0.8003478,2588.0,0.5587011,0.25975773,0.7908163,2808.0,14.938524,"{""geodesic"":false,""type"":""Point"",""coordinates"":[29.288267281555026,40.24492897043242]}",29.288267281555026,40.24492897043242,0.05406121828746264,Low
2_213_0,263.77682,0.023427734,0.0009474237,0.048396107,204,0,10,0.47417006,0.21634686,0.68438137,2076.0,0.4975978,0.21729428,0.7327775,2182.0,24.132158,"{""geodesic"":false,""type"":""Point"",""coordinates"":[29.268055187662334,40.243401834449415]}",29.268055187662334,40.243401834449415,0.44967698057783756,Medium
2_214_0,142.60413,-0.011167757,-0.027636994,-0.0068010036,472,0,10,0.47272032,0.1995028,0.74187726,1930.0,0.4615526,0.1718658,0.73507625,1991.0,13.739829,"{""geodesic"":false,""type"":""Point"",""coordinates"":[29.28907576531073,40.26334443375686]}",29.28907576531073,40.26334443375686,0.41967901532210994,Medium
2_215_0,282.1156,0.019659737,0.0050494787,0.038280334,338,0,10,0.45369285,0.2053463,0.6882233,2480.0,0.47335258,0.21039577,0.7265036,2806.0,34.766163,"{""geodesic"":false,""type"":""Point"",""coordinates"":[29.27101962809993,40.24771374781319]}",29.27101962809993,40.24771374781319,0.1166711476156007,Low
2_216_0,92.18478,0.01780598,0.015219306,0.017245231,341,0,10,0.6365105,0.33399177,0.89257354,4052.0,0.6543165,0.34921107,0.90981877,4532.0,23.007404,"{""geodesic"":false,""type"":""Point"",""coordinates"":[29.303089483742998,40.27053095602982]}",29.303089483742998,40.27053095602982,0.006177560714712419,Low
2_217_0,264.96698,-0.018478109,-0.008513275,0.029807325,289,0,10,0.50734097,0.23794213,0.7111111,2310.0,0.48886284,0.22942884,0.74091846,2540.0,28.966991,"{""geodesic"":false,""type"":""Point"",""coordinates"":[29.269941649758987,40.24699509558589]}",29.269941649758987,40.24699509558589,0.477937873076258,Medium
2_218_0,131.36162,0.024307353,-0.004975828,0.009780805,512,0,10,0.4017796,0.13714603,0.6752556,2048.0,0.42608696,0.1321702,0.6850364,2255.0,20.176025,"{""geodesic"":false,""type"":""Point"",""coordinates"":[29.292579194918797,40.26729702100699]}",29.292579194918797,40.26729702100699,0.23497004159844248,Low
2_219_0,39.818398,0.01006691,-0.018163996,-0.013508677,384,0,10,0.43905818,0.16512476,0.7535865,2078.0,0.44912508,0.14696077,0.7400778,2236.0,13.052447,"{""geodesic"":false,""type"":""Point"",""coordinates"":[29.2903334067085,40.24510863348924]}",29.2903334067085,40.24510863348924,0.10066967523239259,Low
2_220_0,274.06137,-0.019082243,-0.024300726,0.0055997916,252,0,10,0.47697556,0.22287597,0.70360655,2598.0,0.4578933,0.19857524,0.70920634,2692.0,42.43493,"{""geodesic"":false,""type"":""Point"",""coordinates"":[29.26913316600328,40.24564762265971]}",29.26913316600328,40.24564762265971,0.06468545674219499,Low
2_221_0,136.37593,-0.035431482,-0.040644057,-0.04147471,493,0,10,0.4657802,0.19401084,0.7106344,1874.0,0.43034872,0.15336677,0.6691597,1897.0,13.819629,"{""geodesic"":false,""type"":""Point"",""coordinates"":[29.28988424906644,40.26442241209781]}",29.28988424906644,40.26442241209781,0.23558753294962415,Low
2_222_0,232.6569,0.01900261,0.014066037,-0.008158599,345,0,10,0.67341214,0.38806716,0.9360223,4176.0,0.69241476,0.40213317,0.92786366,4864.0,6.0930605,"{""geodesic"":false,""type"":""Point"",""coordinates"":[29.304257293612352,40.271968260484414]}",29.304257293612352,40.271968260484414,0.13077385566266642,Low
2_223_0,121.97818,-0.01869942,-0.016695468,-0.035304405,477,0,10,0.45981553,0.17538896,0.77091104,1662.0,0.44111612,0.1586935,0.7356066,1756.0,15.381378,"{""geodesic"":false,""type"":""Point"",""coordinates"":[29.288806270725495,40.26334443375686]}",29.288806270725495,40.26334443375686,0.30078526001242073,Medium
2_224_0,90.0,0.004370101,-0.0031416232,0.009178231,417,0,10,0.56931293,0.28343096,0.7493911,3232.0,0.573683,0.28028932,0.7585693,3540.0,26.010733,"{""geodesic"":false,""type"":""Point"",""coordinates"":[29.301742010816817,40.27017162991618]}",29.301742010816817,40.27017162991618,0.0790609687403711,Low
2_225_0,280.80365,0.0056569288,-0.0050884252,0.031605456,191,0,10,0.43747762,0.1829574,0.6496711,2006.0,0.44313455,0.17786896,0.6812765,2081.0,27.391563,"{""geodesic"":false,""type"":""Point"",""coordinates"":[29.267785693077098,40.24349166597783]}",29.267785693077098,40.24349166597783,0.41586835733256095,Medium
2_226_0,148.33727,0.010893121,-0.0026799375,0.010134771,512,0,10,0.46148866,0.20426667,0.7041509,2258.0,0.4723818,0.20158672,0.71428573,2499.0,17.916899,"{""geodesic"":false,""type"":""Point"",""coordinates"":[29.290513069765325,40.26568005349558]}",29.290513069765325,40.26568005349558,0.3289485099379354,Medium
2_227_0,60.77051,0.018351316,0.030741664,0.0057406626,332,0,10,0.63624007,0.32210836,0.8827209,3612.0,0.6545914,0.35285002,0.88846153,3928.0,20.034761,"{""geodesic"":false,""type"":""Point"",""coordinates"":[29.304257293612352,40.267746178649055]}",29.304257293612352,40.267746178649055,0.028293698803676593,Low
2_228_0,256.44846,0.036146585,0.048100226,0.04417986,291,0,10,0.5006353,0.18485077,0.7975647,2362.0,0.5367819,0.23295099,0.84174454,2956.0,22.51419,"{""geodesic"":false,""type"":""Point"",""coordinates"":[29.269941649758987,40.247174758642714]}",29.269941649758987,40.247174758642714,0.35648746048381963,Medium
2_229_0,92.73032,0.022563305,0.015577929,0.014499925,534,0,10,0.39466807,0.10812682,0.7051555,2001.0,0.41723135,0.12370475,0.71965545,2196.0,18.769207,"{""geodesic"":false,""type"":""Point"",""coordinates"":[29.29221986880515,40.2681055047627]}",29.29221986880515,40.2681055047627,0.1359982993234184,Low
2_230_0,51.15205,0.029045895,0.027281472,0.009515627,397,0,10,0.58430135,0.2868004,0.7895541,3512.0,0.61334723,0.31408188,0.79906976,3868.0,26.12049,"{""geodesic"":false,""type"":""Point"",""coordinates"":[29.30281998915776,40.26972247227412]}",29.30281998915776,40.26972247227412,0.03781257408599599,Low
2_231_0,45.31446,0.009299309,-0.004509355,0.008696508,381,0,10,0.6224329,0.34843263,0.8237514,4108.0,0.63173217,0.34392327,0.8324479,4484.0,38.85797,"{""geodesic"":false,""type"":""Point"",""coordinates"":[29.302730157629348,40.270081798387764]}",29.302730157629348,40.270081798387764,0.004241499241499242,Low
2_232_0,138.85814,-0.025236286,-0.0502058,-0.05521016,459,0,10,0.45815152,0.19505852,0.7580105,1838.0,0.43291524,0.14485271,0.70280033,1885.0,7.348984,"{""geodesic"":false,""type"":""Point"",""coordinates"":[29.289345259895967,40.2628054445864]}",29.289345259895967,40.2628054445864,0.23762222559531263,Low
2_233_0,37.388275,0.01545623,-0.014976832,-0.0010853072,388,0,10,0.47536945,0.2128575,0.7425454,2396.0,0.49082568,0.19788067,0.74146014,2600.0,13.738488,"{""geodesic"":false,""type"":""Point"",""coordinates"":[29.290602901293735,40.244839138904005]}",29.290602901293735,40.244839138904005,0.05096236959184028,Low
2_234_0,66.24004,0.015261814,0.01965551,0.0026598775,366,0,10,0.60995114,0.29939047,0.82799494,3624.0,0.62521297,0.31904596,0.83065486,3816.0,31.075832,"{""geodesic"":false,""type"":""Point"",""coordinates"":[29.30416746208394,40.266758031836524]}",29.30416746208394,40.266758031836524,0.010444860782621693,Low
2_235_0,148.55098,0.027376316,0.008009595,0.013576986,529,0,10,0.33650255,0.06177502,0.63795257,1968.0,0.36387888,0.06978462,0.65152955,2173.0,15.887779,"{""geodesic"":false,""type"":""Point"",""coordinates"":[29.28979441753803,40.2658597165524]}",29.28979441753803,40.2658597165524,0.04481211966325258,Low
2_236_0,87.5727,0.02829494,0.028125389,-0.0065343655,342,0,10,0.43367347,0.15542763,0.7442582,2810.0,0.46196842,0.18355303,0.7377239,3008.0,20.917952,"{""geodesic"":false,""type"":""Point"",""coordinates"":[29.304347125140765,40.26909365157523]}",29.304347125140765,40.26909365157523,0.08247537778058378,Low
2_237_0,74.49289,0.0104064215,0.0040187277,-0.019356865,337,0,10,0.6519127,0.3774215,0.8947852,4124.0,0.6623191,0.38144025,0.8754283,4652.0,13.614249,"{""geodesic"":false,""type"":""Point"",""coordinates"":[29.304347125140765,40.269812303802524]}",29.304347125140765,40.269812303802524,0.011748249809054803,Low
2_238_0,174.65234,-0.005117649,-0.026658412,-0.011259497,486,0,10,0.44614238,0.17575757,0.7313699,1940.0,0.44102472,0.14909916,0.7201104,2025.0,12.823157,"{""geodesic"":false,""type"":""Point"",""coordinates"":[29.28943509142438,40.263883422927336]}",29.28943509142438,40.263883422927336,0.41487649062262055,Medium
2_239_0,121.40148,-0.00927244,-0.029179616,-0.023251211,519,0,10,0.39518413,0.13218391,0.717524,1970.0,0.3859117,0.10300429,0.69427276,2056.0,13.957997,"{""geodesic"":false,""type"":""Point"",""coordinates"":[29.29132155352103,40.26639870572287]}",29.29132155352103,40.26639870572287,0.04852199086861941,Low
2_240_0,153.24973,0.018154383,-0.0011256896,-0.008925859,525,0,10,0.40948927,0.14566445,0.6953835,2332.0,0.42764366,0.14453876,0.68645763,2528.0,13.26051,"{""geodesic"":false,""type"":""Point"",""coordinates"":[29.289974080594853,40.2658597165524]}",29.289974080594853,40.2658597165524,0.05810389473045831,Low
2_241_0,57.276882,-0.0032958337,-0.00441898,0.00027935227,391,0,10,0.54043716,0.23816845,0.7563863,2819.0,0.5371413,0.23374946,0.75666565,2866.0,25.600163,"{""geodesic"":false,""type"":""Point"",""coordinates"":[29.303089483742998,40.26711735795017]}",29.303089483742998,40.26711735795017,0.12155540188188894,Low
2_242_0,111.996315,0.022763453,0.01613654,-0.024120962,342,0,10,0.5245407,0.22574955,0.75893706,2780.0,0.54730415,0.2418861,0.7348161,3042.0,21.25486,"{""geodesic"":false,""type"":""Point"",""coordinates"":[29.304526788197588,40.268913988518406]}",29.304526788197588,40.268913988518406,0.10283318722243376,Low
2_243_0,286.62973,-0.04238261,-0.036608633,-0.02441201,205,0,10,0.5041225,0.2504284,0.6841411,2554.0,0.4617399,0.21381976,0.6597291,2512.0,26.979492,"{""geodesic"":false,""type"":""Point"",""coordinates"":[29.268414513775983,40.24510863348924]}",29.268414513775983,40.24510863348924,0.21919283645221327,Low
2_244_0,270.0,0.008314478,-0.012399459,-0.008128331,334,0,10,0.39857846,0.16088042,0.6991033,2558.0,0.40689293,0.14848095,0.69097495,2684.0,27.933033,"{""geodesic"":false,""type"":""Point"",""coordinates"":[29.270839965043105,40.246725601000655]}",29.270839965043105,40.246725601000655,0.18975387156917356,Low
2_245_0,156.4012,0.013391611,0.009700849,-0.006524256,417,0,10,0.46787304,0.1817284,0.7200359,2393.0,0.48126465,0.19142924,0.7135117,2530.0,14.840955,"{""geodesic"":false,""type"":""Point"",""coordinates"":[29.301652179288407,40.269363146160465]}",29.301652179288407,40.269363146160465,0.1912760433973206,Low
2_246_0,45.2225,0.010794041,-0.012054274,0.0042872312,398,0,10,0.5552745,0.2795005,0.79346555,3074.0,0.56606853,0.26744625,0.7977528,3360.0,16.63462,"{""geodesic"":false,""type"":""Point"",""coordinates"":[29.288716439197085,40.245737454188124]}",29.288716439197085,40.245737454188124,0.019278419667129437,Low
2_247_0,66.82779,0.018266806,0.01332684,0.02799196,362,0,10,0.6500396,0.35280752,0.84424776,4168.0,0.6683064,0.36613438,0.87223977,4748.0,43.415985,"{""geodesic"":false,""type"":""Point"",""coordinates"":[29.30290982068617,40.27026146144458]}",29.30290982068617,40.27026146144458,0.004141932141932142,Low
2_248_0,112.59746,0.006840684,-0.019671202,0.011903951,507,0,10,0.44208363,0.16403873,0.7345424,2104.0,0.4489243,0.14436753,0.74644643,2273.0,14.185329,"{""geodesic"":false,""type"":""Point"",""coordinates"":[29.291860542691502,40.26639870572287]}",29.291860542691502,40.26639870572287,0.061352870137707294,Low
2_249_0,49.85828,0.014047326,-0.0063425438,-0.0068969014,392,0,10,0.5470068,0.28098118,0.7777778,3760.0,0.5610541,0.27463862,0.7708809,3880.0,27.802904,"{""geodesic"":false,""type"":""Point"",""coordinates"":[29.302460663044112,40.26990213533094]}",29.302460663044112,40.26990213533094,0.0708748577691304,Low
2_250_0,61.892426,0.047268625,0.040293053,0.03732887,366,0,10,0.6036644,0.29517135,0.82221615,3326.0,0.650933,0.3354644,0.859545,3760.0,13.523737,"{""geodesic"":false,""type"":""Point"",""coordinates"":[29.303179315271407,40.267925841705875]}",29.303179315271407,40.267925841705875,0.0012562607192396257,Low
2_251_0,61.4093,-0.0019454039,-0.017464876,0.02130732,352,0,10,0.6544363,0.37092316,0.8434093,3720.0,0.6524909,0.3534583,0.86471665,4080.0,18.689009,"{""geodesic"":false,""type"":""Point"",""coordinates"":[29.303808135970293,40.26972247227412]}",29.303808135970293,40.26972247227412,0.0025495725011097604,Low
2_252_0,149.21826,0.003172787,-0.01225793,-0.04341932,500,0,10,0.38215816,0.10357698,0.7181598,1774.0,0.38533095,0.091319054,0.6747405,1936.0,11.709568,"{""geodesic"":false,""type"":""Point"",""coordinates"":[29.291141890464207,40.265320727381926]}",29.291141890464207,40.265320727381926,0.042091415608977695,Low
2_253_0,146.76407,0.007983576,-0.0047174236,0.0014459174,551,0,10,0.4015748,0.14102565,0.699284,2136.0,0.4095584,0.13630822,0.7007299,2330.0,6.62362,"{""geodesic"":false,""type"":""Point"",""coordinates"":[29.29087239587897,40.267476684063816]}",29.29087239587897,40.267476684063816,0.16456799350799126,Low
2_254_0,299.02573,-0.002097404,0.002780426,-0.005313167,352,0,10,0.5671035,0.2622384,0.75372946,3468.0,0.5650061,0.26501882,0.7484163,3864.0,14.944089,"{""geodesic"":false,""type"":""Point"",""coordinates"":[29.304796282782824,40.27214792354124]}",29.304796282782824,40.27214792354124,0.28984452750132245,Medium
2_255_0,137.78336,-0.014218265,-0.032587297,-0.033358824,505,0,10,0.42914817,0.16256158,0.68411034,1770.0,0.4149299,0.12997428,0.65075153,1867.0,15.862275,"{""geodesic"":false,""type"":""Point"",""coordinates"":[29.289974080594853,40.26487156973987]}",29.289974080594853,40.26487156973987,0.24716828709260297,Low
2_256_0,73.02721,0.025904208,0.02483444,0.009078469,360,0,10,0.6221802,0.31521407,0.85689557,3218.0,0.6480844,0.3400485,0.865974,3592.0,18.403282,"{""geodesic"":false,""type"":""Point"",""coordinates"":[29.30326914679982,40.26801567323429]}",29.30326914679982,40.26801567323429,0.005233592185129444,Low
2_257_0,60.77051,0.018351316,0.030741664,0.0057406626,332,0,10,0.63624007,0.32210836,0.8827209,3612.0,0.6545914,0.35285002,0.88846153,3928.0,20.034761,"{""geodesic"":false,""type"":""Point"",""coordinates"":[29.304257293612352,40.267746178649055]}",29.304257293612352,40.267746178649055,0.028293698803676593,Low
2_258_0,125.318924,0.0038384984,-0.010059994,-0.01313078,506,0,10,0.42057434,0.14068885,0.7178022,1954.0,0.42441285,0.13062885,0.70467144,2153.0,20.001745,"{""geodesic"":false,""type"":""Point"",""coordinates"":[29.29266902644721,40.26711735795017]}",29.29266902644721,40.26711735795017,0.27693651666400215,Medium
2_259_0,61.4093,-0.0019454039,-0.017464876,0.02130732,352,0,10,0.6544363,0.37092316,0.8434093,3720.0,0.6524909,0.3534583,0.86471665,4080.0,18.689009,"{""geodesic"":false,""type"":""Point"",""coordinates"":[29.303808135970293,40.26972247227412]}",29.303808135970293,40.26972247227412,0.0025495725011097604,Low
2_260_0,110.88234,-0.003597352,-0.03349378,-0.007152092,549,0,10,0.3794791,0.12517822,0.67558384,1973.0,0.37588176,0.09168444,0.66843176,2048.0,5.1898046,"{""geodesic"":false,""type"":""Point"",""coordinates"":[29.291770711163092,40.26882415698999]}",29.291770711163092,40.26882415698999,0.12192548791735511,Low
2_261_0,276.8721,0.0137626855,0.02737908,0.00519744,196,0,10,0.6460082,0.35829034,0.8480048,4608.0,0.6597709,0.38566944,0.8532022,4854.0,22.09058,"{""geodesic"":false,""type"":""Point"",""coordinates"":[29.268055187662334,40.24510863348924]}",29.268055187662334,40.24510863348924,0.12194864783773163,Low
2_262_0,55.24326,0.0220359,0.0012675369,0.021831214,402,0,10,0.58893913,0.3134066,0.79675287,2988.0,0.610975,0.31467414,0.8185841,3288.0,15.851866,"{""geodesic"":false,""type"":""Point"",""coordinates"":[29.289345259895967,40.245018801960825]}",29.289345259895967,40.245018801960825,0.017766605140193733,Low
2_263_0,64.09289,0.00022910819,-0.015712699,-0.011079517,385,0,10,0.48393378,0.21337579,0.7557604,2286.0,0.4841629,0.1976631,0.7446808,2460.0,14.539437,"{""geodesic"":false,""type"":""Point"",""coordinates"":[29.290063912123262,40.24519846501765]}",29.290063912123262,40.24519846501765,0.19010451225265218,Low
2_264_0,280.54587,-0.005667927,-0.026492307,-0.031723168,230,0,10,0.40814963,0.16111264,0.61904764,2108.0,0.4024817,0.13462034,0.58732444,2204.0,41.491737,"{""geodesic"":false,""type"":""Point"",""coordinates"":[29.26877383988963,40.24537812807448]}",29.26877383988963,40.24537812807448,0.34276950946154944,Medium
2_265_0,236.80537,0.003885934,-0.009494836,-0.0026539327,186,0,10,0.6468085,0.38626865,0.8824483,4644.0,0.65069443,0.37677383,0.87979436,4754.0,19.535213,"{""geodesic"":false,""type"":""Point"",""coordinates"":[29.267785693077098,40.24492897043242]}",29.267785693077098,40.24492897043242,0.1748360803645856,Low
2_266_0,156.403,-0.017273672,-0.027468543,-0.03053697,475,0,10,0.3806735,0.10550997,0.7021661,1886.0,0.36339983,0.07804142,0.6716291,1965.0,11.968284,"{""geodesic"":false,""type"":""Point"",""coordinates"":[29.2903334067085,40.2636139283421]}",29.2903334067085,40.2636139283421,0.04142449181236604,Low
2_267_0,170.08853,0.00047856217,-0.02184537,-0.015007229,495,0,10,0.4246772,0.1433506,0.7684773,1986.0,0.42515576,0.12150523,0.75347006,2116.0,13.847109,"{""geodesic"":false,""type"":""Point"",""coordinates"":[29.29078256435056,40.26496140126828]}",29.29078256435056,40.26496140126828,0.3039898483036305,Medium
2_268_0,159.4714,0.01843524,0.017678274,-0.0069433497,417,0,10,0.420931,0.12670156,0.67797273,2152.0,0.43936625,0.14437984,0.6710294,2362.0,13.603829,"{""geodesic"":false,""type"":""Point"",""coordinates"":[29.300125043305403,40.26927331463205]}",29.300125043305403,40.26927331463205,0.1060394871471391,Low
2_269_0,116.96227,0.017845955,7.45106e-05,-0.007656261,504,0,10,0.3663522,0.088972434,0.7055937,1738.0,0.38419816,0.08904694,0.6979374,1914.0,15.940517,"{""geodesic"":false,""type"":""Point"",""coordinates"":[29.29221986880515,40.2665783687797]}",29.29221986880515,40.2665783687797,0.08136441807366088,Low
2_270_0,64.09298,-0.0041170693,-0.01959665,-0.020369906,382,0,10,0.5335968,0.26068482,0.7950178,2522.0,0.52947974,0.24108818,0.7746479,2646.0,14.539483,"{""geodesic"":false,""type"":""Point"",""coordinates"":[29.28988424906644,40.24564762265971]}",29.28988424906644,40.24564762265971,0.058191453131998,Low
2_271_0,146.76363,0.025667518,0.022547668,0.027655615,374,0,20,0.35656098,0.10822156,0.54034436,2706.0,0.3822285,0.13076924,0.568,2940.0,15.160405,"{""geodesic"":false,""type"":""Point"",""coordinates"":[29.30281998915776,40.26855466240476]}",29.30281998915776,40.26855466240476,0.037950389251394906,Low
2_272_0,131.08984,-0.019189164,-0.028960466,-0.013448618,548,0,10,0.409611,0.13743076,0.69830644,2156.0,0.3904218,0.10847029,0.6848578,2192.0,11.146705,"{""geodesic"":false,""type"":""Point"",""coordinates"":[29.29087239587897,40.26729702100699]}",29.29087239587897,40.26729702100699,0.08727609639736704,Low
2_273_0,81.323456,-0.008693051,-0.013588045,-0.015580523,365,0,10,0.48474163,0.1919961,0.656763,3053.0,0.4760486,0.17840806,0.6411825,3220.0,23.230164,"{""geodesic"":false,""type"":""Point"",""coordinates"":[29.303538641385057,40.269363146160465]}",29.303538641385057,40.269363146160465,0.11001257083809513,Low
2_274_0,104.27138,0.0028938113,-0.0048126294,-0.0026426853,462,0,10,0.45248228,0.1746487,0.74075645,2048.0,0.4553761,0.16983606,0.7381138,2230.0,11.144533,"{""geodesic"":false,""type"":""Point"",""coordinates"":[29.28898593378232,40.262266455415926]}",29.28898593378232,40.262266455415926,0.14125958853760204,Low
2_275_0,56.270935,0.03612356,0.029052073,0.041237783,370,0,10,0.60459244,0.29707655,0.80895674,3494.0,0.64071596,0.32612863,0.8501946,3804.0,11.534099,"{""geodesic"":false,""type"":""Point"",""coordinates"":[29.30281998915776,40.267925841705875]}",29.30281998915776,40.267925841705875,0.0009784829414618479,Low
2_276_0,146.76482,0.03173455,0.015310015,0.002203755,508,0,10,0.41917226,0.14759725,0.71599656,2006.0,0.4509068,0.16290727,0.7182003,2320.0,15.160209,"{""geodesic"":false,""type"":""Point"",""coordinates"":[29.29078256435056,40.26568005349558]}",29.29078256435056,40.26568005349558,0.19778586971681936,Low
2_277_0,274.36493,0.009904892,0.010791087,0.019537289,218,0,10,0.47469366,0.19002579,0.68711907,2076.0,0.48459855,0.20081688,0.70665634,2205.0,32.54105,"{""geodesic"":false,""type"":""Point"",""coordinates"":[29.268414513775983,40.243850992091474]}",29.268414513775983,40.243850992091474,0.3342218446228692,Medium
2_278_0,86.36178,0.027698902,0.02349275,0.017636383,392,0,10,0.5740308,0.28027353,0.79494005,3370.0,0.60172975,0.30376628,0.8125765,3704.0,27.030779,"{""geodesic"":false,""type"":""Point"",""coordinates"":[29.303089483742998,40.26954280921729]}",29.303089483742998,40.26954280921729,0.03743124745196038,Low
2_279_0,54.2217,0.0046413084,-0.00061101414,0.0016444937,382,0,10,0.5739142,0.27567115,0.8051737,3053.0,0.57855546,0.27506015,0.8068182,3180.0,25.206135,"{""geodesic"":false,""type"":""Point"",""coordinates"":[29.30326914679982,40.26729702100699]}",29.30326914679982,40.26729702100699,0.057561610569216284,Low
2_280_0,288.30145,0.028150534,0.024881255,0.022430982,330,0,10,0.41742116,0.16950026,0.7255796,2270.0,0.4455717,0.19438152,0.74801064,2636.0,33.828392,"{""geodesic"":false,""type"":""Point"",""coordinates"":[29.27092979657152,40.24762391628477]}",29.27092979657152,40.24762391628477,0.16036569152951466,Low
2_281_0,230.84724,-0.00149521,-0.003683445,0.020651335,175,0,10,0.365569,0.120191485,0.6421053,1638.0,0.36407378,0.116508044,0.6627566,1701.0,22.304066,"{""geodesic"":false,""type"":""Point"",""coordinates"":[29.267516198491865,40.24232385610847]}",29.267516198491865,40.24232385610847,0.5949493592140821,High
2_282_0,146.76482,-0.008664532,-0.025382482,-0.008629612,508,0,10,0.41465175,0.14019778,0.6903838,1960.0,0.40598723,0.11481531,0.6817542,2090.0,15.160209,"{""geodesic"":false,""type"":""Point"",""coordinates"":[29.29087239587897,40.26550039043875]}",29.29087239587897,40.26550039043875,0.055086836908178706,Low
2_283_0,97.24748,-0.010623935,-0.01029664,-0.017419165,553,0,10,0.3916279,0.109463066,0.721519,1870.0,0.38100398,0.09916643,0.70409983,1912.0,7.3120136,"{""geodesic"":false,""type"":""Point"",""coordinates"":[29.291411385049443,40.267925841705875]}",29.291411385049443,40.267925841705875,0.18713708457690265,Low
2_284_0,73.64461,0.04514833,0.05821609,0.02334375,405,0,10,0.5946128,0.29375342,0.8694737,3552.0,0.63976115,0.3519695,0.89281744,4256.0,16.036266,"{""geodesic"":false,""type"":""Point"",""coordinates"":[29.300574200947462,40.26873432546159]}",29.300574200947462,40.26873432546159,0.0006837969511236837,Low
2_285_0,100.79975,-0.0024651042,-0.012224926,-0.029255535,522,0,10,0.40834847,0.112863906,0.7294406,1940.0,0.40588334,0.10063898,0.70018506,2067.0,19.0634,"{""geodesic"":false,""type"":""Point"",""coordinates"":[29.292758857975624,40.26873432546159]}",29.292758857975624,40.26873432546159,0.13512617031632324,Low
2_286_0,112.59746,0.0026406117,-0.022496685,-0.0031969964,507,0,10,0.46891844,0.20341478,0.76663786,2044.0,0.47155905,0.1809181,0.76344085,2296.0,14.185329,"{""geodesic"":false,""type"":""Point"",""coordinates"":[29.291950374219915,40.26630887419446]}",29.291950374219915,40.26630887419446,0.1133852433793747,Low
2_287_0,281.19357,0.013556088,0.027521538,-0.059267372,212,0,10,0.40895522,0.085556574,0.6821098,2360.0,0.4225113,0.11307812,0.6228424,2515.0,30.272982,"{""geodesic"":false,""type"":""Point"",""coordinates"":[29.268504345304397,40.24537812807448]}",29.268504345304397,40.24537812807448,0.21603018299343973,Low
2_288_0,127.34445,0.031250592,0.03120357,-0.0026438027,341,0,10,0.45346063,0.16360162,0.7046886,2436.0,0.4847112,0.19480519,0.7020448,2622.0,23.121193,"{""geodesic"":false,""type"":""Point"",""coordinates"":[29.304257293612352,40.26855466240476]}",29.304257293612352,40.26855466240476,0.2317818028777559,Low
2_289_0,280.18155,-0.018644182,-0.003218355,0.008252706,271,0,10,0.44761905,0.18518518,0.698324,2432.0,0.42897487,0.18196683,0.7065767,2530.0,36.22695,"{""geodesic"":false,""type"":""Point"",""coordinates"":[29.269492492116928,40.24564762265971]}",29.269492492116928,40.24564762265971,0.15069272988966467,Low
2_290_0,127.34513,-0.007255308,-0.0412206,-0.02345416,549,0,10,0.3370319,0.081930414,0.6215307,1928.0,0.3297766,0.040709812,0.5980765,1994.0,12.050797,"{""geodesic"":false,""type"":""Point"",""coordinates"":[29.29042323823691,40.26684786336493]}",29.29042323823691,40.26684786336493,0.11253801426294963,Low
2_291_0,116.96227,0.017845955,7.45106e-05,-0.007656261,504,0,10,0.3663522,0.088972434,0.7055937,1738.0,0.38419816,0.08904694,0.6979374,1914.0,15.940517,"{""geodesic"":false,""type"":""Point"",""coordinates"":[29.29221986880515,40.2665783687797]}",29.29221986880515,40.2665783687797,0.08136441807366088,Low
2_292_0,275.9422,-0.014590445,-0.01032877,-0.01866745,253,0,10,0.45286292,0.1976162,0.72764784,2512.0,0.43827248,0.18728743,0.70898044,2531.0,43.17353,"{""geodesic"":false,""type"":""Point"",""coordinates"":[29.269222997531692,40.24537812807448]}",29.269222997531692,40.24537812807448,0.13084381156067265,Low
2_293_0,124.14907,-0.02576049,-0.03741514,-0.026945166,462,0,10,0.41998374,0.14811166,0.7315503,1748.0,0.39422327,0.11069652,0.7046051,1786.0,12.99077,"{""geodesic"":false,""type"":""Point"",""coordinates"":[29.28907576531073,40.262715613057985]}",29.28907576531073,40.262715613057985,0.13746074960195273,Low
2_294_0,52.64591,0.0047665136,-0.023483582,0.0050748647,411,0,10,0.5597034,0.29374337,0.806872,3050.0,0.56446993,0.2702598,0.8119469,3276.0,16.35588,"{""geodesic"":false,""type"":""Point"",""coordinates"":[29.28898593378232,40.24510863348924]}",29.28898593378232,40.24510863348924,0.021096856349577753,Low
2_295_0,51.15205,0.02565637,0.015328926,0.0078005535,397,0,10,0.57467425,0.2892533,0.799434,3656.0,0.60033065,0.3045822,0.8072345,3872.0,26.12049,"{""geodesic"":false,""type"":""Point"",""coordinates"":[29.30264032610094,40.269812303802524]}",29.30264032610094,40.269812303802524,0.0374891881009227,Low
2_296_0,144.78955,0.009447819,0.012325232,-0.014362496,378,0,10,0.32953525,0.06445805,0.62715596,2217.0,0.33898306,0.07678328,0.61279345,2370.0,14.443468,"{""geodesic"":false,""type"":""Point"",""coordinates"":[29.302550494572525,40.26873432546159]}",29.302550494572525,40.26873432546159,0.07009043547422773,Low
2_297_0,105.07247,0.010928218,0.0037995775,0.027698647,532,0,10,0.4064603,0.11199787,0.7099611,2090.0,0.41738853,0.11579745,0.7376598,2209.0,20.480938,"{""geodesic"":false,""type"":""Point"",""coordinates"":[29.29213003727674,40.26783601017746]}",29.29213003727674,40.26783601017746,0.1237614726559603,Low
2_298_0,243.87213,0.01514781,-0.002377817,-0.0028517414,365,0,10,0.44397843,0.16537717,0.6411304,2410.0,0.45912623,0.16299936,0.63827866,2722.0,18.305803,"{""geodesic"":false,""type"":""Point"",""coordinates"":[29.304616619726,40.27089028214347]}",29.304616619726,40.27089028214347,0.3408402166229632,Medium
2_299_0,132.47865,0.013066344,-0.0009711359,-0.0320859,527,0,10,0.39271256,0.11537422,0.6800977,2064.0,0.40577888,0.114403084,0.6480118,2238.0,23.338858,"{""geodesic"":false,""type"":""Point"",""coordinates"":[29.291950374219915,40.26729702100699]}",29.291950374219915,40.26729702100699,0.28272534175093217,Medium
2_300_0,127.34536,-0.029034527,-0.050250605,-0.04681924,527,0,10,0.37631184,0.11951219,0.64442456,1836.0,0.3472773,0.06926159,0.5976053,1868.0,17.75628,"{""geodesic"":false,""type"":""Point"",""coordinates"":[29.290962227407384,40.26630887419446]}",29.290962227407384,40.26630887419446,0.1216099176763408,Low
2_301_0,146.76482,0.020391617,0.009467575,-0.008867512,508,0,10,0.4221589,0.14910765,0.6958369,1996.0,0.4425505,0.15857524,0.68696934,2285.0,15.160209,"{""geodesic"":false,""type"":""Point"",""coordinates"":[29.29087239587897,40.265590221967166]}",29.29087239587897,40.265590221967166,0.13645669812170774,Low
2_302_0,45.31446,-0.0016839586,-0.020985838,-0.018522624,381,0,10,0.59525824,0.30992526,0.7777778,3768.0,0.5935743,0.28893942,0.7592552,3968.0,38.85797,"{""geodesic"":false,""type"":""Point"",""coordinates"":[29.30264032610094,40.270081798387764]}",29.30264032610094,40.270081798387764,0.05718338501248071,Low
2_303_0,146.76514,0.011612454,0.007552911,0.020700762,483,0,10,0.42211837,0.13592535,0.69860464,1826.0,0.43373084,0.14347826,0.7193054,2104.0,17.205357,"{""geodesic"":false,""type"":""Point"",""coordinates"":[29.291052058935794,40.26478173821146]}",29.291052058935794,40.26478173821146,0.2986464514690074,Medium
2_304_0,37.629288,0.034927137,0.023399618,0.033734903,372,0,10,0.626703,0.328635,0.8270849,3582.0,0.66163015,0.35203463,0.8608198,3904.0,19.16104,"{""geodesic"":false,""type"":""Point"",""coordinates"":[29.302999652214584,40.26783601017746]}",29.302999652214584,40.26783601017746,0.0018458687974060562,Low
2_305_0,121.40075,0.008561091,0.016353624,-0.00970351,332,0,10,0.43011057,0.147929,0.7006069,2522.0,0.43867168,0.16428262,0.69090337,2686.0,20.447067,"{""geodesic"":false,""type"":""Point"",""coordinates"":[29.30407763055553,40.26846483087635]}",29.30407763055553,40.26846483087635,0.1358753416317708,Low
2_306_0,113.99438,0.0073346114,-0.033071473,-0.007993493,513,0,10,0.4498283,0.18122475,0.7649791,1900.0,0.45716292,0.14815328,0.7569856,2075.0,15.570785,"{""geodesic"":false,""type"":""Point"",""coordinates"":[29.291770711163092,40.26630887419446]}",29.291770711163092,40.26630887419446,0.2648885367411983,Medium
2_307_0,121.400955,0.0041789017,-0.011067088,-0.026511513,547,0,10,0.39303482,0.10236221,0.6759299,1960.0,0.39721373,0.091295116,0.64941835,2056.0,13.958199,"{""geodesic"":false,""type"":""Point"",""coordinates"":[29.291591048106266,40.26765634712064]}",29.291591048106266,40.26765634712064,0.08446838588881168,Low
2_308_0,133.64548,0.001141323,-0.0024738293,-0.017672367,510,0,10,0.4950189,0.21462461,0.75625503,2176.0,0.4961602,0.21215078,0.7385827,2484.0,19.382336,"{""geodesic"":false,""type"":""Point"",""coordinates"":[29.29221986880515,40.26684786336493]}",29.29221986880515,40.26684786336493,0.33497586458921996,Medium
2_309_0,49.85828,0.014047326,-0.0063425438,-0.0068969014,392,0,10,0.5470068,0.28098118,0.7777778,3760.0,0.5610541,0.27463862,0.7708809,3880.0,27.802904,"{""geodesic"":false,""type"":""Point"",""coordinates"":[29.302460663044112,40.26990213533094]}",29.302460663044112,40.26990213533094,0.0708748577691304,Low
2_310_0,105.243484,0.005439548,-0.00083830964,0.008635746,519,0,10,0.37905777,0.103797466,0.6568,2071.0,0.3844973,0.102959156,0.66543573,2255.0,17.110676,"{""geodesic"":false,""type"":""Point"",""coordinates"":[29.292758857975624,40.268195336291114]}",29.292758857975624,40.268195336291114,0.041768703336393195,Low
2_311_0,214.75504,-0.0005256179,-0.014593634,-0.017582648,357,0,10,0.50372845,0.23141713,0.7529976,2924.0,0.50320286,0.2168235,0.735415,3168.0,18.518164,"{""geodesic"":false,""type"":""Point"",""coordinates"":[29.30470645125441,40.27062078755824]}",29.30470645125441,40.27062078755824,0.30424314865202146,Medium
2_312_0,58.935402,0.005807223,0.0004935935,0.01669111,374,0,10,0.6378098,0.34469053,0.8368455,3552.0,0.64361703,0.34518412,0.8535366,3708.0,25.200314,"{""geodesic"":false,""type"":""Point"",""coordinates"":[29.30326914679982,40.26756651559223]}",29.30326914679982,40.26756651559223,0.00316990416990417,Low
2_313_0,256.44846,0.02146976,0.030828191,0.032225855,291,0,10,0.58696795,0.30032292,0.8504902,3020.0,0.6084377,0.33115113,0.88271606,3660.0,22.51419,"{""geodesic"":false,""type"":""Point"",""coordinates"":[29.270031481287397,40.24726459017113]}",29.270031481287397,40.24726459017113,0.24030391753720745,Low
2_314_0,125.318924,0.023431515,0.0037733673,-0.018801166,506,0,10,0.4624374,0.19574119,0.72440946,2190.0,0.4858689,0.19951457,0.7056083,2471.0,20.001745,"{""geodesic"":false,""type"":""Point"",""coordinates"":[29.292758857975624,40.26729702100699]}",29.292758857975624,40.26729702100699,0.29093729465871077,Medium
2_315_0,274.06137,-0.004734975,-0.0011240575,-0.030290877,252,0,10,0.4801762,0.23105106,0.73419356,2688.0,0.47544125,0.229927,0.70390266,2696.0,42.43493,"{""geodesic"":false,""type"":""Point"",""coordinates"":[29.269043334474866,40.24546795960289]}",29.269043334474866,40.24546795960289,0.09892028436997326,Low
2_316_0,105.24361,0.012942997,0.0064492445,0.003417869,516,0,10,0.34809265,0.06785377,0.6644239,1979.0,0.36103565,0.074303016,0.66784173,2129.0,17.110552,"{""geodesic"":false,""type"":""Point"",""coordinates"":[29.292758857975624,40.26783601017746]}",29.292758857975624,40.26783601017746,0.043546469121957886,Low
2_317_0,63.86338,0.014440426,0.00046735804,0.0006721172,407,0,10,0.56486,0.2958945,0.7896592,3046.0,0.5793004,0.29636183,0.79033136,3296.0,18.30049,"{""geodesic"":false,""type"":""Point"",""coordinates"":[29.289345259895967,40.244839138904005]}",29.289345259895967,40.244839138904005,0.058772854965540966,Low
2_318_0,133.2021,0.021951633,0.008431605,0.032068625,529,0,10,0.29742765,0.02346227,0.5964392,1614.0,0.3193793,0.031893875,0.6285078,1828.0,20.72383,"{""geodesic"":false,""type"":""Point"",""coordinates"":[29.291052058935794,40.26666820030811]}",29.291052058935794,40.26666820030811,0.19109000656568348,Low
2_319_0,146.76492,-0.03152372,-0.040956564,-0.053318698,508,0,10,0.39735895,0.108923465,0.696793,1746.0,0.36583522,0.0679669,0.6434743,1807.0,17.205395,"{""geodesic"":false,""type"":""Point"",""coordinates"":[29.29024357518009,40.265320727381926]}",29.29024357518009,40.265320727381926,0.1023654160003036,Low
2_320_0,266.8792,0.00811425,-0.0010045122,0.03844291,193,0,10,0.43247345,0.18055339,0.66233766,1888.0,0.4405877,0.17954887,0.7007806,1961.0,16.559496,"{""geodesic"":false,""type"":""Point"",""coordinates"":[29.26787552460551,40.24304250833576]}",29.26787552460551,40.24304250833576,0.496057527503776,Medium
2_321_0,279.8377,0.010612198,-0.0041165072,0.0013333085,355,0,10,0.5364982,0.24174918,0.7479675,3010.0,0.54711044,0.23763266,0.7493008,3440.0,25.347857,"{""geodesic"":false,""type"":""Point"",""coordinates"":[29.304436956669175,40.27115977672871]}",29.304436956669175,40.27115977672871,0.31667694702884225,Medium
2_322_0,276.8721,-0.009496453,-0.036628723,-0.00023992913,196,0,10,0.66340935,0.44120413,0.8468957,4596.0,0.6539129,0.4045754,0.8466558,4528.0,22.09058,"{""geodesic"":false,""type"":""Point"",""coordinates"":[29.268145019190747,40.24510863348924]}",29.268145019190747,40.24510863348924,0.12194864783773163,Low
2_323_0,112.59746,0.0026406117,-0.022496685,-0.0031969964,507,0,10,0.46891844,0.20341478,0.76663786,2044.0,0.47155905,0.1809181,0.76344085,2296.0,14.185329,"{""geodesic"":false,""type"":""Point"",""coordinates"":[29.291950374219915,40.26630887419446]}",29.291950374219915,40.26630887419446,0.1133852433793747,Low
2_324_0,127.345245,-0.004579412,-0.01867959,-0.015280403,518,0,10,0.44827586,0.17746627,0.72625047,2226.0,0.44369644,0.15878668,0.7109701,2359.0,19.13215,"{""geodesic"":false,""type"":""Point"",""coordinates"":[29.291770711163092,40.26666820030811]}",29.291770711163092,40.26666820030811,0.26059130122950047,Medium
2_325_0,280.80344,0.033135105,-0.0104733845,0.0411436,258,0,10,0.38753867,0.16368128,0.64858246,2355.0,0.42067376,0.1532079,0.68972605,2467.0,37.856544,"{""geodesic"":false,""type"":""Point"",""coordinates"":[29.269043334474866,40.24492897043242]}",29.269043334474866,40.24492897043242,0.25198746091577906,Medium
2_326_0,166.59702,0.02410056,0.022779487,-0.009615992,406,0,10,0.43055555,0.14535345,0.6974691,2163.0,0.45465612,0.16813295,0.6878531,2390.0,20.10779,"{""geodesic"":false,""type"":""Point"",""coordinates"":[29.30147251623158,40.26927331463205]}",29.30147251623158,40.26927331463205,0.672672351286034,High
2_327_0,280.80365,0.012605018,-0.0011874167,0.04778812,191,0,10,0.51606137,0.2546086,0.69837254,2348.0,0.5286664,0.2534212,0.7461606,2473.0,27.391563,"{""geodesic"":false,""type"":""Point"",""coordinates"":[29.26787552460551,40.24367132903465]}",29.26787552460551,40.24367132903465,0.41123263375916663,Medium
2_328_0,70.40064,0.012614233,0.010939251,0.020622315,346,0,10,0.63028747,0.3239704,0.8343413,3488.0,0.64290166,0.33490965,0.8549636,3952.0,18.66534,"{""geodesic"":false,""type"":""Point"",""coordinates"":[29.30407763055553,40.26972247227412]}",29.30407763055553,40.26972247227412,0.0025495725011097604,Low
2_329_0,152.33499,0.025860975,0.0130803,-0.010364601,403,0,10,0.49528039,0.2108813,0.76185805,2693.0,0.52114135,0.22396159,0.75149345,2932.0,15.331453,"{""geodesic"":false,""type"":""Point"",""coordinates"":[29.300753864004285,40.268913988518406]}",29.300753864004285,40.268913988518406,0.08910665031974684,Low
2_330_0,121.40106,-0.012320972,-0.016910385,-0.03323144,506,0,10,0.50107217,0.2248469,0.75365347,2100.0,0.48875123,0.20793651,0.720422,2283.0,20.4469,"{""geodesic"":false,""type"":""Point"",""coordinates"":[29.292938521032447,40.2673868525354]}",29.292938521032447,40.2673868525354,0.39227226216624617,Medium
2_331_0,161.85814,0.01815324,0.024410894,0.0022245604,340,0,10,0.66989493,0.3826992,0.8872846,4052.0,0.6880481,0.4071101,0.88950914,4908.0,7.760275,"{""geodesic"":false,""type"":""Point"",""coordinates"":[29.303897967498703,40.27160893437077]}",29.303897967498703,40.27160893437077,0.025155968284598686,Low
2_332_0,131.08891,0.026509874,0.024462497,0.01519298,405,0,10,0.42619902,0.15856236,0.6404847,2877.0,0.4527089,0.18302487,0.6556777,3164.0,11.146908,"{""geodesic"":false,""type"":""Point"",""coordinates"":[29.302460663044112,40.26954280921729]}",29.302460663044112,40.26954280921729,0.11074028777275088,Low
2_333_0,121.40075,0.02094676,0.032238387,0.021977209,332,0,10,0.4660879,0.16792738,0.70904493,2702.0,0.48703465,0.20016576,0.7310221,2896.0,20.447067,"{""geodesic"":false,""type"":""Point"",""coordinates"":[29.30407763055553,40.26828516781952]}",29.30407763055553,40.26828516781952,0.15359047138301354,Low
2_334_0,271.90002,0.000119253695,-0.017642748,-0.01779042,366,0,10,0.49240294,0.22099447,0.6647834,2652.0,0.49252218,0.20335172,0.646993,2944.0,26.023432,"{""geodesic"":false,""type"":""Point"",""coordinates"":[29.304616619726,40.27098011367188]}",29.304616619726,40.27098011367188,0.1745467719753133,Low
2_335_0,283.55176,0.0011573534,0.008223426,0.02547234,272,0,10,0.4460575,0.17375231,0.6972937,2540.0,0.44721484,0.18197574,0.72276604,2728.0,39.65855,"{""geodesic"":false,""type"":""Point"",""coordinates"":[29.269851818230574,40.246006948773356]}",29.269851818230574,40.246006948773356,0.08299694700665823,Low
2_336_0,273.96945,0.010942771,0.0042859577,0.043894947,164,0,10,0.48974943,0.22226672,0.68711996,2289.0,0.5006922,0.22655268,0.7310149,2439.0,25.064955,"{""geodesic"":false,""type"":""Point"",""coordinates"":[29.26733653543504,40.24394082361989]}",29.26733653543504,40.24394082361989,0.36298914371611457,Medium
2_337_0,140.17432,-0.011420059,-0.0011444465,-0.013256131,453,0,10,0.4990886,0.2101236,0.7901611,2056.0,0.48766854,0.20897916,0.77690494,2262.0,13.053784,"{""geodesic"":false,""type"":""Point"",""coordinates"":[29.289614754481203,40.26253595000116]}",29.289614754481203,40.26253595000116,0.32423621477495645,Medium
2_338_0,249.94579,0.0157886,-0.008158267,0.028686667,274,0,10,0.40338165,0.17879787,0.6828385,2324.0,0.41917023,0.1706396,0.7115252,2480.0,27.441898,"{""geodesic"":false,""type"":""Point"",""coordinates"":[29.269851818230574,40.246725601000655]}",29.269851818230574,40.246725601000655,0.4671600630454566,Medium
2_339_0,121.97818,-0.030498534,-0.037348267,-0.023623416,477,0,10,0.45454547,0.17440727,0.74601644,1808.0,0.42404693,0.137059,0.722393,1821.0,15.381378,"{""geodesic"":false,""type"":""Point"",""coordinates"":[29.28898593378232,40.26325460222846]}",29.28898593378232,40.26325460222846,0.26232136380193133,Medium
2_340_0,73.02721,0.028954739,0.028841294,0.03322238,360,0,10,0.61120474,0.2991739,0.8243759,3106.0,0.6401595,0.3280152,0.8575983,3496.0,18.403282,"{""geodesic"":false,""type"":""Point"",""coordinates"":[29.303448809856643,40.267925841705875]}",29.303448809856643,40.267925841705875,0.006769539897547746,Low
2_341_0,249.11116,-0.0073466618,-0.027660746,0.0058127213,235,0,10,0.6021848,0.32679984,0.8116315,3520.0,0.59483814,0.2991391,0.8174442,3584.0,28.581736,"{""geodesic"":false,""type"":""Point"",""coordinates"":[29.26877383988963,40.24582728571654]}",29.26877383988963,40.24582728571654,0.35833434316036344,Medium
2_342_0,90.0,0.008834218,0.0033861997,0.018455755,417,0,10,0.5898266,0.311588,0.79929346,3438.0,0.5986608,0.3149742,0.8177492,3820.0,26.010733,"{""geodesic"":false,""type"":""Point"",""coordinates"":[29.301652179288407,40.27026146144458]}",29.301652179288407,40.27026146144458,0.03825445814792649,Low
2_343_0,288.30145,0.0057303603,-0.0019173808,0.011119536,330,0,10,0.40818268,0.15866388,0.71164227,2220.0,0.41391304,0.1567465,0.7227618,2439.0,33.828392,"{""geodesic"":false,""type"":""Point"",""coordinates"":[29.27092979657152,40.24753408475636]}",29.27092979657152,40.24753408475636,0.4215883903213769,Medium
2_344_0,81.7306,0.023488553,0.029086778,0.012101898,351,0,10,0.6230231,0.32360715,0.856465,3130.0,0.6465116,0.35269392,0.86856693,3540.0,24.237225,"{""geodesic"":false,""type"":""Point"",""coordinates"":[29.30371830444188,40.26801567323429]}",29.30371830444188,40.26801567323429,0.006324545824545825,Low
2_345_0,151.36359,-0.017654736,-0.043895684,-0.028002394,503,0,10,0.40872374,0.14774597,0.6956733,1744.0,0.39106902,0.10385028,0.6676709,1799.0,12.479876,"{""geodesic"":false,""type"":""Point"",""coordinates"":[29.28979441753803,40.26478173821146]}",29.28979441753803,40.26478173821146,0.08567174712603741,Low
2_346_0,174.24356,-0.015267695,-0.033956677,-0.031891685,511,0,10,0.31528664,0.054916985,0.6429637,1652.0,0.30001894,0.020960309,0.611072,1717.0,11.942485,"{""geodesic"":false,""type"":""Point"",""coordinates"":[29.289165596839144,40.265051232796694]}",29.289165596839144,40.265051232796694,0.29032031969266525,Medium
2_347_0,249.94579,-0.016370889,-0.004595427,0.00088305725,274,0,10,0.41406944,0.16678913,0.6668999,2382.0,0.39769858,0.1621937,0.66778296,2490.0,27.441898,"{""geodesic"":false,""type"":""Point"",""coordinates"":[29.269851818230574,40.24654593794383]}",29.269851818230574,40.24654593794383,0.47136157359577796,Medium
2_348_0,292.342,0.02217671,0.010987858,0.018413212,314,0,10,0.47795415,0.23781389,0.7561998,2514.0,0.50013083,0.24880174,0.774613,2866.0,30.802588,"{""geodesic"":false,""type"":""Point"",""coordinates"":[29.27057047045787,40.247444253227954]}",29.27057047045787,40.247444253227954,0.5118969840638776,High
2_349_0,270.0,0.007158059,0.0020064178,0.0063179885,335,0,10,0.4513834,0.20948617,0.71588784,2754.0,0.45854145,0.21149258,0.7222058,2920.0,29.796762,"{""geodesic"":false,""type"":""Point"",""coordinates"":[29.27092979657152,40.24681543252907]}",29.27092979657152,40.24681543252907,0.15468366815381102,Low
2_350_0,289.7581,0.013952624,0.017048344,0.04579357,227,0,10,0.41337296,0.15478936,0.6143924,2378.0,0.42732558,0.1718377,0.660186,2455.0,37.458336,"{""geodesic"":false,""type"":""Point"",""coordinates"":[29.26868400836122,40.244839138904005]}",29.26868400836122,40.244839138904005,0.28026387267844866,Medium
2_351_0,87.5727,0.019237345,0.012318096,0.0019997454,342,0,10,0.5032189,0.20102872,0.7570152,2802.0,0.5224562,0.21334681,0.75901496,3000.0,20.917952,"{""geodesic"":false,""type"":""Point"",""coordinates"":[29.304526788197588,40.26909365157523]}",29.304526788197588,40.26909365157523,0.07187866040568094,Low
2_352_0,150.67923,0.012289427,-0.00030882895,-0.0059278323,499,0,10,0.35337242,0.0820633,0.6214317,1846.0,0.36566186,0.081754476,0.61550385,2084.0,14.5703335,"{""geodesic"":false,""type"":""Point"",""coordinates"":[29.291591048106266,40.26550039043875]}",29.291591048106266,40.26550039043875,0.020783228436944103,Low
2_353_0,52.64591,0.00023393134,-0.025429873,-0.018618215,411,0,10,0.53112584,0.25706828,0.78891987,2890.0,0.53135973,0.23163842,0.77030164,3052.0,16.35588,"{""geodesic"":false,""type"":""Point"",""coordinates"":[29.28898593378232,40.24492897043242]}",29.28898593378232,40.24492897043242,0.023433040786093984,Low
2_354_0,90.0,0.014549573,0.018350547,-0.0057952935,336,0,10,0.6855615,0.39370358,0.91634244,3940.0,0.7001111,0.41205412,0.91054714,4592.0,3.6418679,"{""geodesic"":false,""type"":""Point"",""coordinates"":[29.303538641385057,40.271069945200296]}",29.303538641385057,40.271069945200296,0.01861561855142354,Low
2_355_0,121.40106,0.0018523606,-0.011743319,-0.02028807,506,0,10,0.51140064,0.23990498,0.7702416,2088.0,0.51325303,0.22816166,0.74995357,2355.0,20.4469,"{""geodesic"":false,""type"":""Point"",""coordinates"":[29.292938521032447,40.26756651559223]}",29.292938521032447,40.26756651559223,0.3227487603226247,Medium
2_356_0,127.34615,0.013435285,0.003606544,-0.012720329,485,0,10,0.41150278,0.13180602,0.7236067,1902.0,0.42493805,0.13541256,0.71088636,2157.0,12.050524,"{""geodesic"":false,""type"":""Point"",""coordinates"":[29.290513069765325,40.264332580569395]}",29.290513069765325,40.264332580569395,0.10262885046096383,Low
2_357_0,258.64227,0.008754243,-0.0025335853,0.034991417,165,0,10,0.47086126,0.18866351,0.67995286,2139.0,0.4796155,0.18612993,0.7149443,2232.0,22.342377,"{""geodesic"":false,""type"":""Point"",""coordinates"":[29.267156872378216,40.24412048667671]}",29.267156872378216,40.24412048667671,0.5764912380060165,High
2_358_0,34.46899,0.022436112,0.011245299,0.030873716,377,0,10,0.6362641,0.3354781,0.83384466,3736.0,0.6587002,0.3467234,0.8647184,3956.0,22.408113,"{""geodesic"":false,""type"":""Point"",""coordinates"":[29.30264032610094,40.267746178649055]}",29.30264032610094,40.267746178649055,0.0012741449583554847,Low
2_359_0,93.11964,0.01424924,0.0076238965,0.009484799,541,0,10,0.40807024,0.12323232,0.6713427,2085.0,0.42231947,0.13085622,0.6808275,2275.0,16.565327,"{""geodesic"":false,""type"":""Point"",""coordinates"":[29.292040205748325,40.268195336291114]}",29.292040205748325,40.268195336291114,0.13744594854585282,Low
2_360_0,52.64591,0.0047665136,-0.023483582,0.0050748647,411,0,10,0.5597034,0.29374337,0.806872,3050.0,0.56446993,0.2702598,0.8119469,3276.0,16.35588,"{""geodesic"":false,""type"":""Point"",""coordinates"":[29.28898593378232,40.24510863348924]}",29.28898593378232,40.24510863348924,0.021096856349577753,Low
2_361_0,63.038013,0.0006007519,-0.002085572,-0.0072232615,351,0,10,0.58271235,0.28183463,0.7888827,3186.0,0.5833131,0.27974907,0.78165936,3264.0,29.737167,"{""geodesic"":false,""type"":""Point"",""coordinates"":[29.303897967498703,40.267476684063816]}",29.303897967498703,40.267476684063816,0.06192772359069466,Low
2_362_0,90.0,0.016960194,0.009089291,-0.001356079,357,0,10,0.4445188,0.15583163,0.73115176,2698.0,0.461479,0.16492093,0.7297957,2836.0,15.418935,"{""geodesic"":false,""type"":""Point"",""coordinates"":[29.303808135970293,40.269183483103646]}",29.303808135970293,40.269183483103646,0.031041797736953983,Low
2_363_0,249.11116,0.007502008,-0.007148622,0.022085452,235,0,10,0.4753709,0.20884998,0.7275886,2486.0,0.48287293,0.20170137,0.7496741,2684.0,28.581736,"{""geodesic"":false,""type"":""Point"",""coordinates"":[29.268863671418043,40.24582728571654]}",29.268863671418043,40.24582728571654,0.31717066594517834,Medium
2_364_0,122.44937,0.010410493,0.015716147,0.001858736,350,0,10,0.65323335,0.35172415,0.87360597,3528.0,0.66364384,0.36744028,0.8754647,4036.0,24.349041,"{""geodesic"":false,""type"":""Point"",""coordinates"":[29.303179315271407,40.271249608257115]}",29.303179315271407,40.271249608257115,0.029293050989258416,Low
2_365_0,99.98647,0.033875976,0.018306287,-0.001933233,517,0,10,0.3301018,0.06535525,0.6670717,2058.0,0.36397776,0.083661534,0.6651385,2270.0,15.644367,"{""geodesic"":false,""type"":""Point"",""coordinates"":[29.29266902644721,40.26801567323429]}",29.29266902644721,40.26801567323429,0.041156819814097856,Low
2_366_0,157.36353,0.003808778,0.009404523,-0.00016918147,421,0,10,0.4283793,0.15075172,0.670468,2124.0,0.43218806,0.16015625,0.67029876,2376.0,21.099365,"{""geodesic"":false,""type"":""Point"",""coordinates"":[29.30102335858952,40.26954280921729]}",29.30102335858952,40.26954280921729,0.516473148382076,High
2_367_0,274.1578,0.005437673,0.0016075929,0.03819308,175,0,10,0.50851583,0.22741896,0.70887166,2480.0,0.5139535,0.22902656,0.74706477,2604.0,24.062487,"{""geodesic"":false,""type"":""Point"",""coordinates"":[29.267606030020275,40.24421031820512]}",29.267606030020275,40.24421031820512,0.21169979300724506,Low
2_368_0,95.44822,0.019346276,0.015689502,-0.0068018558,376,0,10,0.27258527,0.027754415,0.5419558,2444.0,0.29193154,0.04344392,0.535154,2642.0,27.088955,"{""geodesic"":false,""type"":""Point"",""coordinates"":[29.30326914679982,40.26909365157523]}",29.30326914679982,40.26909365157523,0.1380976982369647,Low
2_369_0,133.202,0.014100712,-0.00055781,0.0012812243,532,0,10,0.3557423,0.07317073,0.67972237,1694.0,0.369843,0.07261292,0.6810036,1876.0,20.72387,"{""geodesic"":false,""type"":""Point"",""coordinates"":[29.29132155352103,40.26702752642176]}",29.29132155352103,40.26702752642176,0.15742680804420955,Low
2_370_0,60.77051,0.018351316,0.030741664,0.0057406626,332,0,10,0.63624007,0.32210836,0.8827209,3612.0,0.6545914,0.35285002,0.88846153,3928.0,20.034761,"{""geodesic"":false,""type"":""Point"",""coordinates"":[29.30416746208394,40.267746178649055]}",29.30416746208394,40.267746178649055,0.028293698803676593,Low
2_371_0,118.59149,-0.004403444,-0.020001683,-0.032607015,512,0,10,0.49333334,0.21540965,0.7749604,2240.0,0.4889299,0.19540797,0.7423534,2421.0,18.688568,"{""geodesic"":false,""type"":""Point"",""coordinates"":[29.292758857975624,40.267476684063816]}",29.292758857975624,40.267476684063816,0.29860656925453616,Medium
2_372_0,154.52032,0.006604482,0.00011896042,-0.028001273,484,0,10,0.45283702,0.17132868,0.7106383,2010.0,0.45944148,0.17144763,0.68263704,2195.0,11.158376,"{""geodesic"":false,""type"":""Point"",""coordinates"":[29.28988424906644,40.263883422927336]}",29.28988424906644,40.263883422927336,0.33513219662759747,Medium
2_373_0,159.47295,-0.0019005602,-0.008178739,-0.0010495366,479,0,10,0.53281194,0.25048545,0.8162772,2254.0,0.5309114,0.2423067,0.8152277,2402.0,13.603697,"{""geodesic"":false,""type"":""Point"",""coordinates"":[29.28907576531073,40.2636139283421]}",29.28907576531073,40.2636139283421,0.21819572539555415,Low
2_374_0,251.64117,-0.020558378,-0.02174339,-0.03279508,256,0,10,0.43082732,0.13755459,0.68268067,2084.0,0.41026896,0.11581119,0.6498856,2163.0,27.200943,"{""geodesic"":false,""type"":""Point"",""coordinates"":[29.269492492116928,40.246276443358596]}",29.269492492116928,40.246276443358596,0.6308800914763208,High
2_375_0,66.00667,0.0162286,0.016247787,-0.0067945146,410,0,10,0.477704,0.19006686,0.7066155,3115.0,0.49393257,0.20631464,0.699821,3324.0,15.571394,"{""geodesic"":false,""type"":""Point"",""coordinates"":[29.302101336930466,40.269632640745705]}",29.302101336930466,40.269632640745705,0.04399867543169718,Low
2_376_0,112.59879,-0.012940227,-0.030778792,-0.02594682,454,0,10,0.42175856,0.14766917,0.76095986,1908.0,0.40881833,0.11689038,0.735013,1997.0,14.184567,"{""geodesic"":false,""type"":""Point"",""coordinates"":[29.28907576531073,40.26190712930227]}",29.28907576531073,40.26190712930227,0.13233578406074442,Low
2_377_0,252.18304,0.012465984,0.019061351,0.013986801,229,0,10,0.4595661,0.18039443,0.7293393,2035.0,0.47203207,0.19945578,0.74332607,2204.0,22.940092,"{""geodesic"":false,""type"":""Point"",""coordinates"":[29.268504345304397,40.24367132903465]}",29.268504345304397,40.24367132903465,0.6904426587947222,High
2_378_0,121.40106,-0.009286027,-0.036697473,-0.038658045,506,0,10,0.48562896,0.21600978,0.74332017,1990.0,0.47634295,0.1793123,0.70466214,2075.0,20.4469,"{""geodesic"":false,""type"":""Point"",""coordinates"":[29.29311818408927,40.26756651559223]}",29.29311818408927,40.26756651559223,0.5631778775578905,High
2_379_0,154.91824,-0.04251511,-0.056783322,-0.04351765,528,0,10,0.35813954,0.09431605,0.65127236,1752.0,0.31562442,0.037532732,0.6077547,1783.0,14.04832,"{""geodesic"":false,""type"":""Point"",""coordinates"":[29.29042323823691,40.26621904266605]}",29.29042323823691,40.26621904266605,0.08879298575608385,Low
2_380_0,73.02721,0.047663618,0.057177942,0.034044705,360,0,10,0.60357606,0.30200574,0.8620407,3408.0,0.6512397,0.35918367,0.8960854,3996.0,18.403282,"{""geodesic"":false,""type"":""Point"",""coordinates"":[29.30326914679982,40.2681055047627]}",29.30326914679982,40.2681055047627,0.0021792021307393897,Low
2_381_0,274.36475,0.0057647936,-0.015030445,0.0144062685,322,0,10,0.42694065,0.19303268,0.69894665,2500.0,0.43270543,0.17800224,0.7133529,2624.0,32.542217,"{""geodesic"":false,""type"":""Point"",""coordinates"":[29.270660301986283,40.24699509558589]}",29.270660301986283,40.24699509558589,0.1391623753405193,Low
2_382_0,161.85884,0.01640385,0.018276306,-0.0026631092,393,0,10,0.5554616,0.23819141,0.8009138,2759.0,0.57186544,0.2564677,0.79825073,3084.0,18.81348,"{""geodesic"":false,""type"":""Point"",""coordinates"":[29.301562347759994,40.26882415698999]}",29.301562347759994,40.26882415698999,0.2132775214407866,Low
2_383_0,64.09289,0.01328798,-0.0036890465,0.004371002,385,0,10,0.51036346,0.23507738,0.7666901,2514.0,0.5236515,0.23138833,0.7710611,2754.0,14.539437,"{""geodesic"":false,""type"":""Point"",""coordinates"":[29.28988424906644,40.245288296546065]}",29.28988424906644,40.245288296546065,0.028636560613286174,Low
2_384_0,175.59196,0.0012118886,-0.025285754,-0.0258383,470,0,10,0.3810351,0.12252964,0.65047735,1988.0,0.38224697,0.09724389,0.6246391,2110.0,15.429959,"{""geodesic"":false,""type"":""Point"",""coordinates"":[29.28979441753803,40.26343426528528]}",29.28979441753803,40.26343426528528,0.3317406649259777,Medium
2_385_0,66.67048,0.00865567,0.014813285,0.015187377,355,0,10,0.6094735,0.30644655,0.8126993,3126.0,0.6181292,0.32125986,0.8278867,3356.0,27.985806,"{""geodesic"":false,""type"":""Point"",""coordinates"":[29.30371830444188,40.26783601017746]}",29.30371830444188,40.26783601017746,0.019969018542073568,Low
2_386_0,274.1578,0.005437673,0.0016075929,0.03819308,175,0,10,0.50851583,0.22741896,0.70887166,2480.0,0.5139535,0.22902656,0.74706477,2604.0,24.062487,"{""geodesic"":false,""type"":""Point"",""coordinates"":[29.267516198491865,40.24421031820512]}",29.267516198491865,40.24421031820512,0.21169979300724506,Low
2_387_0,60.210403,-0.000720322,-0.022069564,-0.015659055,391,0,10,0.4911021,0.21064639,0.76366323,2388.0,0.49038178,0.18857682,0.74800414,2518.0,16.343618,"{""geodesic"":false,""type"":""Point"",""coordinates"":[29.28979441753803,40.245288296546065]}",29.28979441753803,40.245288296546065,0.17117025063849364,Low
2_388_0,230.84724,-0.00149521,-0.003683445,0.020651335,175,0,10,0.365569,0.120191485,0.6421053,1638.0,0.36407378,0.116508044,0.6627566,1701.0,22.304066,"{""geodesic"":false,""type"":""Point"",""coordinates"":[29.267516198491865,40.24232385610847]}",29.267516198491865,40.24232385610847,0.5949493592140821,High
2_389_0,33.227203,0.0053164144,-0.009958699,-0.025271805,382,0,10,0.42352548,0.15397082,0.7674804,2136.0,0.42884192,0.14401212,0.74220854,2264.0,13.073527,"{""geodesic"":false,""type"":""Point"",""coordinates"":[29.290692732822148,40.245018801960825]}",29.290692732822148,40.245018801960825,0.10112581513523404,Low
2_390_0,58.202705,0.0021765404,0.00036824043,0.01025564,381,0,10,0.63774884,0.32868108,0.8495698,3332.0,0.63992536,0.32904932,0.85982543,3516.0,21.770914,"{""geodesic"":false,""type"":""Point"",""coordinates"":[29.302191168458876,40.2681055047627]}",29.302191168458876,40.2681055047627,0.007347428121152714,Low
2_391_0,56.271698,-0.0014387622,-4.7088095e-05,-0.012165851,400,0,10,0.439534,0.14182402,0.6619883,2842.0,0.43809524,0.14177693,0.6498225,3020.0,22.202944,"{""geodesic"":false,""type"":""Point"",""coordinates"":[29.30228099998729,40.26990213533094]}",29.30228099998729,40.26990213533094,0.09879755862675123,Low
2_392_0,97.89834,-0.0072680963,-0.024363745,-0.019347759,513,0,10,0.42796007,0.15123634,0.71257484,2002.0,0.42069197,0.1268726,0.6932271,2125.0,13.25727,"{""geodesic"":false,""type"":""Point"",""coordinates"":[29.292938521032447,40.26846483087635]}",29.292938521032447,40.26846483087635,0.10862278052893377,Low
2_393_0,273.2361,0.018851308,-0.0049044355,0.047191672,204,0,10,0.47210836,0.21381338,0.68743616,2065.0,0.49095967,0.20890893,0.73462784,2144.0,29.834991,"{""geodesic"":false,""type"":""Point"",""coordinates"":[29.267965356133924,40.24349166597783]}",29.267965356133924,40.24349166597783,0.3700986200560907,Medium
2_394_0,161.85814,0.037079062,0.045238458,0.008020157,340,0,10,0.58749706,0.2723477,0.82869613,3352.0,0.6245761,0.31758615,0.8367163,4072.0,7.760275,"{""geodesic"":false,""type"":""Point"",""coordinates"":[29.303987799027116,40.27169876589918]}",29.303987799027116,40.27169876589918,0.028750282855144155,Low
2_395_0,35.370457,0.006092523,0.00847858,0.020530647,383,0,10,0.65099037,0.34172663,0.86081314,3730.0,0.6570829,0.3502052,0.88134384,3948.0,25.47527,"{""geodesic"":false,""type"":""Point"",""coordinates"":[29.302370831515702,40.267746178649055]}",29.302370831515702,40.267746178649055,0.0010852110852110851,Low
2_396_0,42.20834,0.013949071,-0.013511555,-0.009763404,376,0,10,0.45590737,0.19474714,0.75389665,2138.0,0.46985647,0.18123558,0.74413323,2304.0,15.860292,"{""geodesic"":false,""type"":""Point"",""coordinates"":[29.29042323823691,40.24519846501765]}",29.29042323823691,40.24519846501765,0.23508305488286899,Low
2_397_0,90.0,0.012892706,0.0039316607,-0.012778429,541,0,10,0.36632636,0.08745352,0.6846597,1974.0,0.37921906,0.09138518,0.67188126,2084.0,17.652487,"{""geodesic"":false,""type"":""Point"",""coordinates"":[29.291860542691502,40.2681055047627]}",29.291860542691502,40.2681055047627,0.09028072446559259,Low
2_398_0,105.07247,0.020998064,0.017428141,0.030817583,532,0,10,0.41098902,0.11781776,0.7051793,1926.0,0.43198708,0.1352459,0.73599684,2216.0,20.480938,"{""geodesic"":false,""type"":""Point"",""coordinates"":[29.29213003727674,40.26765634712064]}",29.29213003727674,40.26765634712064,0.19275863419120534,Low
2_399_0,41.144886,-0.0013928992,-0.006368186,-0.014089332,349,0,10,0.67083734,0.37734053,0.88818794,4340.0,0.66944444,0.37097234,0.8740986,4808.0,21.153143,"{""geodesic"":false,""type"":""Point"",""coordinates"":[29.30362847291347,40.270081798387764]}",29.30362847291347,40.270081798387764,0.002521400118654123,Low
2_400_0,105.243484,-0.014487166,-0.013928593,-0.014277792,527,0,10,0.42184457,0.12920006,0.67928076,2008.0,0.4073574,0.115271464,0.665003,2085.0,17.110676,"{""geodesic"":false,""type"":""Point"",""coordinates"":[29.292399531861975,40.26846483087635]}",29.292399531861975,40.26846483087635,0.09513341125120524,Low
2_401_0,127.343315,0.003987057,-0.0081469,-0.010431972,339,0,10,0.6898148,0.4197731,0.91852826,4380.0,0.6938019,0.4116262,0.90809625,4796.0,14.942041,"{""geodesic"":false,""type"":""Point"",""coordinates"":[29.30371830444188,40.27133943978553]}",29.30371830444188,40.27133943978553,0.030082399560294674,Low
2_402_0,112.972244,0.06500775,0.06214736,0.03975824,365,0,10,0.49966103,0.24807222,0.8288549,3318.0,0.5646688,0.3102196,0.8686131,3968.0,11.716144,"{""geodesic"":false,""type"":""Point"",""coordinates"":[29.303179315271407,40.268374999347934]}",29.303179315271407,40.268374999347934,0.022078543551998772,Low
2_403_0,32.43369,0.0050440948,-0.0057307803,0.016814739,358,0,10,0.6564706,0.3703769,0.82986766,3872.0,0.6615147,0.36464614,0.8466824,4300.0,32.330727,"{""geodesic"":false,""type"":""Point"",""coordinates"":[29.303358978328234,40.26990213533094]}",29.303358978328234,40.26990213533094,0.003798016798016798,Low
2_404_0,37.388275,0.010776171,-0.020382874,-0.023487743,388,0,10,0.49285713,0.23455575,0.7856889,2508.0,0.5036333,0.21417287,0.76220113,2690.0,13.738488,"{""geodesic"":false,""type"":""Point"",""coordinates"":[29.290513069765325,40.244839138904005]}",29.290513069765325,40.244839138904005,0.04091938400233736,Low
2_405_0,141.82187,-0.035747133,-0.053542525,-0.01974814,500,0,10,0.4404615,0.17079705,0.7020448,1748.0,0.40471435,0.117254525,0.68229663,1758.0,17.165417,"{""geodesic"":false,""type"":""Point"",""coordinates"":[29.2903334067085,40.26496140126828]}",29.2903334067085,40.26496140126828,0.168743860575415,Low
2_406_0,60.2101,0.009857548,-0.004557502,-0.00015279489,434,0,10,0.49091926,0.210801,0.7918066,2668.0,0.5007768,0.2062435,0.7916538,2898.0,11.061596,"{""geodesic"":false,""type"":""Point"",""coordinates"":[29.288357113083435,40.244569644318766]}",29.288357113083435,40.244569644318766,0.03575680746617667,Low
2_407_0,282.30264,0.032113194,0.04205065,0.04319792,212,0,10,0.44175044,0.17578973,0.64313394,2438.0,0.47386363,0.21784037,0.68633187,2594.0,31.29025,"{""geodesic"":false,""type"":""Point"",""coordinates"":[29.268414513775983,40.24465947584718]}",29.268414513775983,40.24465947584718,0.14534539081901884,Low
2_408_0,163.7623,0.0009274045,0.0027795513,-0.022014963,387,0,10,0.3297362,0.06468259,0.6911933,2218.0,0.33066362,0.06746214,0.6691783,2326.0,16.882307,"{""geodesic"":false,""type"":""Point"",""coordinates"":[29.302550494572525,40.26882415698999]}",29.302550494572525,40.26882415698999,0.2936947451809998,Medium
2_409_0,289.1342,0.0014816815,-0.007754384,-0.035453733,219,0,10,0.4038401,0.16509926,0.66108006,2230.0,0.40532178,0.15734488,0.6256263,2271.0,36.53058,"{""geodesic"":false,""type"":""Point"",""coordinates"":[29.26868400836122,40.24510863348924]}",29.26868400836122,40.24510863348924,0.3113030775078867,Medium
2_410_0,169.3953,0.009134791,-0.0023666902,-0.0103211,343,0,10,0.6668666,0.38725245,0.9198526,4168.0,0.6760014,0.38488576,0.9095315,4728.0,6.576222,"{""geodesic"":false,""type"":""Point"",""coordinates"":[29.30407763055553,40.27017162991618]}",29.30407763055553,40.27017162991618,0.07032642877451334,Low
2_411_0,86.36178,0.023399673,0.01730182,0.017825013,392,0,10,0.5720319,0.27752885,0.798175,3350.0,0.59543157,0.29483065,0.816,3632.0,27.030779,"{""geodesic"":false,""type"":""Point"",""coordinates"":[29.303179315271407,40.26954280921729]}",29.303179315271407,40.26954280921729,0.05454430912798645,Low
2_412_0,41.13428,0.024104841,0.015362883,0.013022362,394,0,10,0.49607125,0.21895006,0.73353565,2856.0,0.52017605,0.23431295,0.746558,3108.0,14.462221,"{""geodesic"":false,""type"":""Point"",""coordinates"":[29.290063912123262,40.24474930737559]}",29.290063912123262,40.24474930737559,0.013767837016621414,Low
2_413_0,55.24337,0.008309706,-0.007453085,0.00012186951,397,0,10,0.5400774,0.25750396,0.7750876,2786.0,0.5483871,0.25005087,0.7752095,3072.0,15.851908,"{""geodesic"":false,""type"":""Point"",""coordinates"":[29.28943509142438,40.24537812807448]}",29.28943509142438,40.24537812807448,0.025299327113982317,Low
2_414_0,69.11805,0.0055926475,-0.0017656501,0.0063073216,383,0,10,0.60516685,0.30898875,0.8229829,3728.0,0.6107595,0.3072231,0.8292902,4072.0,37.669914,"{""geodesic"":false,""type"":""Point"",""coordinates"":[29.302370831515702,40.27017162991618]}",29.302370831515702,40.27017162991618,0.014346397154746298,Low
2_415_0,153.24982,-0.009745776,-0.029289655,-0.0072040604,520,0,10,0.43127272,0.15764706,0.74236387,1968.0,0.42152694,0.12835741,0.7351598,2090.0,13.2605,"{""geodesic"":false,""type"":""Point"",""coordinates"":[29.290063912123262,40.265590221967166]}",29.290063912123262,40.265590221967166,0.1209595567881369,Low
2_416_0,120.41255,-0.0072374144,-0.015518383,-0.026212256,468,0,10,0.39234042,0.11558132,0.69974023,1636.0,0.38510302,0.10006293,0.673528,1748.0,17.733011,"{""geodesic"":false,""type"":""Point"",""coordinates"":[29.28898593378232,40.262715613057985]}",29.28898593378232,40.262715613057985,0.21135279958356912,Low
2_417_0,132.0435,-0.0005215374,-0.016266689,-0.022860758,524,0,10,0.3688377,0.109684944,0.6474664,1902.0,0.36831617,0.093418255,0.62460566,2060.0,17.444506,"{""geodesic"":false,""type"":""Point"",""coordinates"":[29.29132155352103,40.26666820030811]}",29.29132155352103,40.26666820030811,0.09151098761751465,Low
2_418_0,261.8584,0.0023419526,-0.00096723984,-0.0027895952,357,0,10,0.6557586,0.37716508,0.9004878,3896.0,0.65810055,0.37619784,0.8976982,4452.0,18.927485,"{""geodesic"":false,""type"":""Point"",""coordinates"":[29.304347125140765,40.270800450615056]}",29.304347125140765,40.270800450615056,0.09873157460583204,Low
2_419_0,121.97818,-0.01869942,-0.016695468,-0.035304405,477,0,10,0.45981553,0.17538896,0.77091104,1662.0,0.44111612,0.1586935,0.7356066,1756.0,15.381378,"{""geodesic"":false,""type"":""Point"",""coordinates"":[29.288806270725495,40.26334443375686]}",29.288806270725495,40.26334443375686,0.30078526001242073,Medium
2_420_0,276.87216,0.01536677,-0.00017299684,0.041769173,235,0,10,0.40667328,0.1537732,0.6273648,2129.0,0.42204005,0.1536002,0.66913396,2255.0,39.067142,"{""geodesic"":false,""type"":""Point"",""coordinates"":[29.26868400836122,40.24447981279036]}",29.26868400836122,40.24447981279036,0.3250184275821603,Medium
2_421_0,150.17091,0.01602449,0.007299341,-0.0146959275,396,0,10,0.45126233,0.14966887,0.70832515,2170.0,0.46728683,0.15696822,0.6936292,2366.0,16.623499,"{""geodesic"":false,""type"":""Point"",""coordinates"":[29.30147251623158,40.26900382004682]}",29.30147251623158,40.26900382004682,0.2634054123088367,Medium
2_422_0,60.964806,-0.008460296,-0.01549709,-0.017445793,378,0,10,0.5509017,0.26500592,0.7679045,2666.0,0.54244137,0.24950884,0.7504587,2862.0,14.939833,"{""geodesic"":false,""type"":""Point"",""coordinates"":[29.290063912123262,40.24582728571654]}",29.290063912123262,40.24582728571654,0.044400880703363434,Low
2_423_0,160.3327,-0.010649773,-0.021725066,-0.031185796,500,0,10,0.49122807,0.21320249,0.76623374,2040.0,0.4805783,0.19147743,0.735048,2125.0,10.708016,"{""geodesic"":false,""type"":""Point"",""coordinates"":[29.28907576531073,40.26442241209781]}",29.28907576531073,40.26442241209781,0.361506449026215,Medium
2_424_0,112.9741,-0.0068985866,-0.041193098,-0.028906383,457,0,10,0.42174247,0.1525,0.73880243,1844.0,0.4148439,0.1113069,0.7098961,1892.0,11.715272,"{""geodesic"":false,""type"":""Point"",""coordinates"":[29.289255428367557,40.26235628694433]}",29.289255428367557,40.26235628694433,0.12278980846638743,Low
2_425_0,158.03925,-0.004944772,-0.0133056985,-0.019439878,502,0,10,0.5448536,0.26821706,0.80441177,2454.0,0.5399089,0.25491136,0.7849719,2619.0,12.784242,"{""geodesic"":false,""type"":""Point"",""coordinates"":[29.288806270725495,40.26451224362622]}",29.288806270725495,40.26451224362622,0.13376134792938352,Low
2_426_0,105.967476,0.013325054,0.005038331,0.0045922985,548,0,10,0.32580537,0.062125847,0.64009863,1996.0,0.33913043,0.06716418,0.64469093,2002.0,10.011562,"{""geodesic"":false,""type"":""Point"",""coordinates"":[29.292040205748325,40.26927331463205]}",29.292040205748325,40.26927331463205,0.1039158222861881,Low
2_427_0,141.82072,0.025912393,-0.004676525,0.035988852,554,0,10,0.3508318,0.0977918,0.61896324,1827.0,0.37674418,0.09311527,0.65495205,2072.0,5.878748,"{""geodesic"":false,""type"":""Point"",""coordinates"":[29.291052058935794,40.26783601017746]}",29.291052058935794,40.26783601017746,0.1670835507893502,Low
2_428_0,274.1578,0.0106441835,0.0061977305,0.0515164,175,0,10,0.49205378,0.20961347,0.68228805,2441.0,0.50269794,0.21581121,0.73380446,2576.0,24.062487,"{""geodesic"":false,""type"":""Point"",""coordinates"":[29.267516198491865,40.24403065514829]}",29.267516198491865,40.24403065514829,0.181641344513827,Low
2_429_0,285.8285,0.024106026,0.029483754,0.060238097,246,0,10,0.43259558,0.17755464,0.61791915,2492.0,0.4567016,0.20703839,0.67815727,2641.0,37.651215,"{""geodesic"":false,""type"":""Point"",""coordinates"":[29.26877383988963,40.244839138904005]}",29.26877383988963,40.244839138904005,0.0887821642844309,Low
2_430_0,160.33263,-0.005436067,-0.030259106,-0.021101864,505,0,10,0.4550642,0.19263373,0.73322004,2040.0,0.4496281,0.16237463,0.7121182,2144.0,10.708021,"{""geodesic"":false,""type"":""Point"",""coordinates"":[29.28907576531073,40.26469190668305]}",29.28907576531073,40.26469190668305,0.25230120751182517,Medium
2_431_0,173.76767,-0.015870046,-0.016129814,-0.029007489,462,0,10,0.43427494,0.14629741,0.76623374,1904.0,0.4184049,0.1301676,0.73722625,2023.0,11.056735,"{""geodesic"":false,""type"":""Point"",""coordinates"":[29.289614754481203,40.26307493917163]}",29.289614754481203,40.26307493917163,0.38757189933733455,Medium
2_432_0,284.95767,0.022723673,-0.0074928347,0.01944395,184,0,10,0.44752136,0.21422426,0.6698876,2117.0,0.47024503,0.20673142,0.68933153,2205.0,23.702606,"{""geodesic"":false,""type"":""Point"",""coordinates"":[29.267516198491865,40.243312002921]}",29.267516198491865,40.243312002921,0.36983954032840494,Medium
2_433_0,262.7529,0.003578265,-0.003253198,-0.012948022,344,0,10,0.6675063,0.3741567,0.90915644,3972.0,0.6710846,0.37090352,0.8962084,4476.0,14.394049,"{""geodesic"":false,""type"":""Point"",""coordinates"":[29.30407763055553,40.27160893437077]}",29.30407763055553,40.27160893437077,0.08866705913725023,Low
2_434_0,64.09289,0.005808624,-0.013014032,0.0035966747,385,0,10,0.53066516,0.26120996,0.77792645,2658.0,0.53647375,0.24819593,0.7815231,2854.0,14.539437,"{""geodesic"":false,""type"":""Point"",""coordinates"":[29.28988424906644,40.24519846501765]}",29.28988424906644,40.24519846501765,0.03275329666336454,Low
2_435_0,114.59886,0.01176234,0.016743133,-0.0017762178,373,0,20,0.24786565,0.009510869,0.5261897,2229.0,0.25962797,0.026254002,0.52441347,2404.0,19.2898,"{""geodesic"":false,""type"":""Point"",""coordinates"":[29.303448809856643,40.26882415698999]}",29.303448809856643,40.26882415698999,0.16180518385833542,Low
2_436_0,43.853706,0.008648766,0.0020386577,0.0113597205,404,0,10,0.565413,0.27784577,0.81591535,3132.0,0.57406175,0.27988443,0.8272751,3544.0,18.609695,"{""geodesic"":false,""type"":""Point"",""coordinates"":[29.288357113083435,40.245737454188124]}",29.288357113083435,40.245737454188124,0.030522683676991763,Low
2_437_0,267.2688,-0.022561183,-0.039101962,-0.029920695,268,0,10,0.46586564,0.22669104,0.74059665,2684.0,0.44330445,0.18758908,0.71067595,2708.0,34.193726,"{""geodesic"":false,""type"":""Point"",""coordinates"":[29.269851818230574,40.246276443358596]}",29.269851818230574,40.246276443358596,0.09179626859684621,Low
2_438_0,67.6642,0.0036794706,0.007857023,0.004696424,383,0,10,0.69499224,0.39770114,0.9101699,4104.0,0.6986717,0.40555817,0.9148663,4476.0,16.602947,"{""geodesic"":false,""type"":""Point"",""coordinates"":[29.30192167387364,40.26828516781952]}",29.30192167387364,40.26828516781952,0.001107077374404107,Low
2_439_0,97.89834,-0.022580944,-0.017423855,-0.022188153,513,0,10,0.44889674,0.17307417,0.71428573,2052.0,0.42631578,0.15565032,0.69209754,2168.0,13.25727,"{""geodesic"":false,""type"":""Point"",""coordinates"":[29.29311818408927,40.26828516781952]}",29.29311818408927,40.26828516781952,0.13689790369875462,Low
2_440_0,138.85814,-0.016010566,-0.038961187,-0.043101013,459,0,10,0.44039327,0.17356475,0.75712144,1758.0,0.42438272,0.13460356,0.71402043,1846.0,7.348984,"{""geodesic"":false,""type"":""Point"",""coordinates"":[29.289345259895967,40.262895276114804]}",29.289345259895967,40.262895276114804,0.20835880246583008,Low
2_441_0,112.972244,0.04150009,0.027380278,0.011590118,365,0,20,0.41996333,0.15098748,0.6602849,2710.0,0.46146342,0.17836775,0.671875,2996.0,11.716144,"{""geodesic"":false,""type"":""Point"",""coordinates"":[29.302999652214584,40.26846483087635]}",29.302999652214584,40.26846483087635,0.07100551703726503,Low
2_442_0,161.85863,0.02021635,0.014560207,0.006267556,436,0,10,0.33456677,0.06758757,0.58913165,2164.0,0.35478312,0.08214778,0.5953992,2358.0,15.245803,"{""geodesic"":false,""type"":""Point"",""coordinates"":[29.3008436955327,40.269632640745705]}",29.3008436955327,40.269632640745705,0.10067324991464037,Low
2_443_0,92.18478,0.01780598,0.015219306,0.017245231,341,0,10,0.6365105,0.33399177,0.89257354,4052.0,0.6543165,0.34921107,0.90981877,4532.0,23.007404,"{""geodesic"":false,""type"":""Point"",""coordinates"":[29.303089483742998,40.27053095602982]}",29.303089483742998,40.27053095602982,0.006177560714712419,Low
2_444_0,61.892426,0.030946115,0.02545561,0.018464379,366,0,10,0.6011853,0.29654068,0.81726456,3242.0,0.63213146,0.3219963,0.83572894,3576.0,13.523737,"{""geodesic"":false,""type"":""Point"",""coordinates"":[29.303179315271407,40.2681055047627]}",29.303179315271407,40.2681055047627,0.004643984106963013,Low
2_445_0,276.40463,-0.007101208,-0.015762117,0.012827489,215,0,10,0.4950942,0.24239679,0.7124509,2400.0,0.487993,0.22663467,0.72527844,2556.0,35.964222,"{""geodesic"":false,""type"":""Point"",""coordinates"":[29.268414513775983,40.24412048667671]}",29.268414513775983,40.24412048667671,0.12018892101353042,Low
2_446_0,29.31324,0.026223429,0.019150319,0.024633491,391,0,10,0.52470356,0.25549227,0.7529111,3086.0,0.550927,0.2746426,0.7775446,3388.0,14.5693035,"{""geodesic"":false,""type"":""Point"",""coordinates"":[29.290153743651675,40.24465947584718]}",29.290153743651675,40.24465947584718,0.013915637941882296,Low
2_447_0,270.0,-0.0012530691,-0.0034706602,-0.00045112017,322,0,10,0.42365593,0.17846017,0.7161374,2648.0,0.42240286,0.1749895,0.71568626,2800.0,27.932936,"{""geodesic"":false,""type"":""Point"",""coordinates"":[29.27048063892946,40.24645610641542]}",29.27048063892946,40.24645610641542,0.17882662247384565,Low
2_448_0,105.243484,0.015275161,0.012043961,-0.024806285,527,0,10,0.3537931,0.06684782,0.6270203,1963.0,0.36906826,0.07889179,0.60221404,2171.0,17.110676,"{""geodesic"":false,""type"":""Point"",""coordinates"":[29.292489363390388,40.268195336291114]}",29.292489363390388,40.268195336291114,0.04481010387694643,Low
2_449_0,33.227203,0.014175342,-0.018058183,-0.019000795,382,0,10,0.42237288,0.14864495,0.73675495,2098.0,0.43654823,0.13058677,0.7177542,2264.0,13.073527,"{""geodesic"":false,""type"":""Point"",""coordinates"":[29.290602901293735,40.24492897043242]}",29.290602901293735,40.24492897043242,0.10322735058278545,Low
2_450_0,156.4012,0.0071788183,-0.00073227106,-0.011402574,417,0,10,0.44618216,0.16129032,0.68820477,2358.0,0.45336097,0.16055804,0.67680216,2454.0,14.840955,"{""geodesic"":false,""type"":""Point"",""coordinates"":[29.301742010816817,40.26945297768888]}",29.301742010816817,40.26945297768888,0.15780714181295874,Low
2_451_0,148.55098,-0.0053314404,-0.033657912,-0.04672099,529,0,10,0.32962447,0.07325288,0.6107835,1912.0,0.32429305,0.039594963,0.5640625,2002.0,15.887779,"{""geodesic"":false,""type"":""Point"",""coordinates"":[29.289614754481203,40.26576988502399]}",29.289614754481203,40.26576988502399,0.06439281448714373,Low
2_452_0,293.5567,0.0032745418,-0.0003224585,0.0034780665,360,0,10,0.5143725,0.22680803,0.648855,3240.0,0.5176471,0.22648557,0.652333,3612.0,25.922098,"{""geodesic"":false,""type"":""Point"",""coordinates"":[29.304886114311234,40.272237755069646]}",29.304886114311234,40.272237755069646,0.2452599136302733,Low
2_453_0,106.97286,0.020998064,0.017428141,0.030817583,541,0,10,0.41098902,0.11781776,0.7051793,1926.0,0.43198708,0.1352459,0.73599684,2216.0,18.403217,"{""geodesic"":false,""type"":""Point"",""coordinates"":[29.292040205748325,40.26765634712064]}",29.292040205748325,40.26765634712064,0.20348841233691245,Low
2_454_0,136.37476,0.004879861,-0.007195445,-0.009263661,544,0,10,0.34297678,0.07038835,0.6880383,1764.0,0.34785664,0.063192904,0.6787746,1918.0,13.819888,"{""geodesic"":false,""type"":""Point"",""coordinates"":[29.291141890464207,40.26711735795017]}",29.291141890464207,40.26711735795017,0.07314051281373789,Low
2_455_0,49.347084,0.015305164,-0.010731596,-0.0030536456,401,0,10,0.40105262,0.1518823,0.66739744,2662.0,0.4163578,0.14115071,0.6643438,2866.0,12.605694,"{""geodesic"":false,""type"":""Point"",""coordinates"":[29.28988424906644,40.24447981279036]}",29.28988424906644,40.24447981279036,0.03257963085772049,Low
2_456_0,146.76514,-0.009087185,-0.035149883,-0.04469538,483,0,10,0.38423237,0.10793756,0.7249224,1668.0,0.37514517,0.07278768,0.68022704,1776.0,17.205357,"{""geodesic"":false,""type"":""Point"",""coordinates"":[29.291141890464207,40.26478173821146]}",29.291141890464207,40.26478173821146,0.11818354585556853,Low
2_457_0,160.33144,-0.008840957,-0.023920447,-0.012836473,413,0,10,0.43033853,0.15646796,0.6835249,2197.0,0.42149758,0.13254751,0.67068845,2354.0,20.716454,"{""geodesic"":false,""type"":""Point"",""coordinates"":[29.300933527061108,40.26909365157523]}",29.300933527061108,40.26909365157523,0.43876801958218703,Medium
2_458_0,282.30264,0.014208168,0.025943078,0.035196092,212,0,10,0.45553946,0.18528219,0.6368897,2263.0,0.46974763,0.21122526,0.67208576,2417.0,31.29025,"{""geodesic"":false,""type"":""Point"",""coordinates"":[29.26832468224757,40.24465947584718]}",29.26832468224757,40.24465947584718,0.3116651539786286,Medium
2_459_0,112.972244,0.04890041,0.048911672,0.017998323,365,0,10,0.58981746,0.29486552,0.8732315,3310.0,0.6387179,0.3437772,0.8912298,3860.0,11.716144,"{""geodesic"":false,""type"":""Point"",""coordinates"":[29.303089483742998,40.26828516781952]}",29.303089483742998,40.26828516781952,0.004482028415595557,Low
2_460_0,52.646023,-0.002389493,-0.019078216,-0.00039072047,380,0,10,0.4701766,0.19631237,0.7431845,2206.0,0.46778712,0.17723414,0.7427938,2358.0,13.502245,"{""geodesic"":false,""type"":""Point"",""coordinates"":[29.290153743651675,40.24519846501765]}",29.290153743651675,40.24519846501765,0.14434641799740955,Low
2_461_0,273.74326,0.023002127,0.0063096536,0.037799608,213,0,10,0.42804316,0.1827463,0.6311158,2317.0,0.45104527,0.18905595,0.6689154,2412.0,36.644016,"{""geodesic"":false,""type"":""Point"",""coordinates"":[29.26832468224757,40.24447981279036]}",29.26832468224757,40.24447981279036,0.25878294108238964,Medium
2_462_0,159.47295,-0.0019005602,-0.008178739,-0.0010495366,479,0,10,0.53281194,0.25048545,0.8162772,2254.0,0.5309114,0.2423067,0.8152277,2402.0,13.603697,"{""geodesic"":false,""type"":""Point"",""coordinates"":[29.28907576531073,40.2636139283421]}",29.28907576531073,40.2636139283421,0.21819572539555415,Low
2_463_0,290.2278,0.006798223,0.006297527,0.008928682,280,0,10,0.4623044,0.20290194,0.7121919,2570.0,0.46910262,0.20919947,0.72112054,2734.0,33.24335,"{""geodesic"":false,""type"":""Point"",""coordinates"":[29.26976198670216,40.245737454188124]}",29.26976198670216,40.245737454188124,0.16421889968919645,Low
2_464_0,263.03705,0.023744445,0.005233537,0.03669327,232,0,10,0.3465216,0.09725954,0.6748001,2042.0,0.37026605,0.10249308,0.7114934,2189.0,28.107954,"{""geodesic"":false,""type"":""Point"",""coordinates"":[29.268594176832806,40.24376116056306]}",29.268594176832806,40.24376116056306,0.4502062180227165,Medium
2_465_0,161.85912,0.0037721999,-0.0063374983,0.0032424955,554,0,10,0.27440906,0.03218646,0.6674137,1860.0,0.27818125,0.02584896,0.6706562,2024.0,3.8979924,"{""geodesic"":false,""type"":""Point"",""coordinates"":[29.290962227407384,40.267746178649055]}",29.290962227407384,40.267746178649055,0.21048018924372333,Low
2_466_0,121.40159,-0.010924078,-0.027652102,-0.0234541,516,0,10,0.45257843,0.17708942,0.7075032,2014.0,0.44165435,0.14943732,0.68404907,2196.0,13.957957,"{""geodesic"":false,""type"":""Point"",""coordinates"":[29.291501216577856,40.26621904266605]}",29.291501216577856,40.26621904266605,0.16188323391035675,Low
2_467_0,160.73744,0.019904595,0.008918126,-0.012480766,477,0,10,0.36287686,0.09133217,0.63485837,1876.0,0.38278145,0.1002503,0.62237763,2088.0,14.424724,"{""geodesic"":false,""type"":""Point"",""coordinates"":[29.28988424906644,40.26352409681369]}",29.28988424906644,40.26352409681369,0.048021746017702725,Low
2_468_0,49.698883,0.013733538,-0.0025654843,0.000296474,406,0,10,0.5538976,0.27238256,0.76453406,3020.0,0.5676311,0.26981708,0.7648305,3332.0,14.050961,"{""geodesic"":false,""type"":""Point"",""coordinates"":[29.288896102253908,40.245288296546065]}",29.288896102253908,40.245288296546065,0.013452583649623888,Low
2_469_0,121.40117,-0.013067354,-0.026788527,-0.035455283,551,0,10,0.39703903,0.13133515,0.6823339,2076.0,0.3839717,0.10454662,0.6468786,2150.0,7.084161,"{""geodesic"":false,""type"":""Point"",""coordinates"":[29.290513069765325,40.26711735795017]}",29.290513069765325,40.26711735795017,0.14489606371231215,Low
2_470_0,113.99438,0.018281776,0.008573497,-0.015186148,513,0,10,0.46867344,0.19680548,0.7749577,2098.0,0.4869552,0.20537898,0.7597715,2465.0,15.570785,"{""geodesic"":false,""type"":""Point"",""coordinates"":[29.291591048106266,40.26630887419446]}",29.291591048106266,40.26630887419446,0.1690139367957032,Low
2_471_0,73.02721,0.025904208,0.02483444,0.009078469,360,0,10,0.6221802,0.31521407,0.85689557,3218.0,0.6480844,0.3400485,0.865974,3592.0,18.403282,"{""geodesic"":false,""type"":""Point"",""coordinates"":[29.30326914679982,40.26801567323429]}",29.30326914679982,40.26801567323429,0.005233592185129444,Low
2_472_0,35.370457,0.005204251,0.007239156,0.015517404,383,0,10,0.66436094,0.36236933,0.86212647,3910.0,0.6695652,0.3696085,0.8776438,4128.0,25.47527,"{""geodesic"":false,""type"":""Point"",""coordinates"":[29.302370831515702,40.26765634712064]}",29.302370831515702,40.26765634712064,0.0010852110852110851,Low
2_473_0,56.615616,0.010096703,0.0041556656,-0.007694,373,0,10,0.58513045,0.29165047,0.8022216,3326.0,0.5952272,0.29580614,0.7945276,3476.0,29.203295,"{""geodesic"":false,""type"":""Point"",""coordinates"":[29.30371830444188,40.26729702100699]}",29.30371830444188,40.26729702100699,0.05710201887380269,Low
2_474_0,67.6642,0.031141123,0.038887843,0.0139901675,383,0,10,0.675,0.3772068,0.9167147,4154.0,0.7061411,0.41609463,0.9307049,4848.0,16.602947,"{""geodesic"":false,""type"":""Point"",""coordinates"":[29.30192167387364,40.268374999347934]}",29.30192167387364,40.268374999347934,0.001107077374404107,Low
2_475_0,38.877068,0.005673735,-0.011544201,-0.0036484406,386,0,10,0.57726467,0.30863157,0.79549396,3108.0,0.5829384,0.29708737,0.7918455,3340.0,15.126553,"{""geodesic"":false,""type"":""Point"",""coordinates"":[29.28943509142438,40.24591711724495]}",29.28943509142438,40.24591711724495,0.015808288264985076,Low
2_476_0,64.83997,0.007886402,-0.016617853,-0.009260831,375,0,10,0.5120906,0.25126645,0.77251524,2470.0,0.51997703,0.23464862,0.7632544,2644.0,16.940998,"{""geodesic"":false,""type"":""Point"",""coordinates"":[29.29024357518009,40.24546795960289]}",29.29024357518009,40.24546795960289,0.06917673195396526,Low
2_477_0,203.59906,0.02314002,0.022644673,-0.008720442,343,0,10,0.6526946,0.3747302,0.92334497,4140.0,0.67583466,0.39737487,0.9146245,4844.0,14.840983,"{""geodesic"":false,""type"":""Point"",""coordinates"":[29.304347125140765,40.27017162991618]}",29.304347125140765,40.27017162991618,0.12034151100571185,Low
2_478_0,156.40102,-0.0031226447,-0.028430538,-0.007596695,337,0,10,0.5962704,0.30612245,0.8478144,3424.0,0.59314775,0.2776919,0.84021765,3720.0,6.0502276,"{""geodesic"":false,""type"":""Point"",""coordinates"":[29.304526788197588,40.26999196685935]}",29.304526788197588,40.26999196685935,0.09072221426756615,Low
2_479_0,127.34513,-0.0040769526,-0.011944652,-0.027389046,549,0,10,0.34989044,0.07943925,0.676951,1848.0,0.34581348,0.0674946,0.64956194,1977.0,12.050797,"{""geodesic"":false,""type"":""Point"",""coordinates"":[29.290513069765325,40.26684786336493]}",29.290513069765325,40.26684786336493,0.10988684092130005,Low
2_480_0,127.34626,0.015236997,-0.0055358256,-0.0050719883,482,0,10,0.42215216,0.13817035,0.7463698,1804.0,0.43738914,0.13263452,0.7412978,2026.0,12.050493,"{""geodesic"":false,""type"":""Point"",""coordinates"":[29.290513069765325,40.26406308598416]}",29.290513069765325,40.26406308598416,0.1820117035337103,Low
2_481_0,121.40075,0.038015496,0.04287752,0.012519931,332,0,10,0.53247464,0.23771581,0.7928823,2796.0,0.5704901,0.28059334,0.8054023,3108.0,20.447067,"{""geodesic"":false,""type"":""Point"",""coordinates"":[29.304257293612352,40.26828516781952]}",29.304257293612352,40.26828516781952,0.1455557406229817,Low
2_482_0,93.11964,0.008365392,0.00754958,0.0147047145,533,0,10,0.36922517,0.08316547,0.6443862,1882.0,0.37759057,0.09071505,0.65909094,2044.0,16.565327,"{""geodesic"":false,""type"":""Point"",""coordinates"":[29.29230970033356,40.268195336291114]}",29.29230970033356,40.268195336291114,0.052210622280458974,Low
2_483_0,46.98794,-0.0013201598,-0.0069209095,-0.0075392523,406,0,10,0.60287696,0.31119984,0.82883936,3120.0,0.6015568,0.3042789,0.82130015,3292.0,14.629738,"{""geodesic"":false,""type"":""Point"",""coordinates"":[29.289255428367557,40.24510863348924]}",29.289255428367557,40.24510863348924,0.01797127846002387,Low
2_484_0,60.210403,0.017000113,0.00121271,0.008674161,391,0,10,0.5121221,0.23732549,0.76150626,2526.0,0.52912223,0.2385382,0.77018046,2796.0,16.343618,"{""geodesic"":false,""type"":""Point"",""coordinates"":[29.28979441753803,40.24519846501765]}",29.28979441753803,40.24519846501765,0.04470065027413212,Low
2_485_0,277.7614,-0.00026304554,-0.020526871,0.019629829,334,0,10,0.42087746,0.19582379,0.70021725,2348.0,0.42061442,0.17529692,0.7198471,2474.0,30.935598,"{""geodesic"":false,""type"":""Point"",""coordinates"":[29.270750133514692,40.24726459017113]}",29.270750133514692,40.24726459017113,0.3241864823557848,Medium
2_486_0,149.2191,0.014378314,0.020048825,-0.029217001,463,0,10,0.41167253,0.119254656,0.75462514,1802.0,0.42605084,0.13930348,0.72540814,2061.0,11.709471,"{""geodesic"":false,""type"":""Point"",""coordinates"":[29.289524922952793,40.26307493917163]}",29.289524922952793,40.26307493917163,0.16361872156275403,Low
2_487_0,56.270935,0.0173213,0.012254796,0.034189496,370,0,10,0.6171471,0.3083516,0.817779,3282.0,0.6344684,0.3206064,0.8519685,3528.0,11.534099,"{""geodesic"":false,""type"":""Point"",""coordinates"":[29.30264032610094,40.2681055047627]}",29.30264032610094,40.2681055047627,0.004421761884740792,Low
2_488_0,251.043,0.014658093,0.0011757396,0.03900635,215,0,10,0.44268405,0.18675253,0.6666667,1935.0,0.45734215,0.18792827,0.70567304,2037.0,24.154896,"{""geodesic"":false,""type"":""Point"",""coordinates"":[29.26823485071916,40.24322217139259]}",29.26823485071916,40.24322217139259,0.6542065930057197,High
2_489_0,261.8584,0.0023419526,-0.00096723984,-0.0027895952,357,0,10,0.6557586,0.37716508,0.9004878,3896.0,0.65810055,0.37619784,0.8976982,4452.0,18.927485,"{""geodesic"":false,""type"":""Point"",""coordinates"":[29.304347125140765,40.270800450615056]}",29.304347125140765,40.270800450615056,0.09873157460583204,Low
2_490_0,127.345245,0.010470614,-0.012163926,-0.01302677,518,0,10,0.40888423,0.13978495,0.7053345,2014.0,0.41935483,0.12762102,0.6923077,2178.0,19.13215,"{""geodesic"":false,""type"":""Point"",""coordinates"":[29.291591048106266,40.2665783687797]}",29.291591048106266,40.2665783687797,0.22448449992203015,Low
2_491_0,63.038013,0.00448919,0.0034162987,0.005502382,351,0,10,0.58984375,0.29180717,0.79839826,3256.0,0.59433293,0.29522347,0.8039006,3376.0,29.737167,"{""geodesic"":false,""type"":""Point"",""coordinates"":[29.303808135970293,40.2673868525354]}",29.303808135970293,40.2673868525354,0.052212094777141574,Low
2_492_0,90.0,-0.0047572185,-0.0077538867,-0.0010382502,549,0,10,0.44973025,0.17565955,0.68657285,2217.0,0.44497305,0.16790566,0.6855346,2278.0,14.2830515,"{""geodesic"":false,""type"":""Point"",""coordinates"":[29.29168087963468,40.26801567323429]}",29.29168087963468,40.26801567323429,0.19080821871800607,Low
2_493_0,152.33499,0.02021577,0.017323311,-0.021247298,384,0,20,0.3207704,0.067293696,0.6150457,2383.0,0.34098616,0.08461701,0.59379846,2570.0,20.07966,"{""geodesic"":false,""type"":""Point"",""coordinates"":[29.30290982068617,40.268913988518406]}",29.30290982068617,40.268913988518406,0.1324124360556491,Low
2_494_0,90.0,0.043117333,0.06267096,0.037373465,329,0,10,0.5958279,0.28274995,0.85342216,3060.0,0.6389452,0.3454209,0.89079565,3636.0,16.542057,"{""geodesic"":false,""type"":""Point"",""coordinates"":[29.30416746208394,40.2681055047627]}",29.30416746208394,40.2681055047627,0.06246291848721514,Low
2_495_0,143.94348,-0.019094659,-0.03445284,-0.03832743,488,0,10,0.4164777,0.15039901,0.709854,1874.0,0.39738303,0.11594618,0.6715266,1949.0,10.215734,"{""geodesic"":false,""type"":""Point"",""coordinates"":[29.290063912123262,40.264152917512575]}",29.290063912123262,40.264152917512575,0.06609418724754622,Low
2_496_0,272.57083,0.02217102,0.0010019714,0.047762375,173,0,10,0.49819097,0.2254246,0.70467156,2381.0,0.520362,0.22642657,0.75243396,2520.0,19.844257,"{""geodesic"":false,""type"":""Point"",""coordinates"":[29.267606030020275,40.244389981261946]}",29.267606030020275,40.244389981261946,0.3178676367048192,Medium
2_497_0,159.99585,0.015636401,0.0077855703,-0.017574532,396,0,10,0.39125243,0.12655626,0.6551234,2330.0,0.4068888,0.13434184,0.63754886,2512.0,17.228045,"{""geodesic"":false,""type"":""Point"",""coordinates"":[29.302460663044112,40.269183483103646]}",29.302460663044112,40.269183483103646,0.13679269008541362,Low
2_498_0,56.805164,0.022303117,-0.00058110117,-0.0014387332,398,0,10,0.5035611,0.23403335,0.78125,2850.0,0.5258642,0.23345225,0.77981126,3112.0,10.059847,"{""geodesic"":false,""type"":""Point"",""coordinates"":[29.2903334067085,40.244569644318766]}",29.2903334067085,40.244569644318766,0.013793558912295525,Low
2_499_0,47.521584,0.015979096,0.027472973,0.0114561925,329,0,10,0.6523057,0.3465067,0.9013453,3816.0,0.6682848,0.3739797,0.9128015,4124.0,8.184425,"{""geodesic"":false,""type"":""Point"",""coordinates"":[29.304347125140765,40.267746178649055]}",29.304347125140765,40.267746178649055,0.06646576286505952,Low
